{"parameters":{"pair0029":{"<":{"γ":0.01379851789190667,"b₂":-9.210340371976182,"λ₁":1.517966511508499,"λ₂":-9.210340371976182,"a₁":-9.210340371976182,"a₂":-3.961599385560648,"b₁":-9.210340371976182},"^":{"γ":-9.210340371976182,"b₂":9.210340371976185,"λ₁":-9.210340371976182,"λ₂":9.210340371976185,"a₁":-3.085164299989506,"a₂":9.210340371976185,"b₁":-9.210340371976182},">":{"γ":9.210340371976185,"b₂":-9.117472542905068,"λ₁":-9.192565859634964,"λ₂":1.8360295114252825,"a₁":-9.159179306048472,"a₂":-8.12943576685994,"b₁":-9.193099770341625}},"pair0027":{"<":{"γ":9.210340371976185,"b₂":-9.210340371976182,"λ₁":5.7823638645999935,"λ₂":-9.210340371976182,"a₁":2.8053487803363453,"a₂":-9.13804314693254,"b₁":3.012329406518168},"^":{"γ":-2.782996393607017,"b₂":9.201460915515247,"λ₁":-9.209649920943177,"λ₂":9.169466424780522,"a₁":-7.786497066074183,"a₂":9.210340371976185,"b₁":-9.210340371976182},">":{"γ":-0.2565093164888079,"b₂":-4.3504628161326195,"λ₁":-9.209135073859278,"λ₂":2.387188837793042,"a₁":-0.37727444951674016,"a₂":-8.598249086306469,"b₁":-9.210340371976182}},"pair0028":{"<":{"γ":-1.3369954357187206,"b₂":-7.898266384902997,"λ₁":-0.6225048023347295,"λ₂":-6.516509045041399,"a₁":-0.8827453121009672,"a₂":-9.210340371976182,"b₁":-3.261821423589028},"^":{"γ":-9.210340371976182,"b₂":-9.210340371976182,"λ₁":-9.210340371976182,"λ₂":9.210340371976185,"a₁":-0.3124727739405557,"a₂":-9.210340371976182,"b₁":-9.210340371976182},">":{"γ":-9.210340371976182,"b₂":-9.208509451871429,"λ₁":-9.210204121326099,"λ₂":9.210340371976185,"a₁":-9.210340371976182,"a₂":-6.039073649944533,"b₁":-9.208828715532531}},"pair0030":{"<":{"γ":-2.8066194797672877,"b₂":-5.501998269541228,"λ₁":7.157198756513781,"λ₂":-1.4057108920149792,"a₁":-5.481993399085727,"a₂":-2.759259225226744,"b₁":-3.4536483846013484},"^":{"γ":0.5335601479957646,"b₂":9.208389454323799,"λ₁":-0.7008627144431472,"λ₂":2.985614263028827,"a₁":-0.26196517501731265,"a₂":2.155164162299288,"b₁":-4.105950966277626},">":{"γ":1.1614616051874727,"b₂":-0.26114968053951415,"λ₁":-0.28714968078411296,"λ₂":1.8692421895615539,"a₁":0.7755272171608638,"a₂":1.0836670332827598,"b₁":-3.9343652679268972}},"pair0026":{"<":{"γ":3.901749537467829,"b₂":-9.210340371976182,"λ₁":0.5564512230008241,"λ₂":-9.210340371976182,"a₁":0.3317701672010518,"a₂":-6.116581474523062,"b₁":-7.714283099538359},"^":{"γ":9.210340371976185,"b₂":9.203785704687482,"λ₁":-9.207422781416735,"λ₂":9.210340371976185,"a₁":-9.18374626913859,"a₂":9.204001982521687,"b₁":-9.210340371976182},">":{"γ":9.133986066974545,"b₂":-7.762109719457066,"λ₁":-9.210340371976182,"λ₂":1.1414054589065934,"a₁":-9.210340371976182,"a₂":-8.992941898182204,"b₁":-9.209695490448233}}}}