{"likelihoods":{"pair0096":{"<":2447.495234286076,"^":2514.6360831124966,">":2436.2148441838067}}}