{"parameters":{"pair0096":{"<":{"γ":0.3452766464517527,"b₂":-1.2975146631930965,"λ₁":-0.5181979172423681,"λ₂":0.2053026601429302,"a₁":0.12399628939256857,"a₂":-0.18816527626083257,"b₁":0.55399177975311},"^":{"γ":-0.6263802407396035,"b₂":-11.431349320999509,"λ₁":-0.025872599806731955,"λ₂":-13.120600024638517,"a₁":0.15498355266205976,"a₂":1.9982832206836747,"b₁":-4.891825491446188},">":{"γ":0.5813678283558126,"b₂":-0.49788132256749584,"λ₁":-1.1845453461363338,"λ₂":0.8360886674325165,"a₁":-0.0579468986403775,"a₂":0.02396557159547008,"b₁":-0.8588236288263325}}}}