{"likelihoods":{"pair0009":{"4":{"<":2427.9767355359986,"^":2459.282812124522,">":2424.119338214735},"2":{"<":2510.945763291813,"^":2626.1363027765433,">":2510.3833624956765},"3":{"<":2433.116914438628,"^":2502.135934533275,">":2429.964721697334},"5":{"<":2432.412173766154,"^":1736.71304999731,">":2443.4027265734217},"1":{"<":2625.347092129711,"^":2841.959533537284,">":2629.73705542967}},"pair0010":{"4":{"<":2463.7434073798745,"^":2491.04830273451,">":2462.1381965807573},"2":{"<":2540.9977760570196,"^":2678.031232467747,">":2556.407108899198},"3":{"<":2465.559122390221,"^":2573.375627109161,">":2465.559122390223},"5":{"<":1232.061000107909,"^":2455.3221215707513,">":1742.6535723357197},"1":{"<":2674.740352016999,"^":2836.8785281900755,">":2676.0074677828825}},"pair0008":{"4":{"<":2436.1366722229013,"^":2474.782200274622,">":2321.380229024762},"2":{"<":2417.392036610299,"^":2646.5910228207617,">":2417.392036610299},"3":{"<":2430.1828855429617,"^":2522.055792384478,">":2427.9473056529546},"5":{"<":1940.8789549605374,"^":2349.188716833247,">":2231.3204811130895},"1":{"<":2503.047204894325,"^":2845.3112809870413,">":2506.211769836862}}}}