{"parameters":{"pair0009":{"4":{"<":{"γ":-0.2934600644943828,"b₂":-1.4162928504442291,"λ₁":-0.1898207495510107,"λ₂":1.278195999712091,"a₁":1.995821107789702,"a₂":-0.04869113637309219,"b₁":0.8255245560342512},"^":{"γ":2.3939766597818917,"b₂":6.831790617889087,"λ₁":-1.2020951292750048,"λ₂":-1.6449751384010032,"a₁":0.36807600638475435,"a₂":13.815510557964274,"b₁":-1.3033508442745259},">":{"γ":8.440441978042251,"b₂":-0.36270914594743786,"λ₁":-1.3976779848637886,"λ₂":-0.3298434584001164,"a₁":-0.23289630396487482,"a₂":1.1357573594471617,"b₁":-0.3959599862974663}},"2":{"<":{"γ":0.0,"b₂":0.0,"λ₁":0.0,"λ₂":0.0,"a₁":0.0,"a₂":0.0,"b₁":0.0},"^":{"γ":1.8646282629710473,"b₂":-0.7604266154550743,"λ₁":-0.3237738532995458,"λ₂":-1.8984772226473332,"a₁":0.14389270148343059,"a₂":0.3568050557854132,"b₁":-1.2460087857545563},">":{"γ":3.531291229833606,"b₂":-0.09909359748216495,"λ₁":0.6569294609968672,"λ₂":0.3973190912732143,"a₁":-0.8622946178331112,"a₂":1.4477300774712472,"b₁":-0.24644866702688617}},"3":{"<":{"γ":1.6405851741621689,"b₂":-0.86996549709818,"λ₁":-0.17565686819601645,"λ₂":0.8634493014530609,"a₁":-0.025068022743408136,"a₂":-0.1741413308781894,"b₁":-0.24220250342181515},"^":{"γ":1.2287135519252974,"b₂":-4.285466779088532,"λ₁":0.09250998205800975,"λ₂":-1.4750098521999053,"a₁":0.17365501142303152,"a₂":13.815510557964274,"b₁":-0.7587180994394807},">":{"γ":-0.18796018478817977,"b₂":-1.7765782526944243,"λ₁":-0.30751287981675546,"λ₂":0.3337109213995788,"a₁":-0.20077785886817523,"a₂":0.19925026004912816,"b₁":-0.446259780794124}},"5":{"<":{"γ":7.618802361644605,"b₂":-3.17677609810279,"λ₁":-0.6733472146200494,"λ₂":-0.5514305414820573,"a₁":0.055044057817950076,"a₂":-0.14197828547384184,"b₁":0.09733199536773363},"^":{"γ":-6.192467976863405,"b₂":5.638689442637752,"λ₁":-13.812988334377959,"λ₂":2.6895666021385374,"a₁":-0.1467677504402385,"a₂":-13.812985211527156,"b₁":-13.812741964347289},">":{"γ":-0.7462613213019704,"b₂":-1.320732276157056,"λ₁":-1.0364549802928256,"λ₂":1.0805850288438652,"a₁":-0.006278514338747598,"a₂":-0.511054775416099,"b₁":0.01580377387968035}},"1":{"<":{"γ":-0.794187274416128,"b₂":-0.8790219682078337,"λ₁":9.71765233849219,"λ₂":1.7456030868498207,"a₁":-0.8839949578717956,"a₂":-0.15449015794104426,"b₁":-0.3085657173531633},"^":{"γ":13.814572269149238,"b₂":-2.8941758637521566,"λ₁":10.591675739624414,"λ₂":11.177951220459992,"a₁":1.2079079388720722,"a₂":10.136321306555665,"b₁":1.1902187892648808},">":{"γ":0.0,"b₂":0.0,"λ₁":0.0,"λ₂":0.0,"a₁":0.0,"a₂":0.0,"b₁":0.0}}},"pair0010":{"4":{"<":{"γ":0.0,"b₂":0.0,"λ₁":0.0,"λ₂":0.0,"a₁":0.0,"a₂":0.0,"b₁":0.0},"^":{"γ":0.25394640568994653,"b₂":-0.667408485832361,"λ₁":-0.9060790616746175,"λ₂":-1.624526927639259,"a₁":0.07757814019652542,"a₂":13.81380652761069,"b₁":-0.9432361150543969},">":{"γ":0.02975612730651811,"b₂":-0.030831648980786497,"λ₁":-0.021061419361091183,"λ₂":0.23209085711497224,"a₁":0.03253989204851848,"a₂":-0.010820410520267387,"b₁":-0.058078815814104345}},"2":{"<":{"γ":0.0,"b₂":0.0,"λ₁":0.0,"λ₂":0.0,"a₁":0.0,"a₂":0.0,"b₁":0.0},"^":{"γ":0.46792306996684374,"b₂":-0.18196066711447756,"λ₁":0.4391597696311891,"λ₂":-3.1607273598007666,"a₁":-0.24800423103914326,"a₂":-0.12170055940922353,"b₁":-0.7248248743733701},">":{"γ":-0.599055441333272,"b₂":-1.8440629138417854,"λ₁":1.8161496033743987,"λ₂":-0.0807869178565177,"a₁":-7.40914502731858,"a₂":-2.022138562575986,"b₁":-13.678792835847347}},"3":{"<":{"γ":0.0,"b₂":0.0,"λ₁":0.0,"λ₂":0.0,"a₁":0.0,"a₂":0.0,"b₁":0.0},"^":{"γ":0.01927728696277775,"b₂":0.7804908732380316,"λ₁":0.13188881758070004,"λ₂":-0.7594459649364556,"a₁":0.01028146091509008,"a₂":0.053225695611564205,"b₁":-0.13094338355946888},">":{"γ":0.0,"b₂":0.0,"λ₁":0.0,"λ₂":0.0,"a₁":0.0,"a₂":0.0,"b₁":0.0}},"5":{"<":{"γ":-7.350248468024783,"b₂":5.842287938634396,"λ₁":-13.808197561849616,"λ₂":10.265860094835528,"a₁":2.364015842784408,"a₂":6.6912001889410995,"b₁":-12.522714359950482},"^":{"γ":2.435262318638628,"b₂":-11.152698607718172,"λ₁":-1.6229918163920019,"λ₂":-2.1574384832361844,"a₁":-0.08648700185111657,"a₂":-5.053125227067186,"b₁":-2.5719802084170187},">":{"γ":3.3292792896516765,"b₂":4.293072865053112,"λ₁":-8.155322354240397,"λ₂":-3.3637091287108234,"a₁":-12.139355970937059,"a₂":-13.77870133563265,"b₁":-13.77661028419109}},"1":{"<":{"γ":13.814924661765872,"b₂":-0.6388514132067264,"λ₁":11.836905459473417,"λ₂":-0.9824964707538495,"a₁":-0.3652945819234823,"a₂":-0.24175411830643334,"b₁":0.0007062357571054889},"^":{"γ":-13.761629965798864,"b₂":13.808733345130484,"λ₁":13.78624918910139,"λ₂":13.77002100855401,"a₁":13.799882829897705,"a₂":-0.4232037887137885,"b₁":13.799795701972524},">":{"γ":-13.815510557964274,"b₂":0.010369967478608189,"λ₁":0.017928431993770033,"λ₂":0.0605526842922135,"a₁":0.028098914556487387,"a₂":-0.045827823164932724,"b₁":0.027177330894410545}}},"pair0008":{"4":{"<":{"γ":0.4747420040587329,"b₂":-0.19820035787240542,"λ₁":-0.018101812256654526,"λ₂":1.2585137845525072,"a₁":0.8949558650687788,"a₂":-0.0895209055950783,"b₁":-0.24916947011609025},"^":{"γ":0.8413217232348558,"b₂":-3.790691118424128,"λ₁":-1.0174682660158094,"λ₂":-2.266429932606373,"a₁":0.06828196006835618,"a₂":-0.8479931499833615,"b₁":-0.11812061825956555},">":{"γ":-13.523362982633994,"b₂":-8.185986037541133,"λ₁":3.339014591420778,"λ₂":-0.3423158585348993,"a₁":-6.38510304462323,"a₂":-9.140541906657635,"b₁":-13.815510557964274}},"2":{"<":{"γ":0.0,"b₂":0.0,"λ₁":0.0,"λ₂":0.0,"a₁":0.0,"a₂":0.0,"b₁":0.0},"^":{"γ":0.0,"b₂":0.0,"λ₁":0.0,"λ₂":0.0,"a₁":0.0,"a₂":0.0,"b₁":0.0},">":{"γ":0.0,"b₂":0.0,"λ₁":0.0,"λ₂":0.0,"a₁":0.0,"a₂":0.0,"b₁":0.0}},"3":{"<":{"γ":0.16999414077807984,"b₂":-0.14407010939016907,"λ₁":-0.3006129604510246,"λ₂":0.19515751848583918,"a₁":-0.07189987389202912,"a₂":-0.053552017102303395,"b₁":-0.22382323597383724},"^":{"γ":-0.04757714434659199,"b₂":0.011354286430909966,"λ₁":-0.002020897973583402,"λ₂":-0.024830132566435736,"a₁":-0.03480306429026925,"a₂":-13.815510557964274,"b₁":-0.056692945670407724},">":{"γ":-2.414660319828661,"b₂":-0.07026855844507196,"λ₁":0.2469372227194171,"λ₂":0.599137974297344,"a₁":-1.3820983238335547,"a₂":-0.14041282919550113,"b₁":1.1669779619222354}},"5":{"<":{"γ":-13.808200686233013,"b₂":-2.7703587490715265,"λ₁":-6.196803071607291,"λ₂":2.6184442682066447,"a₁":-12.825446438414605,"a₂":-3.3234705710129298,"b₁":-13.815510557964274},"^":{"γ":-9.33851652183117,"b₂":7.851308802642336,"λ₁":-8.589942051420516,"λ₂":-0.3891128833154447,"a₁":-0.4030055218686375,"a₂":-13.812975285887498,"b₁":-9.591275659262337},">":{"γ":-5.480774669338761,"b₂":-13.035425155254412,"λ₁":-10.45182869487085,"λ₂":1.4451752262860431,"a₁":-2.503605483819367,"a₂":-4.615540918380251,"b₁":-13.788866644898224}},"1":{"<":{"γ":0.0,"b₂":0.0,"λ₁":0.0,"λ₂":0.0,"a₁":9.21034037197618,"a₂":0.0,"b₁":9.21034037197618},"^":{"γ":-13.807966836918082,"b₂":-13.812781731064202,"λ₁":13.804448049531718,"λ₂":13.79245810574896,"a₁":-0.20738040586137707,"a₂":-13.815510557964274,"b₁":-2.1861428319520684},">":{"γ":0.0,"b₂":0.0,"λ₁":0.0,"λ₂":0.0,"a₁":0.0,"a₂":0.0,"b₁":0.0}}}}}