{"likelihoods":{"pair0066":{"<":2304.4977788643796,"^":2362.19427327392,">":2105.3901273577894},"pair0068":{"<":-1868.7889490324123,"^":-1828.8858177303164,">":-1478.4322210027717},"pair0069":{"<":2661.072086632959,"^":2648.7677890839,">":2363.7172974963673},"pair0067":{"<":2416.342698399552,"^":2461.717607215349,">":2260.784848005591},"pair0065":{"<":2480.6986288806424,"^":2506.1173646589023,">":2213.8591843937766}}}