{"likelihoods":{"pair0099":{"<":2099.0826924751614,"^":2040.150224980691,">":2164.703833237384},"pair0097":{"<":563.4030509943727,"^":574.3517616560127,">":568.501629664096},"pair0098":{"<":153.9746229482333,"^":183.5041305700664,">":151.55881763863616},"pair0096":{"<":2395.211158523305,"^":2385.077701296866,">":2391.238290492243},"pair0100":{"<":532.6352152869404,"^":537.1439813401629,">":530.2198445296181}}}