{"parameters":{"pair0099":{"<":{"γ":-9.209358218025308,"b₂":2.789661874511326,"λ₁":-9.208934103002372,"λ₂":9.209815445224732,"a₁":-9.20858634981283,"a₂":-6.6748044319622295,"b₁":-9.20877782175197},"^":{"γ":-9.210340371976182,"b₂":9.210340371976185,"λ₁":9.210340371976185,"λ₂":-9.210340371976182,"a₁":-2.5557956805928432,"a₂":9.210340371976185,"b₁":-9.210340371976182},">":{"γ":9.17681001055646,"b₂":-9.210340371976182,"λ₁":-9.210340371976182,"λ₂":2.4898545682176128,"a₁":-3.3723296892746424,"a₂":-8.891281335213739,"b₁":-9.210340371976182}},"pair0097":{"<":{"γ":-9.14654585954447,"b₂":0.5626733172776532,"λ₁":7.9157109344209236,"λ₂":3.858119607017297,"a₁":-2.33132994670167,"a₂":0.7242567210191329,"b₁":-2.369956684881715},"^":{"γ":1.7763568394002505e-15,"b₂":1.7763568394002505e-15,"λ₁":1.7763568394002505e-15,"λ₂":1.7763568394002505e-15,"a₁":1.7763568394002505e-15,"a₂":1.7763568394002505e-15,"b₁":1.7763568394002505e-15},">":{"γ":0.6193718883266399,"b₂":-1.3421643536789336,"λ₁":0.19256600821773873,"λ₂":5.5301746813479795,"a₁":0.18309176432341623,"a₂":-4.0171262315059595,"b₁":-0.08239430496512412}},"pair0098":{"<":{"γ":-1.55962323460576,"b₂":-3.405903843476807,"λ₁":1.3585470478202044,"λ₂":-1.511256252977093,"a₁":-0.34036355012702124,"a₂":-0.5481021870599072,"b₁":-3.0522138958526055},"^":{"γ":9.210340371976185,"b₂":-9.181947296935006,"λ₁":-1.258148374057103,"λ₂":-3.4723074030645558,"a₁":0.16409018607431136,"a₂":-7.2132184865325275,"b₁":-2.2399577332401},">":{"γ":0.025808312501196085,"b₂":-2.4940673386946806,"λ₁":9.210340371976185,"λ₂":-1.1719275954063217,"a₁":-0.9382321927816655,"a₂":0.16455168497979855,"b₁":-3.139890471941343}},"pair0096":{"<":{"γ":-0.15091167734338207,"b₂":-0.09319469923570978,"λ₁":-0.18360484650270514,"λ₂":0.25252332679107425,"a₁":-0.2217562893516245,"a₂":0.07650296279104474,"b₁":-0.5066629772072098},"^":{"γ":-0.47477190275051306,"b₂":2.9471602350419115,"λ₁":-2.8447397543600736,"λ₂":-2.3062265233117545,"a₁":0.09735418523010253,"a₂":-2.3774810488090106,"b₁":-1.1091318921059798},">":{"γ":-0.15128961739999092,"b₂":-1.0725493869589489,"λ₁":-0.13794047118188146,"λ₂":0.15257687933480923,"a₁":0.07756899306441056,"a₂":0.1989474154754891,"b₁":-0.005609525260457104}},"pair0100":{"<":{"γ":7.286473031789365,"b₂":-0.04631464075069047,"λ₁":-0.022053927088794723,"λ₂":-0.017646251366908672,"a₁":0.7261920894660729,"a₂":0.05497491309258251,"b₁":-0.014146026396421263},"^":{"γ":9.210340371976185,"b₂":-9.210340371976182,"λ₁":-3.3449959700792853,"λ₂":0.3025193287064756,"a₁":-2.542553215179211,"a₂":-9.210340371976182,"b₁":-5.88595966734883},">":{"γ":3.6197553356340038,"b₂":-0.10499760289047977,"λ₁":1.0037660905123964,"λ₂":-0.023447079523783998,"a₁":0.23008234346302814,"a₂":1.0175286253586773,"b₁":0.3202951862435235}}}}