{"likelihoods":{"pair0021":{"<":896.2496548808281,"^":883.2278115159382,">":900.6877717883847},"pair0024":{"<":1243.7911667038588,"^":1251.1842438261892,">":1240.4977104051543},"pair0025":{"<":2643.0914501729794,"^":2643.6557713741654,">":2642.820741150047},"pair0022":{"<":1195.1778061319403,"^":978.4393749337864,">":1049.603270026128},"pair0023":{"<":1181.7683887670714,"^":1210.1500876327839,">":1184.1358339503006}}}