{"parameters":{"pair0021":{"<":{"γ":5.40576458573636,"b₂":-2.7225307916047035,"λ₁":0.12157751250253135,"λ₂":-1.1643920051762215,"a₁":0.33164250429942044,"a₂":0.47809967581154034,"b₁":-0.47912555282831626},"^":{"γ":0.8613888423110438,"b₂":-0.30349211132751996,"λ₁":0.035126300756861184,"λ₂":-2.158389665111442,"a₁":0.013539759179101551,"a₂":-6.326251404644166,"b₁":-1.7019112690756826},">":{"γ":0.4803138397883746,"b₂":-0.47555036457328725,"λ₁":-0.22619946843907712,"λ₂":-0.012940943809750749,"a₁":-0.3282614906647865,"a₂":0.08771894454463336,"b₁":-1.657452478330204}},"pair0024":{"<":{"γ":9.182929796786274,"b₂":-9.210340371976182,"λ₁":9.173008854861036,"λ₂":3.100311737047578,"a₁":1.1987186327429473,"a₂":-3.131849663841165,"b₁":0.4337989108530884},"^":{"γ":-0.38415923437562505,"b₂":-9.171451170681461,"λ₁":9.198170707195294,"λ₂":0.6964242783214214,"a₁":0.016863617092962357,"a₂":-7.305479283727945,"b₁":0.0655452670304939},">":{"γ":1.702740950262191,"b₂":-0.2033600041285233,"λ₁":6.019898005933829,"λ₂":2.02289803010091,"a₁":-0.18284127851589638,"a₂":0.014780691658444312,"b₁":0.06768065871973938}},"pair0025":{"<":{"γ":0.5133156383224353,"b₂":-3.2375923488303737,"λ₁":-1.821424022828686,"λ₂":2.731203640702491,"a₁":1.3963365471209457,"a₂":-0.989118755231523,"b₁":-0.440982589041484},"^":{"γ":1.5927138100466607,"b₂":-0.2616822835970911,"λ₁":-1.5645288123579792,"λ₂":-0.15778350456355028,"a₁":-0.044719295131518066,"a₂":-1.3299322828149993,"b₁":-0.3139199576893503},">":{"γ":9.199740870297978,"b₂":-1.903242128771339,"λ₁":-0.8322781055179522,"λ₂":0.5191870095068918,"a₁":-3.0982649975432803,"a₂":-0.1437766864948884,"b₁":-6.059004724451615}},"pair0022":{"<":{"γ":1.7763568394002505e-15,"b₂":1.7763568394002505e-15,"λ₁":1.7763568394002505e-15,"λ₂":1.7763568394002505e-15,"a₁":1.7763568394002505e-15,"a₂":1.7763568394002505e-15,"b₁":1.7763568394002505e-15},"^":{"γ":-9.210340371976182,"b₂":-9.210340371976182,"λ₁":9.210340371976185,"λ₂":-9.210340371976182,"a₁":-1.1160398748787532,"a₂":-9.210340371976182,"b₁":-9.210340371976182},">":{"γ":-9.192472977566725,"b₂":-9.20936424113232,"λ₁":-9.198627286452593,"λ₂":-9.20503802673825,"a₁":-4.40108911062404,"a₂":-1.142599013800357,"b₁":-9.129114551594448}},"pair0023":{"<":{"γ":-1.7210879732794035,"b₂":0.21731565079845794,"λ₁":1.4937787658964083,"λ₂":2.0565554987477945,"a₁":-0.12869402548377096,"a₂":-0.2542064917066611,"b₁":0.09742190506372239},"^":{"γ":-0.3909249913298485,"b₂":-0.31878541438328867,"λ₁":-2.0247040201614332,"λ₂":-0.6351398443004062,"a₁":-0.04769590567845583,"a₂":-0.07271163444620399,"b₁":0.023922289248650586},">":{"γ":0.18289966581983919,"b₂":-0.32193632282532825,"λ₁":0.3177784534729504,"λ₂":0.8346122776968361,"a₁":-0.40668587540131895,"a₂":0.0020998041425031033,"b₁":-0.9515688669372686}}}}