{"likelihoods":{"pair0087":{"4":{"<":-747.4989010449856,"^":-817.5171836630956,">":-734.0052265230175},"2":{"<":-628.0357304421304,"^":-663.8413325880382,">":-606.0212239298},"3":{"<":-637.1163307511277,"^":15.521177879364663,">":531.1595931754008},"5":{"<":-858.4102808819506,"^":-466.2050754451764,">":-751.3559765767717},"1":{"<":2806.8831743179494,"^":2837.0211437366356,">":2803.5182709488427}},"pair0090":{"4":{"<":370.69803156567616,"^":356.5960971446611,">":358.46364011683954},"2":{"<":359.4190942222228,"^":358.4624520368394,">":361.7971688114519},"3":{"<":361.53753290277757,"^":362.53811122091884,">":359.8793192347856},"5":{"<":360.1189649006052,"^":362.9100824712625,">":360.29702662746627},"1":{"<":359.9915879924671,"^":356.58754990984124,">":354.5933353429679}},"pair0092":{"4":{"<":262.9855475397648,"^":283.80865572124975,">":282.74918035797845},"2":{"<":281.2009025947337,"^":324.1600041036592,">":308.8745947794301},"3":{"<":257.0743694539889,"^":290.00746094812627,">":293.25137776902073},"5":{"<":293.28204736233994,"^":313.148147475533,">":281.50784032023404},"1":{"<":331.5551756144062,"^":424.8037400245068,">":318.08411850133933}},"pair0088":{"4":{"<":682.5906980257796,"^":661.7786237773564,">":673.4667634058975},"2":{"<":667.036643497936,"^":662.7615594814164,">":658.4531066907346},"3":{"<":681.8371816236975,"^":663.7709266714413,">":665.9420000667601},"5":{"<":688.5846750887742,"^":672.3558011851412,">":673.2604087455038},"1":{"<":715.3818071811949,"^":745.7938852266947,">":710.1034716251326}},"pair0093":{"4":{"<":810.7738546798209,"^":870.2615225884475,">":819.9000245582466},"2":{"<":814.4842375189777,"^":1065.8332241681455,">":821.2782728881588},"3":{"<":815.2676294056295,"^":960.5825150184924,">":817.2162815172549},"5":{"<":823.3730975517592,"^":854.8357386295492,">":830.2174578700136},"1":{"<":906.3437986257552,"^":1225.0265315069264,">":876.8263476676357}},"pair0089":{"4":{"<":354.9604203093501,"^":354.78518941915706,">":352.1384483574472},"2":{"<":352.51034607473906,"^":367.6329613891874,">":346.6602822349091},"3":{"<":355.849872826672,"^":354.80366629225546,">":349.1803609291246},"5":{"<":357.0275095630091,"^":363.4562548748418,">":349.6941927683773},"1":{"<":351.2919861906264,"^":374.7186910048075,">":346.1799254816903}},"pair0091":{"4":{"<":361.55553466853723,"^":309.3462406009126,">":313.8290540722389},"2":{"<":318.90376184602746,"^":308.867956052143,">":321.36407200402994},"3":{"<":314.1296509475345,"^":303.87306333591465,">":307.41312245579303},"5":{"<":344.9601891413909,"^":311.2130891649256,">":332.79596145390383},"1":{"<":366.85107027697796,"^":425.2401954539867,">":361.24455191831333}},"pair0086":{"4":{"<":1612.5532749774131,"^":1620.806331924986,">":1459.2529595561537},"2":{"<":1630.5187581640623,"^":1695.1541539460966,">":1630.4454696822618},"3":{"<":1604.871284535385,"^":1629.82011384242,">":1609.299375139548},"5":{"<":1621.2497163657613,"^":1629.034690408796,">":1603.447148450765},"1":{"<":1733.6452227442312,"^":1889.125950853288,">":1712.4988645031178}}}}