{"likelihoods":{"pair0029":{"<":1101.0195347045592,"^":663.3612903669459,">":704.9343469582226},"pair0027":{"<":-769.7433891136534,"^":-793.4197907224465,">":-754.8076238876855},"pair0028":{"<":2520.511597722357,"^":2335.906801397945,">":2617.1868077187964},"pair0021":{"<":896.492226218369,"^":878.0055398839254,">":897.2536116354315},"pair0024":{"<":1251.5480954368577,"^":1250.498672553453,">":1250.2809211426231},"pair0025":{"<":2648.6868359937916,"^":2636.781648587755,">":2645.527454067992},"pair0022":{"<":885.1163797057498,"^":1000.1400633848478,">":1182.2461274436148},"pair0023":{"<":1205.9251209750412,"^":1200.5049874708302,">":1209.9065380942689},"pair0030":{"<":2822.567233100018,"^":2786.8310264312327,">":2794.8156685452477},"pair0026":{"<":181.68821645304618,"^":157.4055179511555,">":232.03177207975747}}}