{"parameters":{"pair0029":{"<":{"γ":1.2272506872346405,"b₂":-6.478799607328877,"λ₁":1.8208299736717652,"λ₂":-8.59828686053787,"a₁":-4.227437059677877,"a₂":-1.6681694273281096,"b₁":-8.360296362628063},"^":{"γ":9.210340371976185,"b₂":9.210340371976185,"λ₁":-9.210340371976182,"λ₂":0.49277078194450397,"a₁":-9.210340371976182,"a₂":9.210340371976185,"b₁":-9.210340371976182},">":{"γ":3.181316279321365,"b₂":-9.210340371976182,"λ₁":-2.4425278754082616,"λ₂":-9.210340371976182,"a₁":-6.193083259078964,"a₂":-9.210340371976182,"b₁":-9.210340371976182}},"pair0027":{"<":{"γ":-1.1911916634109438,"b₂":-9.207606967269387,"λ₁":5.128447837382627,"λ₂":-9.210340371976182,"a₁":1.5499284432197182,"a₂":-2.3770140390207954,"b₁":0.9420378772096534},"^":{"γ":-3.1888367287132064,"b₂":-7.480138532401309,"λ₁":-9.210340371976182,"λ₂":7.632929873657838,"a₁":-6.449545320598207,"a₂":9.210340371976185,"b₁":-9.210340371976182},">":{"γ":-8.873900911668269,"b₂":-9.210340371976182,"λ₁":3.6129896089778963,"λ₂":-9.209202725013965,"a₁":-0.09382664278750674,"a₂":-0.3882263687228438,"b₁":-0.5559983339454391}},"pair0028":{"<":{"γ":-3.5195324142654867,"b₂":-9.19504522583429,"λ₁":3.7542746916969225,"λ₂":-6.549981246836131,"a₁":-0.344682882786449,"a₂":-9.16701962660447,"b₁":-9.20538611116264},"^":{"γ":-9.210340371976182,"b₂":-9.210340371976182,"λ₁":-9.210340371976182,"λ₂":9.210340371976185,"a₁":-2.7022843777135828,"a₂":-9.210340371976182,"b₁":-9.210340371976182},">":{"γ":-1.5997456460411907,"b₂":-9.20865933392706,"λ₁":-9.205306851710835,"λ₂":-9.209446660184238,"a₁":-9.188862772622944,"a₂":-3.697781403995391,"b₁":-9.202145443814368}},"pair0021":{"<":{"γ":1.375159975603271,"b₂":0.012672827280242771,"λ₁":-1.3056412345187622,"λ₂":0.6898692433315645,"a₁":0.0014990426015213387,"a₂":0.05483558750957762,"b₁":-0.23386416402733268},"^":{"γ":0.07786063487697348,"b₂":-2.898678253977792,"λ₁":-1.7001156678503495,"λ₂":-1.0248484859162126,"a₁":-0.04797966918992458,"a₂":5.213492515618986,"b₁":-2.280588088228501},">":{"γ":1.8820377610790384,"b₂":2.0509060647321604,"λ₁":-3.0642990091587716,"λ₂":1.794930154640916,"a₁":-0.01573264327900148,"a₂":1.6859957598576223,"b₁":-1.884238672401053}},"pair0024":{"<":{"γ":-0.6138144056887462,"b₂":-1.1042314404661724,"λ₁":-0.3796730452359842,"λ₂":5.320461726103003,"a₁":0.8773058321810634,"a₂":0.24293181097488947,"b₁":0.29777198738157296},"^":{"γ":-0.5011058570351814,"b₂":2.884121041394291,"λ₁":5.666644693385109,"λ₂":-0.7230493607266393,"a₁":0.618538026825572,"a₂":-0.8483035170831794,"b₁":0.4589988758286463},">":{"γ":-0.42002001066129857,"b₂":-1.3378328461749973,"λ₁":0.10107098464575337,"λ₂":8.745156417554893,"a₁":-0.061170803507449634,"a₂":-1.796922878420192,"b₁":-0.11033446202915087}},"pair0025":{"<":{"γ":1.1067396039950026,"b₂":-4.174501598494749,"λ₁":-1.2351562168563621,"λ₂":-1.3827635266452853,"a₁":-0.13079286146109936,"a₂":-1.5001410228167327,"b₁":-0.8441917742151919},"^":{"γ":1.3488848802166533,"b₂":0.6423044413205119,"λ₁":-3.51112760290905,"λ₂":0.6269712173968962,"a₁":0.05486204905526115,"a₂":-1.0329828217323964,"b₁":-1.7941015498238206},">":{"γ":1.2210754634943903,"b₂":-2.029572057584118,"λ₁":0.026920539191978676,"λ₂":-0.32996043697280797,"a₁":0.29976565482033557,"a₂":-0.09287928614042862,"b₁":-0.013086027767817754}},"pair0022":{"<":{"γ":1.4531999175568853,"b₂":-2.488813563636068,"λ₁":-9.120370516401497,"λ₂":8.449864720699361,"a₁":1.02045746988356,"a₂":-0.7681328112004575,"b₁":-9.194625821498555},"^":{"γ":-9.210340371976182,"b₂":-9.210340371976182,"λ₁":9.210340371976185,"λ₂":-9.210340371976182,"a₁":-0.694404856662322,"a₂":9.210340371976185,"b₁":-9.210340371976182},">":{"γ":9.202243362892927,"b₂":1.1900808793903952,"λ₁":-9.209476847394267,"λ₂":-9.2032522628767,"a₁":-9.193215366848964,"a₂":-4.118978477923512,"b₁":-9.210340371976182}},"pair0023":{"<":{"γ":0.9282118160084512,"b₂":-0.0030668771861357413,"λ₁":4.444879459071048,"λ₂":-0.026353569957109357,"a₁":-1.1144283794853358,"a₂":1.0725982134576384,"b₁":-0.9887425596656918},"^":{"γ":-0.12440268075270566,"b₂":3.1693819814797326,"λ₁":-1.8690575261661282,"λ₂":0.06391508964566661,"a₁":0.07503503700245773,"a₂":-1.477833737518992,"b₁":-1.10012994589143},">":{"γ":-1.8323477684045812,"b₂":0.13075490974073034,"λ₁":1.6639205823513255,"λ₂":-0.22895537467031346,"a₁":-0.4072654969003402,"a₂":0.1381558519267525,"b₁":-1.1056989697724973}},"pair0030":{"<":{"γ":4.536971081978006,"b₂":-2.451895221695146,"λ₁":-2.7753982711966687,"λ₂":1.6325751840143354,"a₁":0.8039069298482051,"a₂":0.4862574075503119,"b₁":-0.22983667075202519},"^":{"γ":6.28491481860871,"b₂":2.0773576955418935,"λ₁":-1.8694888155081326,"λ₂":-9.195173587484565,"a₁":-1.9361113862151393,"a₂":9.186387405054775,"b₁":-4.4456780410966505},">":{"γ":-0.03344189090716654,"b₂":-6.1601748670183625,"λ₁":0.02124324101160724,"λ₂":-0.03404562411674661,"a₁":0.03135573177412887,"a₂":-3.767879018490933,"b₁":0.009354432416003533}},"pair0026":{"<":{"γ":9.210340371976185,"b₂":-9.210340371976182,"λ₁":-4.879612406172282,"λ₂":-9.210340371976182,"a₁":-3.729780390237801,"a₂":-0.05039132740443186,"b₁":-0.42423512242464234},"^":{"γ":-9.205517576518666,"b₂":9.106502603610055,"λ₁":-9.210340371976182,"λ₂":9.208778262818877,"a₁":-9.210340371976182,"a₂":9.197720403919588,"b₁":-9.210340371976182},">":{"γ":-9.193517175089355,"b₂":-9.207295934931603,"λ₁":9.210340371976185,"λ₂":-9.210340371976182,"a₁":-9.210340371976182,"a₂":-9.207611354636004,"b₁":-9.207136037757047}}}}