{"likelihoods":{"pair0046":{"<":1437.289995670984,"^":1505.9719197042114,">":1445.0577100213095},"pair0049":{"<":899.8468931043626,"^":906.6139199390606,">":907.0233665082636},"pair0050":{"<":904.054316747723,"^":920.2414113715059,">":912.4757340051282},"pair0047":{"<":-708.2859443757427,"^":-785.4858639684489,">":-840.1611527255197},"pair0048":{"<":454.3683492488618,"^":450.08445097419707,">":445.2135518355329}}}