{"likelihoods":{"pair0087":{"4":{"<":-2028.4808057127618,"^":-2136.0705890595336,">":-1998.3991332257267},"2":{"<":-461.52773168600487,"^":-905.9968609520561,">":-1944.0774132091874},"3":{"<":-789.3987752231727,"^":-882.9885499405007,">":214.2130584633481},"5":{"<":293.3324610122195,"^":-2449.885191010576,">":-1969.8439350045135},"1":{"<":2819.053959271293,"^":2850.0785147528827,">":2819.428336010347}},"pair0090":{"4":{"<":371.984257449476,"^":367.635048267355,">":368.3742800362144},"2":{"<":364.84451911360446,"^":361.44014232205393,">":0.0},"3":{"<":372.4050227688003,"^":363.97194941740224,">":366.579449913343},"5":{"<":393.68570038152876,"^":368.1283024637951,">":368.6405483714057},"1":{"<":357.06385037054685,"^":365.7311726104991,">":0.0}},"pair0088":{"4":{"<":668.4852213272012,"^":0.0,">":670.7852289213137},"2":{"<":662.0452817839346,"^":664.5445373867664,">":661.2784015832148},"3":{"<":665.7732174470443,"^":666.2692231868601,">":667.1315889335949},"5":{"<":674.6394366808554,"^":672.3793472216287,">":677.5900562103495},"1":{"<":711.2273640324333,"^":750.1646634763761,">":710.9284017125813}},"pair0089":{"4":{"<":356.00724466448014,"^":360.06036498629226,">":355.5881957834828},"2":{"<":348.14211411933576,"^":359.5140093085156,">":348.1421141193358},"3":{"<":360.02679379508834,"^":355.1933678766361,">":350.63421507806544},"5":{"<":362.7689126920366,"^":360.6005795272358,">":362.161157121411},"1":{"<":349.2445294699001,"^":378.4410869431053,">":346.8096359771455}},"pair0086":{"4":{"<":1612.5139226546235,"^":1631.46244155572,">":1618.4350710119736},"2":{"<":1632.2813533735953,"^":1696.0048323457406,">":1631.7570757713092},"3":{"<":1615.1984861729154,"^":1634.048998821403,">":1615.1101270614063},"5":{"<":1633.2552502448068,"^":1620.964053719735,">":1621.1932055180919},"1":{"<":1716.2428623658961,"^":1898.788513509352,">":1716.0964621855237}}}}