{"parameters":{"pair0087":{"4":{"<":{"m₁":2.1074334361661755,"γ":-0.9299402257218485,"b₂":-13.815510557964274,"λ₁":-7.693938477281724,"λ₂":-13.81082146330808,"a₁":-10.083336714770303,"a₂":-7.083665995638177,"m₂":-0.08586801206596206,"b₁":-7.005546743697281},"^":{"m₁":-0.8841885688530446,"γ":0.9813609538846588,"b₂":9.985582933510287,"λ₁":-1.4834347792360933,"λ₂":-13.758390254238627,"a₁":-12.550772084869179,"a₂":-13.712488261514068,"m₂":-0.5328160787777296,"b₁":-13.815510557964274},">":{"m₁":9.988754482682715,"γ":-1.9577652929510467,"b₂":-13.815510557964274,"λ₁":-10.849460920682453,"λ₂":-13.767323153685059,"a₁":-13.789118294180932,"a₂":-8.81674794291239,"m₂":-0.14070865672028887,"b₁":-13.815389597356234}},"2":{"<":{"m₁":9.996658887485552,"γ":-12.877664186078974,"b₂":-13.803013976089467,"λ₁":-13.338918985904868,"λ₂":-13.814745792583127,"a₁":-5.898488524561264,"a₂":-6.621600030771751,"m₂":9.757644683194545,"b₁":-8.311051742102986},"^":{"m₁":10.0,"γ":13.815510557964274,"b₂":-13.815510557964274,"λ₁":-13.815510557964274,"λ₂":-13.815510557964274,"a₁":-13.815510557964274,"a₂":13.815510557964274,"m₂":-10.0,"b₁":-13.815510557964274},">":{"m₁":-3.3336408345628694,"γ":13.708556660711029,"b₂":-13.815510557964274,"λ₁":-0.07508592283834403,"λ₂":-13.812904518071306,"a₁":-2.1723306832716975,"a₂":-2.660589289928236,"m₂":-0.152188257725145,"b₁":-1.9409606621392985}},"3":{"<":{"m₁":9.985527280751842,"γ":-11.541043572156859,"b₂":-13.815510557964274,"λ₁":-13.755839467572729,"λ₂":-13.809733814638989,"a₁":-1.8384141802908704,"a₂":-13.745733920303792,"m₂":6.036612595301158,"b₁":-2.5062143732294295},"^":{"m₁":10.0,"γ":13.815510557964274,"b₂":-13.815510557964274,"λ₁":-13.815510557964274,"λ₂":-13.815510557964274,"a₁":-13.815510557964274,"a₂":-13.815510557964274,"m₂":-10.0,"b₁":-13.815510557964274},">":{"m₁":0.25204609374385356,"γ":0.6240447450159863,"b₂":-6.751737187089252,"λ₁":-4.187842724788705,"λ₂":-3.598791047787902,"a₁":-3.4820212703114635,"a₂":0.013868767141094196,"m₂":-0.049064688978727844,"b₁":-1.740508548951592}},"5":{"<":{"m₁":-1.0554559372284995,"γ":13.815225099539227,"b₂":-13.81325202981876,"λ₁":13.81456917032433,"λ₂":-13.813963473261564,"a₁":-13.813404551943664,"a₂":-13.813009456290537,"m₂":9.999878026982927,"b₁":-13.812893866506931},"^":{"m₁":-9.99862831852242,"γ":-13.8135595147202,"b₂":13.814930792579062,"λ₁":-13.813050895087098,"λ₂":-13.812621658919804,"a₁":-13.813436101930977,"a₂":13.81497885112866,"m₂":-0.3368723598949259,"b₁":-13.812907921072748},">":{"m₁":-3.4464495738866354,"γ":-3.1129397167264887,"b₂":-13.77524615921685,"λ₁":-13.779968481241493,"λ₂":-13.815510557964274,"a₁":0.8208826653798518,"a₂":-13.812273994877419,"m₂":-0.23436571473300205,"b₁":-3.6270341280165805}},"1":{"<":{"m₁":0.023965409322624254,"γ":1.3136521645876034,"b₂":0.8954140097887358,"λ₁":-0.4018705437033194,"λ₂":0.5793955145569409,"a₁":0.2447131376905034,"a₂":0.6134390450290272,"m₂":-0.14971716185931072,"b₁":1.225555392597359},"^":{"m₁":0.029543375149906126,"γ":0.04989589894650592,"b₂":0.0026527511938212456,"λ₁":0.3232545272385039,"λ₂":0.056028269702846245,"a₁":0.002916862637448503,"a₂":-0.08348536278028185,"m₂":-0.019229636912811543,"b₁":-0.3434276135702454},">":{"m₁":0.0,"γ":0.0,"b₂":0.0,"λ₁":0.0,"λ₂":0.0,"a₁":0.0,"a₂":0.0,"m₂":0.0,"b₁":0.0}}},"pair0090":{"4":{"<":{"m₁":0.0,"γ":0.0,"b₂":0.0,"λ₁":0.0,"λ₂":0.0,"a₁":0.0,"a₂":0.0,"m₂":0.0,"b₁":0.0},"^":{"m₁":0.043161746759224684,"γ":-0.8957520446804352,"b₂":-1.5594034239951213,"λ₁":-0.6895664511655379,"λ₂":-0.8788727610956908,"a₁":0.03318292959374425,"a₂":-0.5624580451077961,"m₂":0.02889718056767343,"b₁":-0.181597743954784},">":{"m₁":-0.3130031808489733,"γ":0.14967139810583774,"b₂":-0.4877503947207771,"λ₁":-0.23227210462439452,"λ₂":0.1383386147745842,"a₁":0.1106374728175421,"a₂":-0.015128305847611045,"m₂":0.38250003295661017,"b₁":-0.492467675039185}},"2":{"<":{"m₁":-0.0040988401468098346,"γ":0.014553142405629771,"b₂":-0.06775710253290157,"λ₁":0.006930186286838946,"λ₂":0.03553334646742812,"a₁":-0.9636347638537917,"a₂":0.5361083650468643,"m₂":-0.019098654026931783,"b₁":-0.18288570235621648},"^":{"m₁":0.7194870851238875,"γ":1.9847487649245767,"b₂":-1.3518283969633504,"λ₁":-1.344071315618935,"λ₂":1.2479590113979224,"a₁":0.0745266755714713,"a₂":-1.3005180246195387,"m₂":-0.3835351234229005,"b₁":-0.14965035101482727},">":{"m₁":0.0,"γ":0.0,"b₂":0.0,"λ₁":0.0,"λ₂":0.0,"a₁":0.0,"a₂":0.0,"m₂":0.0,"b₁":0.0}},"3":{"<":{"m₁":0.0,"γ":0.0,"b₂":0.0,"λ₁":0.0,"λ₂":0.0,"a₁":0.0,"a₂":0.0,"m₂":0.0,"b₁":0.0},"^":{"m₁":0.10427979885762184,"γ":0.0769418403918376,"b₂":0.1705409029444862,"λ₁":-0.4638627350864901,"λ₂":0.013754507440394192,"a₁":-0.02875413349598155,"a₂":0.6699820521242081,"m₂":0.12058637575088227,"b₁":-1.1649154397760988},">":{"m₁":-0.6844555387652402,"γ":0.5250252099272057,"b₂":0.13458588797671212,"λ₁":-1.544248692931598,"λ₂":-0.20593670261766484,"a₁":1.2276272979363583,"a₂":0.003618308974358442,"m₂":-0.09986319236787367,"b₁":0.19048032614589872}},"5":{"<":{"m₁":-0.7420827414899183,"γ":-13.219509895980801,"b₂":2.254265943701256,"λ₁":2.559984361774813,"λ₂":-0.987586673433043,"a₁":-12.352664380752689,"a₂":-8.11864092189036,"m₂":-1.0299592209937458,"b₁":-13.604994644869318},"^":{"m₁":-0.21258247991698553,"γ":-1.6050295547469773,"b₂":-1.4910711020549297,"λ₁":-1.2605292827640913,"λ₂":-1.5132619053456526,"a₁":0.07220528138597082,"a₂":-0.35129845564364537,"m₂":-0.3555954667141421,"b₁":-0.897092174436974},">":{"m₁":-1.6140831032334049,"γ":-1.4351030304418657,"b₂":-0.8846524459966556,"λ₁":1.5483112008491364,"λ₂":0.6626405637463151,"a₁":1.6198761018891563,"a₂":-1.629781261806368,"m₂":-0.3189702490761981,"b₁":1.6754551831526783}},"1":{"<":{"m₁":0.04373617276898045,"γ":0.44143159545744837,"b₂":0.16867555367454656,"λ₁":0.011701874076925023,"λ₂":0.303426809490734,"a₁":-0.07676670529435548,"a₂":0.2758692586133833,"m₂":-0.14860747824849518,"b₁":-0.0027125454508460933},"^":{"m₁":0.0,"γ":0.0,"b₂":0.0,"λ₁":0.0,"λ₂":0.0,"a₁":0.0,"a₂":0.0,"m₂":0.0,"b₁":0.0},">":{"m₁":0.0,"γ":0.0,"b₂":0.0,"λ₁":0.0,"λ₂":0.0,"a₁":0.0,"a₂":0.0,"m₂":0.0,"b₁":0.0}}},"pair0088":{"4":{"<":{"m₁":0.10254893492136219,"γ":-0.3815880082759655,"b₂":-1.6562441481226582,"λ₁":-0.3125074000811594,"λ₂":-0.08544505199780161,"a₁":0.025593441921165194,"a₂":-0.14220234556801614,"m₂":-0.2569918643620248,"b₁":-1.3331806907404697},"^":{"m₁":0.0,"γ":0.0,"b₂":0.0,"λ₁":0.0,"λ₂":0.0,"a₁":0.0,"a₂":0.0,"m₂":0.0,"b₁":0.0},">":{"m₁":-0.004776229046768776,"γ":-3.634919897151118,"b₂":-1.7091517272349481,"λ₁":-3.705312206791392,"λ₂":0.20258256504621563,"a₁":-0.28472714790449594,"a₂":0.04010448051975146,"m₂":0.10992213170929865,"b₁":0.23541652199467222}},"2":{"<":{"m₁":-0.48514605962059854,"γ":2.7731345221207775,"b₂":0.1752664522117815,"λ₁":-0.1470208975381393,"λ₂":0.3269081555247215,"a₁":0.12063128002835022,"a₂":0.0725050777876266,"m₂":0.01578077015204471,"b₁":0.005443631355202427},"^":{"m₁":-0.14539288198134415,"γ":1.0943973260952884,"b₂":1.504000276019763,"λ₁":-0.6079261275428909,"λ₂":-0.6282366384896854,"a₁":0.01946937892223133,"a₂":0.024939342900417216,"m₂":-0.32410367588781064,"b₁":-0.029125669881631566},">":{"m₁":0.23268560489242596,"γ":1.6940085882895382,"b₂":-0.013903275618300626,"λ₁":-1.2145021311074764,"λ₂":-0.020452538408047616,"a₁":-0.00959713247551619,"a₂":0.045794857957430324,"m₂":-0.06933546222589193,"b₁":-1.1595584271243808}},"3":{"<":{"m₁":0.0548794629391498,"γ":-0.5453205402572951,"b₂":-0.3779963081320439,"λ₁":-0.42714325489838956,"λ₂":0.08573762672144092,"a₁":0.13034895350885556,"a₂":-0.017680956107991364,"m₂":-0.06178841254936884,"b₁":0.0016066642710761414},"^":{"m₁":-0.13240901753040646,"γ":0.37040697134389333,"b₂":-4.580466509705444,"λ₁":-0.6839131721664042,"λ₂":-0.7463258411253886,"a₁":0.08724667647656581,"a₂":-13.815510557964274,"m₂":0.2318238108720898,"b₁":-0.7529947225879212},">":{"m₁":-0.6755296537250057,"γ":0.08261071343321369,"b₂":-0.3369591783328634,"λ₁":-5.169689997673522,"λ₂":0.6055102467103453,"a₁":-0.4006272337021546,"a₂":0.7538352385061078,"m₂":-0.058623021453863444,