{"likelihoods":{"pair0044":{"4":{"<":-13940.959118238261,"^":-486.99946486256823,">":-13924.832885858686},"2":{"<":-10907.847787518653,"^":7434.722417507936,">":-11100.521014770375},"3":{"<":-13451.689035800582,"^":1768.6912158657965,">":-13369.392565917266},"5":{"<":-14155.974485694549,"^":-2506.0666371091475,">":-14005.472412125497},"1":{"<":-2147.3914682083864,"^":29427.62871897056,">":-2160.318958818714}}}}