{"parameters":{"pair0044":{"4":{"<":{"γ":-4.254353045943649,"b₂":-13.23676271080451,"λ₁":-4.38235167564199,"λ₂":-8.41825606322416,"a₁":-9.02047187257708,"a₂":-7.333145091368863,"b₁":-13.367806611032105},"^":{"γ":-0.062171997544529845,"b₂":13.153127784717707,"λ₁":-3.050997236116052,"λ₂":-4.308083600075509,"a₁":-3.5826323427141293,"a₂":5.715690771887207,"b₁":-13.384881248144303},">":{"γ":-8.93808145933019,"b₂":-10.412308779247898,"λ₁":-13.77717642060467,"λ₂":-8.21467032419322,"a₁":-8.333716198064758,"a₂":-1.4306513425248557,"b₁":-3.416301086423598}},"2":{"<":{"γ":2.551839429181296,"b₂":6.99795281259771,"λ₁":3.93958953074765,"λ₂":-8.920159734112433,"a₁":-3.5703989921784576,"a₂":13.40099019419445,"b₁":-5.070562440671926},"^":{"γ":1.889242777206336,"b₂":2.6607668058587564,"λ₁":0.10001358108674907,"λ₂":-0.8090850568599759,"a₁":-0.3983583614469861,"a₂":5.819708752634796,"b₁":-4.1334549000392045},">":{"γ":-7.266884238764178,"b₂":-9.736294185347397,"λ₁":-1.3557801191012313,"λ₂":-7.583426232016616,"a₁":-7.402358696479822,"a₂":-4.627021806647768,"b₁":-5.7263215069158715}},"3":{"<":{"γ":-0.38818417235206404,"b₂":-13.034348565289488,"λ₁":-0.3976119124662887,"λ₂":-9.802917269818813,"a₁":-0.06553672483711637,"a₂":-3.5527269325315416,"b₁":-7.894069337581507},"^":{"γ":1.9661638808690505,"b₂":0.8827227703998162,"λ₁":-0.6778762784413424,"λ₂":-5.217061551478061,"a₁":0.00013266007692891435,"a₂":0.7404836742431673,"b₁":-3.3092908426293484},">":{"γ":0.2492754239441961,"b₂":-4.0620516235927315,"λ₁":-2.1805470780403997,"λ₂":-9.981238575187257,"a₁":-6.572755076846741,"a₂":3.4291888703803792,"b₁":-6.743949833359785}},"5":{"<":{"γ":6.972782547527668,"b₂":-8.395023924818272,"λ₁":-4.9374856271622125,"λ₂":-6.877313729871104,"a₁":-0.9113262781376008,"a₂":-6.064973429098382,"b₁":-3.577530073760599},"^":{"γ":6.045644243431848,"b₂":-13.485826279798264,"λ₁":-4.921023127883876,"λ₂":-5.089878077095436,"a₁":-2.165550470272807,"a₂":9.760467308379116,"b₁":-8.771799883399055},">":{"γ":9.755513523069837,"b₂":-9.537255139421863,"λ₁":-4.956633534377621,"λ₂":-8.241048155665911,"a₁":-5.116274427890586,"a₂":-12.724525109825066,"b₁":-11.748028842490998}},"1":{"<":{"γ":13.815510557964274,"b₂":-13.67856789268692,"λ₁":13.81551055796427,"λ₂":-6.344233596212304,"a₁":-3.7827257466314244,"a₂":-13.794376466608684,"b₁":-7.848381058576389},"^":{"γ":-13.813986654135448,"b₂":-13.813440819806727,"λ₁":13.815403319402918,"λ₂":3.927413256629311,"a₁":13.814277987706472,"a₂":13.814530222230168,"b₁":13.815510557964274},">":{"γ":12.09144475411837,"b₂":-5.09319998377771,"λ₁":5.573734115798672,"λ₂":-4.627921536585626,"a₁":-2.160161067585534,"a₂":-0.25942180621322564,"b₁":-1.2280967548554411}}}}}