{"likelihoods":{"pair0012":{"<":2464.7250637663506,"^":2458.9502072418954,">":2461.954967499199},"pair0015":{"<":801.1972476583408,"^":806.4532210614036,">":806.3155023119679},"pair0017":{"<":755.1743415231269,"^":738.4095488732403,">":765.2926722398279},"pair0016":{"<":941.5232983238961,"^":946.2375570025816,">":938.2497824774457},"pair0020":{"<":867.5379238064259,"^":865.0702348278238,">":864.9287152297125},"pair0011":{"<":2244.3162330134182,"^":2444.2956320061317,">":2407.1877055626364},"pair0013":{"<":741.3775623301352,"^":730.8082130888138,">":732.2861747442062},"pair0018":{"<":529.4581490186118,"^":532.196868360056,">":547.0610836544655},"pair0019":{"<":334.04776121272903,"^":318.80767821413286,">":328.64656968333423},"pair0014":{"<":813.7721526320669,"^":816.5145419629036,">":812.3504117713233}}}