{"parameters":{"pair0012":{"<":{"γ":-0.07550371734228101,"b₂":0.024549252530190913,"λ₁":-1.2664493247132933,"λ₂":-0.014242957961222658,"a₁":-1.0749444374518813,"a₂":0.1844311254994846,"b₁":-1.2110596287704825},"^":{"γ":9.210340371976185,"b₂":9.210340371976185,"λ₁":-9.210340371976182,"λ₂":-1.823792977377348,"a₁":-1.7683599910345587,"a₂":-9.210340371976182,"b₁":-2.8094290663379846},">":{"γ":5.543086262081191,"b₂":-2.7434296037541293,"λ₁":-1.507067673919697,"λ₂":-0.5345427677061529,"a₁":-0.8490540739502777,"a₂":-2.9157411118540093,"b₁":-1.3145672088514884}},"pair0015":{"<":{"γ":0.780912775289357,"b₂":0.772566243766482,"λ₁":-0.6244417461495892,"λ₂":-2.2778987040074146,"a₁":-0.30709531292842485,"a₂":2.3085057552296195,"b₁":-2.5140783070939356},"^":{"γ":9.206422955807467,"b₂":-9.153460356848639,"λ₁":-2.998625797419394,"λ₂":-3.1080149094770784,"a₁":0.5352868095676122,"a₂":-9.203832804617432,"b₁":-1.7999302104276298},">":{"γ":2.1031119278773147,"b₂":-0.15807607158422954,"λ₁":-2.1106400524907887,"λ₂":0.4425805206305711,"a₁":0.6279782109838621,"a₂":0.0501177989204713,"b₁":-1.498690525797504}},"pair0017":{"<":{"γ":0.2998035901439966,"b₂":-0.9817470934631327,"λ₁":-5.926904935030792,"λ₂":5.376888097905669,"a₁":-3.164135148093383,"a₂":-1.2217146508514762,"b₁":-9.210340371976182},"^":{"γ":0.5810660263846632,"b₂":9.210340371976185,"λ₁":1.729044392714318,"λ₂":-6.665033973718241,"a₁":-3.341059883797743,"a₂":-5.398892208234478,"b₁":-9.204915298677472},">":{"γ":0.49290720731537974,"b₂":-9.192320607937761,"λ₁":-7.315254513176694,"λ₂":-3.3125887927942985,"a₁":-2.2692413335754438,"a₂":-2.8640189669990637,"b₁":-9.210340371976182}},"pair0016":{"<":{"γ":0.5907985490150693,"b₂":0.8238013195566367,"λ₁":1.4576766340148382,"λ₂":-0.179975244125135,"a₁":0.17394130643098116,"a₂":1.7442882859996143,"b₁":0.4964993818896737},"^":{"γ":0.19415935642099136,"b₂":2.146639522468382,"λ₁":-2.656426808318728,"λ₂":-0.2944256743638931,"a₁":-0.05983445625087036,"a₂":1.886288424562915,"b₁":-0.49648716158217354},">":{"γ":0.35725486079367386,"b₂":-0.10634741837993111,"λ₁":-0.4517247731069478,"λ₂":0.013931838775878447,"a₁":-0.06327376862154566,"a₂":0.7802183308642334,"b₁":-1.0227513019508994}},"pair0020":{"<":{"γ":3.0774062377839826,"b₂":-1.4340471464300455,"λ₁":-1.6767050872974325,"λ₂":-1.4867850682647177,"a₁":0.2934334459305532,"a₂":0.00369587680032879,"b₁":-0.8829330799702895},"^":{"γ":9.190345831875396,"b₂":-8.337213006531524,"λ₁":-4.12519271219986,"λ₂":0.33241944989809724,"a₁":-1.738884974165832,"a₂":-7.854213162332627,"b₁":-8.087789733264625},">":{"γ":-0.03203038637285616,"b₂":-2.9787246963710166,"λ₁":-0.10971397523025495,"λ₂":-0.10880976044612467,"a₁":-0.11255818573067522,"a₂":-0.024901358152133568,"b₁":-1.5797531697076455}},"pair0011":{"<":{"γ":3.3058134861788826,"b₂":-9.210340371976182,"λ₁":3.2208443715313937,"λ₂":-1.34852433587581,"a₁":-9.179286181175687,"a₂":-8.930719122721367,"b₁":-0.783571115812645},"^":{"γ":0.7541936612521027,"b₂":-8.321328467114697,"λ₁":-7.242778364254331,"λ₂":-6.03409512789055,"a₁":-0.18030699806703687,"a₂":4.334358875168984,"b₁":-4.689086261625177},">":{"γ":1.7763568394002505e-15,"b₂":1.7763568394002505e-15,"λ₁":1.7763568394002505e-15,"λ₂":1.7763568394002505e-15,"a₁":1.7763568394002505e-15,"a₂":1.7763568394002505e-15,"b₁":1.7763568394002505e-15}},"pair0013":{"<":{"γ":6.20694569770327,"b₂":-4.868950718519229,"λ₁":-3.1336073719393713,"λ₂":-2.2500199270875596,"a₁":-0.7365393965390101,"a₂":-5.440344802811955,"b₁":-0.963318841174015},"^":{"γ":-0.02798629445096168,"b₂":9.202874700295743,"λ₁":-3.0064875242871416,"λ₂":-1.2884874245721472,"a₁":-2.0134987440471157,"a₂":9.210340371976185,"b₁":-4.393844752054551},">":{"γ":0.7235393216871291,"b₂":-9.210340371976182,"λ₁":0.003926300339765376,"λ₂":-2.481837281865497,"a₁":-2.843282169551715,"a₂":-4.455772465803332,"b₁":-4.809734015604423}},"pair0018":{"<":{"γ":0.6482832940253189,"b₂":-3.440011250650027,"λ₁":-1.1433086562861003,"λ₂":-0.3461570309671984,"a₁":-1.083584459867284,"a₂":-0.02699172202985345,"b₁":-2.900176224180421},"^":{"γ":3.755633717508454,"b₂":9.210340371976185,"λ₁":-6.467169761906565,"λ₂":-2.0696474493109687,"a₁":0.24830353147741313,"a₂":-0.8474299923544439,"b₁":-3.8430370059914543},">":{"γ":-1.5915527694883478,"b₂":-1.2788595613791882,"λ₁":-0.23684719090596218,"λ₂":-1.0058318245708957,"a₁":-5.226132469125387,"a₂":-0.06868306862744333,"b₁":-1.4195800662697584}},"pair0019":{"<":{"γ":0.029934695521179222,"b₂":-1.0195352499560926,"λ₁":-1.1541610381174205,"λ₂":-1.3767265393286836,"a₁":-0.5731054692130204,"a₂":0.10874014787102482,"b₁":-3.4893845936691505},"^":{"γ":0.09003051866073619,"b₂":-9.197771234690485,"λ₁":-3.910995559057178,"λ₂":-2.9191658435077015,"a₁":-0.9671240888873616,"a₂":-8.797966783999698,"b₁":-5.492944268243768},">":{"γ":0.5492466199929122,"b₂":-2.1479392886066107,"λ₁":-1.3349974863384553,"λ₂":-0.8601142132010118,"a₁":0.00734749470885987,"a₂":-0.02781411691424296,"b₁":-1.247313081082912}},"pair0014":{"<":{"γ":2.008077075176338,"b₂":-1.7757424686323677,"λ₁":-1.2131422032616799,"λ₂":0.3684587435677873,"a₁":-0.41144609343567495,"a₂":0.4990465713665593,"b₁":-0.022308851880211478},"^":{"γ":2.2475720227719904,"b₂":9.210285753778114,"λ₁":-2.1185494296998995,"λ₂":-1.898053604735546,"a₁":-1.010242509736404,"a₂":1.8416391651301165,"b₁":-3.7318988524993753},">":{"γ":-0.31887953887859766,"b₂":-0.632596529631833,"λ₁":-1.136147920836974,"λ₂":0.5540357471172666,"a₁":-0.49986906697622935,"a₂":0.6712618235107133,"b₁":-5.318615326891351}}}}