{"likelihoods":{"pair0043":{"4":{"<":61.25036379931331,"^":1057.168235280632,">":62.08395528397644},"2":{"<":118.08310438398198,"^":1751.7167552921983,">":80.81850053458604},"3":{"<":269.87026460672456,"^":1254.5041282245115,">":88.00321950013773},"5":{"<":-14.60599923189233,"^":973.377698039461,">":-34.17463218758526},"1":{"<":587.6113040835112,"^":2846.638378184293,">":611.50866579315}},"pair0042":{"4":{"<":2167.2887448488173,"^":2240.794425157449,">":2158.8866724992904},"2":{"<":2193.9941456669303,"^":0.0,">":2193.9941456669303},"3":{"<":2160.3854781138944,"^":2304.6834509570594,">":2168.5213669340237},"5":{"<":2194.899017173553,"^":2193.4312909858118,">":2194.47660242177},"1":{"<":2329.233709369601,"^":0.0,">":2329.233709369601}},"pair0041":{"4":{"<":1944.4512226766724,"^":1928.2556970940486,">":1959.482935678091},"2":{"<":1968.923644901167,"^":1961.825008031428,">":1956.0084652894795},"3":{"<":1955.6290203063566,"^":1953.3174486542252,">":1937.4537180768368},"5":{"<":1928.8205272729701,"^":1967.1192202448526,">":1943.015442490743},"1":{"<":2155.37886059985,"^":2176.222124314043,">":2153.0903562944623}}}}