{"parameters":{"pair0043":{"4":{"<":{"m₁":9.978341048685884,"γ":13.51828806981322,"b₂":-11.428508098593177,"λ₁":-9.36845665114995,"λ₂":-11.179373434881157,"a₁":-5.965758756078929,"a₂":-3.159071374794328,"m₂":-9.997922443336522,"b₁":-13.815510557964274},"^":{"m₁":9.993846634818315,"γ":13.807374058144134,"b₂":13.815510557964274,"λ₁":-10.926239483992473,"λ₂":-9.23639211123126,"a₁":-6.85407485262734,"a₂":-13.781366708358542,"m₂":-9.947553190954913,"b₁":-13.814725994589883},">":{"m₁":6.918164179093836,"γ":-5.234938016332851,"b₂":-13.75401414010884,"λ₁":-6.338471351437207,"λ₂":-9.12862196048967,"a₁":-13.704903329512613,"a₂":-5.779041629677426,"m₂":4.869611350436461,"b₁":-9.660816670939452}},"2":{"<":{"m₁":4.538977247144064,"γ":2.2425703847178653,"b₂":-5.053307701441799,"λ₁":-7.974805744799799,"λ₂":-7.030678455528115,"a₁":-13.785901617098133,"a₂":-4.567595961996826,"m₂":-2.566568872354569,"b₁":-10.400617488225793},"^":{"m₁":0.4244032300573064,"γ":-0.08707717984557917,"b₂":2.087247889477192,"λ₁":-1.6962680485284913,"λ₂":-3.3228928104882254,"a₁":-0.010096702309446925,"a₂":3.499382918500391,"m₂":0.4261653831913481,"b₁":-4.0813142154667865},">":{"m₁":0.22334733604610335,"γ":2.9094826192858037,"b₂":-5.164982530558188,"λ₁":0.0675057014262137,"λ₂":-1.440876075508088,"a₁":-0.014547073430879465,"a₂":-0.9184530697102069,"m₂":0.28957582727814746,"b₁":-4.864140393203513}},"3":{"<":{"m₁":7.720479489551444,"γ":13.815510557964274,"b₂":-12.615705006248755,"λ₁":-7.702115540076197,"λ₂":-10.473736529521172,"a₁":-1.2089925673932616,"a₂":-4.2409048176633455,"m₂":4.3561247294137075,"b₁":2.117436134267658},"^":{"m₁":-2.133274826647506,"γ":2.9333151448923687,"b₂":1.3043199268323935,"λ₁":-4.720025844125287,"λ₂":-4.69418847562361,"a₁":0.02408803415899463,"a₂":4.45505449087338,"m₂":-1.8058924522429969,"b₁":-1.621111331609102},">":{"m₁":9.973786140799483,"γ":13.159981146334854,"b₂":-13.749262499391635,"λ₁":-7.906210959463484,"λ₂":-13.686011620443557,"a₁":-13.039976706084548,"a₂":-13.721371314620537,"m₂":-9.971247634271647,"b₁":-13.72873517970289}},"5":{"<":{"m₁":9.737463292144543,"γ":-3.164439308478153,"b₂":-13.240556505527488,"λ₁":-8.894735798347108,"λ₂":-13.782354934984701,"a₁":-2.3908807881401177,"a₂":-3.26849519137712,"m₂":0.45298474626237706,"b₁":-13.815510557964274},"^":{"m₁":9.610697887380248,"γ":2.6005061789281747,"b₂":-7.7551547463100245,"λ₁":-13.227914347682184,"λ₂":-8.254000146273896,"a₁":-9.531886370631735,"a₂":13.786657236400675,"m₂":8.437851265540342,"b₁":-5.418995348948657},">":{"m₁":0.005943488647552897,"γ":0.09099517953845115,"b₂":-12.687335789913904,"λ₁":-12.658886869349875,"λ₂":-10.881149445714508,"a₁":-9.156209990731252,"a₂":-3.017251484288064,"m₂":-4.105032197466349,"b₁":-12.517906590281223}},"1":{"<":{"m₁":0.03398550035113068,"γ":0.0020760197585829587,"b₂":-5.755635946541224,"λ₁":6.876644304112816,"λ₂":-5.7326151362310505,"a₁":0.023347329058935884,"a₂":0.02784359572632411,"m₂":0.004727860976137421,"b₁":0.02148428917937295},"^":{"m₁":-0.0021441103186337074,"γ":-11.731709195292135,"b₂":-3.9205741441504323,"λ₁":11.504873653540852,"λ₂":0.11275670843642871,"a₁":0.050730675274232695,"a₂":-0.731053293000155,"m₂":0.11633163262230006,"b₁":-0.1205089659475238},">":{"m₁":9.946790667728308,"γ":-13.768058368751365,"b₂":-5.035952453717918,"λ₁":-7.323733717569286,"λ₂":-8.07381302911361,"a₁":-2.0201888506977674,"a₂":-6.7394419040853,"m₂":9.13175070538458,"b₁":-10.111392230345201}}},"pair0042":{"4":{"<":{"m₁":-4.850948706923691,"γ":-0.13613899507475047,"b₂":0.8447625599279949,"λ₁":-13.815510557964274,"λ₂":-2.2288734315118575,"a₁":-1.0423822371298304,"a₂":0.5865835332620346,"m₂":-0.24174997867365633,"b₁":-5.30220659523893},"^":{"m₁":-0.45497773981673184,"γ":0.19237770188988357,"b₂":0.14650846954392627,"λ₁":-4.695116024080207,"λ₂":0.06764652158159912,"a₁":0.10840836218126526,"a₂":-2.8938114558500363,"m₂":0.26356724454345226,"b₁":-3.410931994569731},">":{"m₁":0.33467095155483584,"γ":8.300638702950703,"b₂":-0.2655972728835092,"λ₁":-1.2813654662559646,"λ₂":-0.07094808137417274,"a₁":0.0741501033875096,"a₂":-0.36320342638539316,"m₂":0.05605899109674617,"b₁":-1.2149405990459243}},"2":{"<":{"m₁":0.0,"γ":0.0,"b₂":0.0,"λ₁":0.0,"λ₂":0.0,"a₁":0.0,"a₂":0.0,"m₂":0.0,"b₁":0.0},"^":{"m₁":0.0,"γ":0.0,"b₂":0.0,"λ₁":0.0,"λ₂":0.0,"a₁":0.0,"a₂":0.0,"m₂":0.0,"b₁":0.0},">":{"m₁":0.0,"γ":0.0,"b₂":0.0,"λ₁":0.0,"λ₂":0.0,"a₁":0.0,"a₂":0.0,"m₂":0.0,"b₁":0.0}},"3":{"<":{"m₁":0.3771057028018312,"γ":-0.4334442677631678,"b₂":-1.0834923168754766,"λ₁":-1.350801775354121,"λ₂":-0.7853609003398887,"a₁":-0.630263845381906,"a₂":-0.14010938888733016,"m₂":0.763743580493454,"b₁":-8.597854238372191},"^":{"m₁":0.39174991584269137,"γ":-0.9988758712992887,"b₂":1.8556014510594903,"λ₁":-2.8810954225140613,"λ₂":-0.9050579320918164,"a₁":-0.21145195230596414,"a₂":-0.16294607347899515,"m₂":-0.6758185445293599,"b₁":-2.746394617913781},">":{"m₁":0.5065605346802826,"γ":1.480446379244336,"b₂":0.23667346335727224,"λ₁":-1.6634518006206012,"λ₂":-0.7184081734116514,"a₁":0.02958680617523335,"a₂":-0.9016084369772184,"m₂":-0.6323814642425809,"b₁":-0.4254700029365388}},"5":{"<":{"m₁":0.0,"γ":0.0,"b₂":0.0,"λ₁":0.0,"λ₂":0.0,"a₁":0.0,"a₂":0.0,"m₂":0.0,"b₁":0.0},"^":{"m₁":-2.28967721326401,"γ":0.881971562189225,"b₂":13.677451365993125,"λ₁":-7.052650488080107,"λ₂":-1.600622859580179,"a₁":-0.07253401062816955,"a₂":6.650200940169867,"m₂":1.0572302277448387,"b₁":-2.6077851498427336},">":{"m₁":0.0,"γ":-9.210340371976182,"b₂":0.0,"λ₁":0.0,"λ₂":0.0,"a₁":0.0,"a₂":0.0,"m₂":0.0,"b₁":0.0}},"1":{"<":{"m₁":0.0,"γ":0.0,"b₂":0.0,"λ₁":0.0,"λ₂":0.0,"a₁":0.0,"a₂":0.0,"m₂":0.0,"b₁":0.0},"^":{"m₁":0.0,"γ":0.0,"b₂":0.0,"λ₁":0.0,"λ₂":0.0,"a₁":0.0,"a₂":0.0,"m₂":0.0,"b₁":0.0},">":{"m₁":0.0,"γ":0.0,"b₂":0.0,"λ₁":0.0,"λ₂":0.0,"a₁":0.0,"a₂":0.0,"m₂":0.0,"b₁":0.0}}},"pair0041":{"4":{"<":{"m₁":-0.4794435460306232,"γ":1.570415079318563,"b₂":-2.3816406062596442,"λ₁":-2.1808137544577164,"λ₂":0.04348660246099456,"a₁":0.5877574723431707,"a₂":-0.018771083253012577,"m₂":0.24626090504280995,"b₁":-1.2835650458822307},"^":{"m₁":-0.7875515352206879,"γ":-1.1309783578052723,"b₂":-6.565289916566855,"λ₁":0.050020660159509234,"λ₂":1.2951371104728597,"a₁":-0.18384529061874133,"a₂":0.6574437858692548,"m₂":-0.5700668729486491,"b₁":-4.454024543954187},">":{"m₁":-1.0566932233425383,"γ":-3.444757899649776,"b₂":-2.8648333867750466,"λ₁":-5.815751041961279,"λ₂":-0.13605961772220176,"a₁":-0.4894616901856601,"a₂":-0.7041607458817438,"m₂":2.2251447660541874,"b₁":-4.930448723709617}},"2":{"<":{"m₁":0.0,"γ":0.0,"b₂":0.0,"λ₁":0.0,"λ₂":0.0,"a₁":0.0,"a₂":0.0,"m₂":0.0,"b₁":0.0},"^":{"m₁":-0.23314348249529004,"γ":3.989515691762932,"b₂":-7.54125484282986,"λ₁":-1.5161979731742452,"λ₂":0.9890037159981677,"a₁":-2.051930299718764,"a₂":-13.396512571319468,"m₂":0.36227940152619453,"b₁":-2.4074494033638913},">":{"m₁":-0.3262233039587894,"γ":0.31532343242802163,"b₂":-0.8890911445084324,"λ₁":-0.8347643268038034,"λ₂":1.3028102060224125,"a₁":0.1868023800345533,"a₂":-0.06058947961379779,"m₂":-0.18239598473576457,"b₁":-0.9849857768117349}},"3":{"<":{"m₁":-0.07078453552347419,"γ":-0.02809811314870103,"b₂":-0.07226874126209992,"λ₁":0.001801798258613374,"λ₂":-0.013522446663388976,"a₁":-0.01253369123964454,"a₂":0.032259736571136344,"m₂":0.013546177863636544,"b₁":-1.7483981486432807},"^":{"m₁":0.1536465351036309,"γ":3.04619107536562,"b₂":-0.17472209547214135,"λ₁":-0.47110150807546525,"λ₂":0.491326819549581,"a₁":-0.07467809408684722,"a₂":0.002264013830464151,"m₂":0.562157808825523,"b₁":-0.9129699284325827},">":{"m₁":-2.4047593296743575,"γ":2.1808344661646206,"b₂":-0.9650856504441379,"λ₁":-4.2115896336081615,"λ₂":-1.6301433295149454,"a₁":-1.7265407010419,"a₂":-0.8234200534713505,"m₂":-2.091521844151214,"b₁":-4.724992715972462}},"5":{"<":{"m₁":-0.8756715901460019,"γ":0.22755197652825032,"b₂":0.0907620419776407,"λ₁":-1.7033717334367662,"λ₂":-1.0111310123238688,"a₁":-0.016703568972934235,"a₂":0.7141506757565477,"m₂":-0.1284068629071946,"b₁":-2.7481583669581724},"^":{"m₁":-0.12065407672787032,"γ":-0.5942275963219412,