{"likelihoods":{"pair0066":{"<":2207.7490323424536,"^":2301.71484428171,">":2025.3043817724651},"pair0067":{"<":2422.488285450363,"^":2475.647209403151,">":2424.0187095088377},"pair0065":{"<":2356.3414375419998,"^":2545.982094856202,">":2052.8314664179684}}}