{"parameters":{"pair0066":{"<":{"γ":-0.5028992095625089,"b₂":-0.02626305705361709,"λ₁":0.02110615688009787,"λ₂":-0.0011631377520835429,"a₁":0.021267935382484282,"a₂":0.02532570902731557,"b₁":-0.03416727929025143},"^":{"γ":0.5467433331746498,"b₂":-2.70915155103161,"λ₁":0.3893351190186589,"λ₂":-1.1803891265752764,"a₁":-0.6791036772000432,"a₂":0.6637802087775881,"b₁":-2.187549975385579},">":{"γ":-13.812804094818192,"b₂":-13.812995422343686,"λ₁":13.815423405426348,"λ₂":3.9269447818566903,"a₁":-2.4609544869255497,"a₂":-4.280489246876007,"b₁":-13.813021249978346}},"pair0067":{"<":{"γ":1.2950410631018823,"b₂":0.02185775716467475,"λ₁":-0.3538128878054465,"λ₂":0.3961053749207242,"a₁":-0.19594539601344962,"a₂":-0.13859437796222807,"b₁":-0.25898239633407805},"^":{"γ":0.857172541944518,"b₂":-0.1965191579338974,"λ₁":-1.3874866575700153,"λ₂":0.01067378282538023,"a₁":-0.009173202445673212,"a₂":-5.859287932988018,"b₁":-0.5663983698611954},">":{"γ":2.553652980477896,"b₂":-0.07616321606780296,"λ₁":0.015178918625791127,"λ₂":0.7487300238142431,"a₁":-0.389674944292814,"a₂":0.04560080208825745,"b₁":0.05842960586929635}},"pair0065":{"<":{"γ":-0.37579235878087935,"b₂":4.0640464681325525,"λ₁":3.2781341948138625,"λ₂":-0.5372467512020265,"a₁":-1.6130233605649291,"a₂":4.450927522322175,"b₁":-12.609131358815418},"^":{"γ":0.0954421201448632,"b₂":-0.3698178440255724,"λ₁":0.3193175123696488,"λ₂":0.03717674272180993,"a₁":-0.3095232271800388,"a₂":0.08103032002251886,"b₁":-0.4342408432232947},">":{"γ":13.814865832308652,"b₂":13.815373626981042,"λ₁":-13.813251078876545,"λ₂":-7.263180878017451,"a₁":1.2898463934367062,"a₂":13.815056069393588,"b₁":-13.81323778042811}}}}