{"params":{"P":100,"m₂":0.0,"b₁":0.01287979185358896,"name":"m_1_k_3","seed_no":102,"M":4,"λ₁":0.016911756137807387,"a₂":9.60151287023719,"b₂":32.768327121789476,"Rs":[1,2,3,4,5],"T_max":1000,"m₁":0.0,"γ":709.8928963553675,"a₁":0.00010021030585247512,"λ₂":0.11947621791148755,"EPOCHS":200,"tr_acc":-0.820754475812293}}