{"params":{"P":100,"m₂":0.0,"b₁":8.130711403590892,"name":"m_1_k_2","seed_no":102,"M":4,"λ₁":2.1638926374762066,"a₂":0.00010000000000000009,"b₂":0.0008358667079049903,"Rs":[1,2,3,4,5],"T_max":1000,"m₁":0.0,"γ":9964.441584455773,"a₁":0.00010185828759150679,"λ₂":48.902568207698096,"EPOCHS":200,"tr_acc":-0.8646832568701053}}