{"params":{"P":100,"m₂":0.0,"b₁":9997.856569757449,"name":"m_1_k_1","seed_no":102,"M":4,"λ₁":9998.380756651612,"a₂":0.00010012557644656498,"b₂":0.00010017428969144998,"Rs":[1,2,3,4,5],"T_max":1000,"m₁":0.0,"γ":9998.548474132582,"a₁":0.004117005086828087,"λ₂":226.14677429121184,"EPOCHS":200,"tr_acc":-0.7462908597833098}}