{"likelihoods":{"pair0046":{"4":{"<":1500.9857461629417,"^":1560.5388197013112,">":1481.1938669124218},"2":{"<":1538.7297071001997,"^":1752.2413476756299,">":1530.8125705105972},"3":{"<":1503.831881670211,"^":1576.709021784487,">":1514.9278617529044},"5":{"<":1466.7806321348671,"^":1498.902902800308,">":1477.244139543637},"1":{"<":2333.2651018733013,"^":2841.458688359128,">":0.0}},"pair0049":{"4":{"<":921.2050455197642,"^":912.5977664218402,">":921.183655772332},"2":{"<":905.1236060790516,"^":916.1347231963941,">":910.3198299391004},"3":{"<":920.3245737847886,"^":911.6079496181336,">":915.4666403353865},"5":{"<":936.7452160923706,"^":928.2150778473667,">":941.8876968649366},"1":{"<":919.6137359468365,"^":1040.1550403458175,">":917.1960240625756}},"pair0050":{"4":{"<":919.9020710250554,"^":929.3789982259353,">":925.3385434078352},"2":{"<":914.4876099403759,"^":959.1155090325524,">":910.7164041585013},"3":{"<":919.3600458194408,"^":926.9780603013972,">":925.3398035677881},"5":{"<":926.1168679667691,"^":924.9368096157949,">":925.8289617907424},"1":{"<":931.853548941307,"^":0.0,">":927.8909191519423}},"pair0047":{"4":{"<":-1407.0638456656925,"^":-1182.313464120863,">":-1387.8848088406912},"2":{"<":-1230.1089648535276,"^":-1254.410993328777,">":-1233.0747062398098},"3":{"<":-1300.7884513747358,"^":-1269.4886256048148,">":-1214.1895189398915},"5":{"<":-229.29573984909328,"^":-1258.1177436123908,">":-1085.9816786515437},"1":{"<":722.2721672596363,"^":724.8026222030604,">":722.2147810892557}},"pair0048":{"4":{"<":468.9158459917565,"^":451.8196954337958,">":458.26461485435686},"2":{"<":456.5160225679746,"^":468.7162710003722,">":454.65667415474684},"3":{"<":470.0394903509807,"^":452.0187226192747,">":452.7854687805502},"5":{"<":464.0306374092402,"^":460.97643019638315,">":470.80639687089825},"1":{"<":477.2368364290512,"^":475.7686760935829,">":471.34735664114896}}}}