{"parameters":{"pair0046":{"4":{"<":{"γ":-0.6663072386556994,"b₂":-0.9735480454684051,"λ₁":0.005744058369050009,"λ₂":-1.6211104469374185,"a₁":-0.03222335007327359,"a₂":0.06566331128835934,"b₁":-7.791573316765369},"^":{"γ":-3.059016289826463,"b₂":13.815510557964274,"λ₁":-13.815510557964274,"λ₂":-13.815510557964274,"a₁":-2.7660555961851525,"a₂":13.386835535862694,"b₁":-13.815510557964274},">":{"γ":0.16172566347917972,"b₂":-2.003050828371938,"λ₁":-0.8672916512888253,"λ₂":-0.3579337295143201,"a₁":0.45759094605159234,"a₂":0.641563132268713,"b₁":0.09221479085743312}},"2":{"<":{"γ":-0.05700103647461496,"b₂":0.0024443052780824814,"λ₁":0.0031835088896841057,"λ₂":0.2874108896342964,"a₁":0.02728119756626768,"a₂":0.032689884530245905,"b₁":0.008854086964216634},"^":{"γ":-0.38460040911479254,"b₂":-2.971519583000779,"λ₁":-0.504749906574272,"λ₂":-0.577120041591975,"a₁":0.0013507875256220103,"a₂":0.0991523027541561,"b₁":-0.18631462994663295},">":{"γ":-0.48624834285976526,"b₂":-1.6931596233521375,"λ₁":-0.539347829036803,"λ₂":-0.15192985644201507,"a₁":0.02977410775620548,"a₂":0.21910187648608748,"b₁":-0.06882479560622734}},"3":{"<":{"γ":-0.3901534507314377,"b₂":-1.3349169938911007,"λ₁":0.5655740424584632,"λ₂":-0.9817219705814875,"a₁":-0.32653120055239526,"a₂":0.05602888548193796,"b₁":0.2814091233912315},"^":{"γ":1.0866132783023428,"b₂":3.980192603764465,"λ₁":-2.3245915057104902,"λ₂":-1.138471353286393,"a₁":-3.3607008825646982,"a₂":-13.316623543352058,"b₁":-5.5574805464459445},">":{"γ":-1.192321037824481,"b₂":-0.06833591263810845,"λ₁":0.742214115430798,"λ₂":0.27288947886585824,"a₁":-0.5728779364940273,"a₂":0.380464557948498,"b₁":-0.696872960083633}},"5":{"<":{"γ":0.20597641201042016,"b₂":-0.16423864811811484,"λ₁":-1.0213002411607288,"λ₂":-2.239851603020071,"a₁":-0.7135082766329344,"a₂":2.3449468900777113,"b₁":-4.5281459345526365},"^":{"γ":0.5283432903072942,"b₂":-13.812163485292016,"λ₁":-4.635261137745289,"λ₂":-6.149063580557214,"a₁":0.08004031733530859,"a₂":-13.807615004785726,"b₁":-2.380093620399407},">":{"γ":-1.133701352823545,"b₂":-5.592198362592047,"λ₁":-4.796125950861105,"λ₂":-4.233289572874828,"a₁":0.04732676091681576,"a₂":-0.26581096776434343,"b₁":0.31635788105396223}},"1":{"<":{"γ":-0.08123587121117382,"b₂":-0.5618700065081601,"λ₁":4.382592714977509,"λ₂":1.0839336248867664,"a₁":-1.6411158192827937,"a₂":-0.13156355898670213,"b₁":0.13456743342044142},"^":{"γ":13.815510557964274,"b₂":13.800517111662074,"λ₁":13.815510557964274,"λ₂":13.81551055796427,"a₁":2.204930550814371,"a₂":-13.815510557964274,"b₁":2.43982406096298},">":{"γ":0.0,"b₂":0.0,"λ₁":0.0,"λ₂":0.0,"a₁":0.0,"a₂":0.0,"b₁":0.0}}},"pair0049":{"4":{"<":{"γ":-0.4634939214143561,"b₂":-0.6221527794417092,"λ₁":0.15511036818915613,"λ₂":0.5141058957738824,"a₁":-0.024067901828585647,"a₂":1.320887760712301,"b₁":0.10938481869957783},"^":{"γ":2.166595274650753,"b₂":-11.516552857277901,"λ₁":-1.0141862473314713,"λ₂":-0.8513538776678953,"a₁":-0.18077882072059026,"a₂":13.815510557964274,"b₁":-1.637503833710035},">":{"γ":0.1404517563486607,"b₂":-0.21684192540863378,"λ₁":1.183483573432662,"λ₂":0.9327524061035,"a₁":0.11420900101225762,"a₂":-0.4768076443312328,"b₁":-0.67385018765623}},"2":{"<":{"γ":1.2077854803238477,"b₂":-0.7043197803166041,"λ₁":-0.0054449564745766565,"λ₂":0.5808127764168631,"a₁":0.004102699126322662,"a₂":0.35278623782600427,"b₁":-0.42640436620444433},"^":{"γ":4.637713922242547,"b₂":1.0592948314740767,"λ₁":-1.6070525855986677,"λ₂":-1.372562366369337,"a₁":0.12164191168876926,"a₂":0.5789703276532343,"b₁":-0.7357715520097976},">":{"γ":0.0,"b₂":0.0,"λ₁":0.0,"λ₂":0.0,"a₁":0.0,"a₂":0.0,"b₁":0.0}},"3":{"<":{"γ":0.0038171293828330732,"b₂":-1.7065526565476024,"λ₁":13.815510557964274,"λ₂":-0.002489080077539896,"a₁":-1.1487133183641465,"a₂":0.012945385019008881,"b₁":0.31371042034505514},"^":{"γ":0.7630960875383046,"b₂":12.661421213041887,"λ₁":-0.9071219856681392,"λ₂":-2.632292446814281,"a₁":-0.14977480863275083,"a₂":0.3197127828077022,"b₁":-1.1593660794882847},">":{"γ":0.0,"b₂":0.0,"λ₁":0.0,"λ₂":0.0,"a₁":0.0,"a₂":0.0,"b₁":0.0}},"5":{"<":{"γ":-9.256850565722988,"b₂":12.680416298813924,"λ₁":6.920163450246658,"λ₂":-0.07933839215742466,"a₁":6.953245958721606,"a₂":12.888405566982495,"b₁":6.868768954158124},"^":{"γ":-0.5741606469274778,"b₂":-1.2376388548801156,"λ₁":-0.8362608949140853,"λ₂":-1.5441998804081436,"a₁":-0.044457979671069126,"a₂":2.9828149400033332,"b₁":-0.1924403909302761},">":{"γ":-5.859194614790895,"b₂":-5.278362438878991,"λ₁":2.686691868890346,"λ₂":-2.436073322612616,"a₁":0.9671768877538529,"a₂":-5.976137265095552,"b₁":2.5956668108496643}},"1":{"<":{"γ":1.454276671631309,"b₂":0.05576934041295445,"λ₁":7.6995143848530745,"λ₂":-0.591640383443897,"a₁":-0.5785316518205015,"a₂":-0.11580046128636745,"b₁":-0.3209974178046071},"^":{"γ":-13.815510557964274,"b₂":-13.815510557964274,"λ₁":13.815510557964274,"λ₂":13.815510557964274,"a₁":0.062429749645886545,"a₂":-13.815510557964274,"b₁":-0.11034189035643394},">":{"γ":3.299326805596557,"b₂":-0.060097505557394015,"λ₁":13.626372190057229,"λ₂":0.7522896123576732,"a₁":-0.2702874075705992,"a₂":0.5008125590935251,"b₁":-0.42303052285048004}}},"pair0050":{"4":{"<":{"γ":-0.11795984533338633,"b₂":-0.021707465552802674,"λ₁":-1.1307971329479063,"λ₂":-0.13089449549202747,"a₁":1.202314576136562,"a₂":1.646236220319505,"b₁":-0.59261406807871},"^":{"γ":0.3335062347524733,"b₂":2.7604147714660563,"λ₁":-0.4237676247226716,"λ₂":-0.8778295907758409,"a₁":0.051042858863247886,"a₂":0.3327685765164663,"b₁":-0.638069331460807},">":{"γ":11.4236067907039,"b₂":-2.259310213174116,"λ₁":-0.11086686993598782,"λ₂":-0.14336141268211655,"a₁":0.3689763811923097,"a₂":0.18434179740423673,"b₁":0.03170422388910943}},"2":{"<":{"γ":7.3145027779290075,"b₂":0.024659771547947074,"λ₁":0.02924229047357585,"λ₂":-0.4905655156024178,"a₁":0.011197218149662902,"a₂":-0.02852251137367645,"b₁":0.04553215840574332},"^":{"γ":9.645666496033197,"b₂":-3.5373296734011888,"λ₁":-8.245336034894912,"λ₂":1.7938821957861624,"a₁":0.09627032239898448,"a₂":2.6500158109131497,"b₁":-1.2929250451572543},">":{"γ":7.217807563269929,"b₂":-0.6762295362661384,"λ₁":-1.0576942699409901,"λ₂":0.014186943303087673,"a₁":-0.008893963042968522,"a₂":-0.00106994951142525,"b₁":-0.047779580088811}},"3":{"<":{"γ":-1.1715310221345163,"b₂":-1.5260438368056501,"λ₁":-0.04827297158931465,"λ₂":1.5402131177876974,"a₁":-0.027861273771824457,"a₂":-0.11814269289866886,"b₁":0.6703641054031806},"^":{"γ":0.027951660126886324,"b₂":-1.7880996840729253,"λ₁":-2.5416687811974104,"λ₂":-1.8961596220970982,"a₁":-0.02011602516688349,"a₂":-0.4820625978951334,"b₁":-1.4156270966550082},">":{"γ":0.0,"b₂":0.0,"λ₁":0.0,"λ₂":0.0,"a₁":0.0,"a₂":0.0,"b₁":0.0}},"5":{"<":{"γ":-2.134493091085792,"b₂":-0.010650586172676668,"λ₁":2.215292714106333,"λ₂":0.8345027163102525,"a₁":-0.09768323763526254,"a₂":-0.812432689770711,"b₁":0.22939542661533885},"^":{"γ":0.7740886076797722,"b₂":1.3073326839489603,"λ₁":-1.4803849621687863,"λ₂":-1.5437111922607993,"a₁":0.029941691226920142,"a₂":1.805744655377982,"b₁":-1.2446365188861712},">":{"γ":-4.725521083997005,"b₂":-0.4240988617239534,"λ₁":-0.04824186338588987,"λ₂":-0.0044727516918836585,"a₁":-0.5334961438331938,"a₂":0.06541862585658897,"b₁":1.3564434900832953}},"1":{"<":{"γ":-0.0453389338661232,"b₂":0.01678628711026775,"λ₁":0.0020084553528150195,"λ₂":0.25576097841678624,"a₁":-0.013731616533382507,"a₂":-0.009081910618522926,"b₁":-0.030244772406275544},"^":{"γ":0.0,"b₂":0.0,"λ₁":0.0,"λ₂":0.0,"a₁":0.0,"a₂":0.0,"b₁":0.0},">":{"γ":13.7834239841001,"b₂":0.1160974359289586,"λ₁":4.677791791863061,"λ₂":1.4920432778469284,"a₁":1.4567863985873348,"a₂":0.4645783456993495,"b₁":1.8894017977439095}}},"pair0047":{"4":{"<":{"γ":12.351217520940502,"b₂":-13.811379709946214,"λ₁":-7.8513297722079844,"λ₂":-13.811118277131486,"a₁":-3.503537252491057,"a₂":2.691319517949566,"b₁":-13.465615862660218},"^":{"γ":11.797385698174498,"b₂":12.53237682674115,"λ₁":2.79721748143416,"λ₂":-13.815510557964274,"a₁":-0.1264218929986871,"a₂":-3.600337128988212,"b₁":-13.815510557964274},