{"likelihoods":{"pair0031":{"4":{"<":2805.647663470431,"^":2793.027175453665,">":2813.420651324462},"2":{"<":2810.54683793872,"^":2804.543250301263,">":2819.8657876941834},"3":{"<":2817.522879700979,"^":2803.6923224609204,">":2803.9816627711807},"5":{"<":2810.494271103032,"^":2794.166747456736,">":2790.476517031084},"1":{"<":2831.185068077308,"^":2837.02108659698,">":2836.4442275096194}},"pair0030":{"4":{"<":2830.023475125415,"^":2781.2373317103234,">":2781.5135452447216},"2":{"<":2824.6123160495113,"^":2824.6630231258832,">":2821.6950634698505},"3":{"<":2821.814844346718,"^":2796.327483073965,">":2801.478875837782},"5":{"<":2765.043738136021,"^":2725.6226805871624,">":2755.425036502498},"1":{"<":2839.7269451084453,"^":2845.5130730527208,">":2830.543086398766}},"pair0032":{"4":{"<":8.571775972682135,"^":-182.24848089293917,">":-114.6056792324465},"2":{"<":1992.717898990418,"^":2083.5162991327165,">":2008.6813318663383},"3":{"<":1848.336108630804,"^":31.02819800245271,">":161.58974692233315},"5":{"<":-428.9961829451806,"^":-488.5868493611057,">":-313.31609492179206},"1":{"<":2785.309091421436,"^":2837.021143736753,">":2673.868236640492}}}}