{"parameters":{"pair0031":{"4":{"<":{"γ":3.2949420911767024,"b₂":-2.6251007030966234,"λ₁":-0.612475560597705,"λ₂":1.279616933396376,"a₁":0.3461832164632419,"a₂":-0.4675787009982386,"b₁":-0.1897703108976927},"^":{"γ":-0.21330572577246798,"b₂":-4.349918189358596,"λ₁":-2.2459560039015933,"λ₂":-3.0868686041619116,"a₁":-0.0487786538698618,"a₂":-3.2487376266737646,"b₁":-0.9551368245407073},">":{"γ":9.10656954095205,"b₂":-5.0440646795093596,"λ₁":-0.35775127959674613,"λ₂":2.0776912453372436,"a₁":0.7273378732660376,"a₂":-4.063244362313932,"b₁":-0.3891764310998962}},"2":{"<":{"γ":5.172194384077901,"b₂":-2.737819591961906,"λ₁":0.279382661682968,"λ₂":3.2691593896186575,"a₁":-2.578290106842358,"a₂":-1.3696752820395046,"b₁":-4.317902297011347},"^":{"γ":9.210340371976185,"b₂":0.20956233935298485,"λ₁":1.3639015608194942,"λ₂":-0.029629126447602516,"a₁":-0.0644158390407501,"a₂":9.136059698323917,"b₁":-0.3579624526476781},">":{"γ":1.9912592714286088,"b₂":0.1680458947990804,"λ₁":-0.21280416531680224,"λ₂":0.03892048763159117,"a₁":0.1148921320610583,"a₂":0.431004376468314,"b₁":0.05189393659299313}},"3":{"<":{"γ":1.7763568394002505e-15,"b₂":1.7763568394002505e-15,"λ₁":1.7763568394002505e-15,"λ₂":1.7763568394002505e-15,"a₁":1.7763568394002505e-15,"a₂":1.7763568394002505e-15,"b₁":1.7763568394002505e-15},"^":{"γ":0.535137750646312,"b₂":-0.4406630817716586,"λ₁":-1.938341480267705,"λ₂":0.4602819229918911,"a₁":0.05151759822748403,"a₂":-1.938431950281589,"b₁":0.000993066675805565},">":{"γ":1.4574971283355502,"b₂":-1.3104838946462651,"λ₁":-9.210340371976182,"λ₂":0.7720865940644881,"a₁":0.07297169065318876,"a₂":-0.7969532539058726,"b₁":-4.313071357890129}},"5":{"<":{"γ":0.5778109988200395,"b₂":-0.8613498301576161,"λ₁":1.0224982753549394,"λ₂":0.27862788509724723,"a₁":-1.1609801006118499,"a₂":0.2111428186270281,"b₁":-2.137074118143521},"^":{"γ":9.210340371976185,"b₂":-9.210340371976182,"λ₁":0.2737248875573641,"λ₂":-0.07566577815106612,"a₁":-0.45565763888597566,"a₂":9.210340371976185,"b₁":-0.6713904985112062},">":{"γ":1.0702264972178135,"b₂":1.312977744426263,"λ₁":-4.353023128121124,"λ₂":3.955403270991356,"a₁":0.09328101150913248,"a₂":1.3969152411287489,"b₁":-3.5966880291192513}},"1":{"<":{"γ":1.0493725956111124,"b₂":0.8705582511479104,"λ₁":9.192601308448635,"λ₂":2.635115349084007,"a₁":0.261377802571527,"a₂":0.45558883086844304,"b₁":-0.6133750506809807},"^":{"γ":0.14722865328419665,"b₂":-9.208647374552296,"λ₁":9.210175416670408,"λ₂":9.210140664786865,"a₁":9.209999955461102,"a₂":5.910521559461884,"b₁":9.209900609631335},">":{"γ":-6.122166271927031,"b₂":0.8836077247341478,"λ₁":9.210340371976185,"λ₂":1.4374529827743512,"a₁":0.19864673915897946,"a₂":1.3332125093449214,"b₁":-0.6422508767324775}}},"pair0030":{"4":{"<":{"γ":1.7763568394002505e-15,"b₂":1.7763568394002505e-15,"λ₁":1.7763568394002505e-15,"λ₂":1.7763568394002505e-15,"a₁":1.7763568394002505e-15,"a₂":1.7763568394002505e-15,"b₁":1.7763568394002505e-15},"^":{"γ":1.7781898870233093,"b₂":9.210340371976185,"λ₁":-3.835346543104863,"λ₂":2.897587209442756,"a₁":-3.9094378940542454,"a₂":-6.582583298492024,"b₁":-5.397331116459},">":{"γ":0.031704545694582364,"b₂":-7.030692429313865,"λ₁":-6.607979515169527,"λ₂":6.895454148904056,"a₁":-1.6921361976568399,"a₂":-2.635024209109541,"b₁":-6.822340093320083}},"2":{"<":{"γ":1.7763568394002505e-15,"b₂":1.7763568394002505e-15,"λ₁":1.7763568394002505e-15,"λ₂":1.7763568394002505e-15,"a₁":1.7763568394002505e-15,"a₂":1.7763568394002505e-15,"b₁":1.7763568394002505e-15},"^":{"γ":1.9836802106974165,"b₂":-9.210340371976182,"λ₁":2.814828913082758,"λ₂":-1.5194618046498505,"a₁":0.09856789435555235,"a₂":9.210340371976185,"b₁":-0.7061488216074547},">":{"γ":1.237024371011385,"b₂":-3.1202516008489942,"λ₁":3.6438631907936507,"λ₂":0.5798501505593272,"a₁":9.210340371976185,"a₂":-3.1167366398084733,"b₁":9.210340371976185}},"3":{"<":{"γ":0.6694172329305061,"b₂":4.974760087250729e-5,"λ₁":-0.9147426613085905,"λ₂":0.46767179586728247,"a₁":0.8564972753443758,"a₂":0.02930547871590683,"b₁":0.47983225877892544},"^":{"γ":1.1786861209825314,"b₂":-6.334536993567017,"λ₁":-4.155153083758796,"λ₂":5.089557846262929,"a₁":-0.6973867348693421,"a₂":5.888690676139998,"b₁":-2.7370545990415627},">":{"γ":1.7763568394002505e-15,"b₂":6.140226914650789,"λ₁":1.7763568394002505e-15,"λ₂":1.7763568394002505e-15,"a₁":1.7763568394002505e-15,"a₂":6.140226914650789,"b₁":1.7763568394002505e-15}},"5":{"<":{"γ":1.9100446311955892,"b₂":-7.19463173367311,"λ₁":0.9200682392154178,"λ₂":-0.966939488006366,"a₁":0.8265901136500968,"a₂":-1.1262283642550592,"b₁":0.7944950976064007},"^":{"γ":-0.24663845962493447,"b₂":9.209980590044895,"λ₁":-9.208992033204945,"λ₂":9.21028812479325,"a₁":-1.7705630824480014,"a₂":-9.208817469894722,"b₁":-9.20924847077196},">":{"γ":9.21029844095577,"b₂":9.209803785335454,"λ₁":-1.8492886169817222,"λ₂":-1.2850618277587094,"a₁":-1.679246787203823,"a₂":9.209907851002894,"b₁":-9.208339249928425}},"1":{"<":{"γ":-5.804489970888315,"b₂":-2.454711579429465,"λ₁":7.013224203541588,"λ₂":2.967980138061252,"a₁":-0.3750600922953211,"a₂":-0.6152046609716901,"b₁":-1.7717254295058043},"^":{"γ":9.210340371976185,"b₂":-9.210340371976182,"λ₁":9.210340371976182,"λ₂":9.210340371976182,"a₁":-1.4565734020776997,"a₂":-1.8806296160995801,"b₁":-2.838836301050013},">":{"γ":2.989795981115444,"b₂":-0.6197280556063802,"λ₁":9.210340371976185,"λ₂":3.6945221653234235,"a₁":-0.02218756887781481,"a₂":-0.5621939531684745,"b₁":-0.7523274774314022}}},"pair0032":{"4":{"<":{"γ":9.169999044794674,"b₂":-9.210340371976182,"λ₁":1.1723536353282995,"λ₂":-9.10000836175599,"a₁":-3.012244972902373,"a₂":-3.763201883667051,"b₁":-9.191471690711081},"^":{"γ":1.5415567208391625,"b₂":-5.717741428612033,"λ₁":-9.208980293161522,"λ₂":0.2887183443096557,"a₁":-2.4158990567302085,"a₂":3.7252199142479707,"b₁":-9.210340371976182},">":{"γ":3.8216134972105866,"b₂":-8.719401004813758,"λ₁":-9.206302742089097,"λ₂":-0.9170013629912201,"a₁":-8.927774157598368,"a₂":-9.196416715343075,"b₁":-9.210340371976182}},"2":{"<":{"γ":0.07307318864983792,"b₂":-3.9467477879726314,"λ₁":-0.039706345957164046,"λ₂":-0.8423191451915226,"a₁":-0.22932847718193194,"a₂":-0.3209759409047699,"b₁":-1.8312694144455444},"^":{"γ":0.6134475168593774,"b₂":-0.49569309851296417,"λ₁":-1.1180071236807354,"λ₂":0.38955479988121056,"a₁":-0.004265542781466181,"a₂":0.5949905911339268,"b₁":-1.7497229016035538},">":{"γ":-1.6229452695359656,"b₂":-9.205965032767255,"λ₁":-4.963971484836671,"λ₂":-0.6089005772257394,"a₁":-1.0459452294857883,"a₂":-2.2753413583330904,"b₁":-9.209744354825064}},"3":{"<":{"γ":-0.16301713819070507,"b₂":-2.380195803721908,"λ₁":-0.38420096839305806,"λ₂":-0.3631147759652862,"a₁":0.02308451455742322,"a₂":0.007859306820623857,"b₁":-0.3522470015466883},"^":{"γ":9.210340371976185,"b₂":-4.478292109281912,"λ₁":-9.210340371976182,"λ₂":-9.210340371976182,"a₁":-9.210340371976182,"a₂":-9.210340371976182,"b₁":-9.210340371976182},">":{"γ":9.210340371976185,"b₂":9.210340371976182,"λ₁":-9.210340371976182,"λ₂":9.136671891634284,"a₁":-5.3783703937933005,"a₂":9.174610187966719,"b₁":-9.210340371976182}},"5":{"<":{"γ":-3.817714262842859,"b₂":-9.210340371976182,"λ₁":4.678926586516223,"λ₂":-9.210340371976182,"a₁":-9.138857387062792,"a₂":-9.189818974558035,"b₁":-9.210340371976182},"^":{"γ":-3.8008541132946254,"b₂":2.3436118612430974,"λ₁":-8.4827539488464,"λ₂":6.345142158874024,"a₁":-1.5337590984557226,"a₂":9.201005748585958,"b₁":-9.204484229730275},">":{"γ":9.209356213621907,"b₂":0.0078789029340669,"λ₁":-8.930803517015878,"λ₂":4.563272451034175,"a₁":-8.114544527269773,"a₂":-8.194904406176978,"b₁":-9.210340371976182}},"1":{"<":{"γ":0.4587199689692234,"b₂":0.5591385148666017,"λ₁":3.9291284942016294,"λ₂":3.461721811680521,"a₁":0.252479994848656,"a₂":0.6708801957172774,"b₁":-0.05107422339086476},"^":{"γ":-9.174040855912455,"b₂":9.210340371976185,"λ₁":9.210340371976185,"λ₂":9.210340371976185,"a₁":9.210340371976185,"a₂":9.184408718953646,"b₁":9.210340371976185},">":{"γ":1.7763568394002505e-15,"b₂":1.7763568394002505e-15,"λ₁":1.7763568394002505e-15,