{"likelihoods":{"pair0076":{"<":738.8648043740012,"^":777.8641126075543,">":740.6259272287865},"pair0080":{"<":1324.540655332543,"^":1284.5237558102845,">":1312.7441840681238},"pair0077":{"<":2415.7522924174077,"^":2401.4952427256458,">":2418.5133713757477},"pair0078":{"<":1292.6173434235848,"^":1354.6898260643814,">":1305.9273578561726},"pair0079":{"<":1455.393591026382,"^":1502.1341981320447,">":1464.6667587312045}}}