{"parameters":{"pair0076":{"<":{"γ":-0.7470533391845944,"b₂":-0.3563661689213209,"λ₁":1.747245042982371,"λ₂":0.6535428014250861,"a₁":0.16263993379634556,"a₂":0.12854256914134687,"b₁":0.3804498281470359},"^":{"γ":9.210340371976185,"b₂":0.9906054410302758,"λ₁":-1.5130503085131481,"λ₂":-4.13527670174365,"a₁":-0.6051970867799863,"a₂":-0.33216628815050697,"b₁":-3.361658234033233},">":{"γ":-1.4208056975470411,"b₂":-0.0392549557971833,"λ₁":9.209925283849016,"λ₂":-1.1896294844806423,"a₁":-0.4101886035995932,"a₂":-0.8571131012138391,"b₁":-0.25368749954236947}},"pair0080":{"<":{"γ":1.2108052228728887,"b₂":-5.100027344497014,"λ₁":-9.210225642147035,"λ₂":-6.052369668441237,"a₁":-1.1883334600813242,"a₂":-0.12171143950706131,"b₁":-4.0074842948382425},"^":{"γ":1.2459809378159505,"b₂":9.208802427623423,"λ₁":-3.7518040054901833,"λ₂":-9.188562268725475,"a₁":-2.0296665884685297,"a₂":-9.182101486372467,"b₁":-9.210340371976182},">":{"γ":2.2959675454818953,"b₂":-9.210029217944177,"λ₁":-3.326357731545717,"λ₂":-4.454097937621787,"a₁":-3.0715224584310414,"a₂":-2.9445786310148234,"b₁":-0.372505736242303}},"pair0077":{"<":{"γ":9.210340371976185,"b₂":-1.796877248881497,"λ₁":0.3768788764239197,"λ₂":-0.6351599272138415,"a₁":1.2020909029764635,"a₂":-0.18460834852647423,"b₁":0.5667369171729764},"^":{"γ":8.699302851397166,"b₂":-9.210340371976182,"λ₁":-3.6923894068984335,"λ₂":-4.119817359545316,"a₁":0.412175054887987,"a₂":-9.210340371976182,"b₁":-1.149341075381452},">":{"γ":-0.9492207484035298,"b₂":-3.7193665795933146,"λ₁":-2.1484288441602493,"λ₂":-1.8867386776430566,"a₁":-2.0699719420551252,"a₂":-0.3479472576697482,"b₁":-6.02772156934898}},"pair0078":{"<":{"γ":-1.3863219678366274,"b₂":-3.4544212909157643,"λ₁":-0.3387750667933336,"λ₂":-0.9872115738731804,"a₁":-0.2851789090248662,"a₂":-1.250934737564017,"b₁":-0.627672382641622},"^":{"γ":0.8266223892435054,"b₂":-9.210340371976182,"λ₁":-3.6089953749924186,"λ₂":-3.787407296437797,"a₁":-0.587788797723297,"a₂":9.210340371976185,"b₁":-4.999577226046154},">":{"γ":1.8783047650317926,"b₂":-9.186817374214757,"λ₁":-2.6221398864653365,"λ₂":-1.314606097117971,"a₁":-9.147130914158927,"a₂":-1.1569951805745031,"b₁":-9.192795169923341}},"pair0079":{"<":{"γ":-1.4385917521525968,"b₂":-2.7184334859080472,"λ₁":-2.3833626568818342,"λ₂":-0.5839346031748551,"a₁":3.5262653595769375,"a₂":0.2135982778499983,"b₁":1.5777008067335423},"^":{"γ":9.205738478684895,"b₂":9.210340371976182,"λ₁":-2.841646776160463,"λ₂":-2.9743567338636066,"a₁":-0.7508846409438199,"a₂":-2.6961498766054497,"b₁":-4.680308458140957},">":{"γ":-0.7526548483150197,"b₂":-1.7287006510740799,"λ₁":-2.4928811951457908,"λ₂":-0.23044102936718147,"a₁":-0.035050311409248636,"a₂":0.2959990012130227,"b₁":-0.024051044301387492}}}}