{"likelihoods":{"pair0076":{"4":{"<":739.4942378111522,"^":791.8330138521816,">":732.9754974534923},"2":{"<":740.7633763606743,"^":864.3540359275714,">":738.2228751845793},"3":{"<":739.8572383292316,"^":826.9704157990762,">":743.8414331857667},"5":{"<":734.4078826131869,"^":771.6904047101357,">":743.3750198467386},"1":{"<":769.8927419796388,"^":985.766082089434,">":768.3303989051615}},"pair0080":{"4":{"<":1335.7676948830465,"^":1370.4287788694098,">":1306.8259817980213},"2":{"<":1385.877741260062,"^":1553.7209900331363,">":1390.5951622916818},"3":{"<":1331.535981501098,"^":1396.1502471672425,">":1337.064376137829},"5":{"<":1333.2197130615464,"^":1287.0075924472649,">":1324.4684524010327},"1":{"<":1898.721641405605,"^":2053.6398443479584,">":1896.6714862611439}},"pair0077":{"4":{"<":19591.595325593218,"^":19623.289088128484,">":19540.029297327386},"2":{"<":20037.738850859256,"^":20635.751057270067,">":20035.653346195377},"3":{"<":19718.91391916789,"^":19962.94356363977,">":19703.928121976143},"5":{"<":19550.419927929805,"^":19575.302875619756,">":19543.309079896448},"1":{"<":21024.47982816897,"^":23851.449569832504,">":21025.54261263811}},"pair0078":{"4":{"<":1325.432750911849,"^":1448.605579578528,">":1295.4536598650454},"2":{"<":1304.5210306715999,"^":1656.5513917586131,">":1317.0935651322075},"3":{"<":1283.0567066427843,"^":1523.4821742194538,">":1292.278276609825},"5":{"<":1286.8388639506898,"^":1372.5592296039245,">":1316.4601314546655},"1":{"<":1506.6797013605087,"^":2045.119498741228,">":1510.2081766486126}},"pair0079":{"4":{"<":1453.3838311044417,"^":1499.8205511899391,">":1480.8374938330787},"2":{"<":1478.8152793589356,"^":1734.9284451786757,">":1476.4480019994287},"3":{"<":1467.9773813913537,"^":1586.786750543719,">":1461.5470401262312},"5":{"<":1475.8235898648722,"^":1499.5780792093442,">":1498.7153796860407},"1":{"<":1629.190464751368,"^":2054.3507491049436,">":1630.192456704591}}}}