{"parameters":{"pair0076":{"4":{"<":{"γ":1.4560026667020534,"b₂":-2.18004716617882,"λ₁":-1.3400222393763688,"λ₂":0.335726628835344,"a₁":-0.975473825662954,"a₂":0.09994272667989712,"b₁":-1.8664790874824},"^":{"γ":0.4717704725226852,"b₂":0.1024538462596265,"λ₁":-0.8469048293936616,"λ₂":0.019267454276244322,"a₁":-0.07281521627141707,"a₂":-10.2166061982813,"b₁":-0.15551410321224068},">":{"γ":-0.9869879524169622,"b₂":-1.9608958453472738,"λ₁":-0.5064642330304387,"λ₂":0.09988091037775604,"a₁":-0.20772495785706901,"a₂":0.08166882555242694,"b₁":-0.8113481305677457}},"2":{"<":{"γ":0.13976497679779953,"b₂":-1.620806483239173,"λ₁":-0.5170384895531601,"λ₂":0.08918798150974361,"a₁":-0.0014021631817282554,"a₂":0.005834432100719766,"b₁":-0.553846066322615},"^":{"γ":13.815510557964274,"b₂":13.81551055796427,"λ₁":-0.9935326183298088,"λ₂":-0.7609925122601133,"a₁":0.1035754606020447,"a₂":13.815510557964274,"b₁":-0.8147560784297081},">":{"γ":-0.9540654383052001,"b₂":-0.7682225028727974,"λ₁":2.129141764401231,"λ₂":0.21276578897130527,"a₁":-0.055056005442001066,"a₂":0.008804367376125555,"b₁":-1.0139759925666212}},"3":{"<":{"γ":-0.6183733530559508,"b₂":-3.927215874132445,"λ₁":5.4853332268727115,"λ₂":0.06905452208881258,"a₁":1.521289938183111,"a₂":-1.1313484634453523,"b₁":0.7919738146937636},"^":{"γ":0.0,"b₂":0.0,"λ₁":0.0,"λ₂":0.0,"a₁":0.0,"a₂":0.0,"b₁":0.0},">":{"γ":0.08897862630725228,"b₂":-0.600457207392191,"λ₁":0.20822138405583246,"λ₂":-0.1603001993373674,"a₁":0.004599303799809107,"a₂":-0.21201113909182112,"b₁":-0.7583058249478896}},"5":{"<":{"γ":-1.8777689896698,"b₂":-2.458362505225173,"λ₁":6.504823046987944,"λ₂":-0.2833085869745453,"a₁":-0.16632470860722925,"a₂":-0.8081834466536293,"b₁":0.05863140118158583},"^":{"γ":-1.0824326391319765,"b₂":-1.2296101076562493,"λ₁":-3.573854167219359,"λ₂":-0.5202152043448773,"a₁":-0.008410454095907127,"a₂":-0.101168533627078,"b₁":-2.133534337592625},">":{"γ":-0.468106738587462,"b₂":0.14640087139931168,"λ₁":-2.0496389890460947,"λ₂":0.8297760951836501,"a₁":-0.0165882569821445,"a₂":0.9561926380433867,"b₁":-0.539366036014016}},"1":{"<":{"γ":0.0,"b₂":0.0,"λ₁":0.0,"λ₂":0.0,"a₁":0.0,"a₂":0.0,"b₁":0.0},"^":{"γ":13.815509201495576,"b₂":13.8145755843349,"λ₁":13.81470977121532,"λ₂":1.822207012479442,"a₁":13.815510557964274,"a₂":-13.812801033992933,"b₁":13.815510557964274},">":{"γ":-1.9345051927505068,"b₂":4.297652186986834,"λ₁":2.237278709470189,"λ₂":0.14250352271873012,"a₁":-0.8261778166148357,"a₂":5.426253911785526,"b₁":0.1064272687314709}}},"pair0080":{"4":{"<":{"γ":-3.2712778883641445,"b₂":-12.830023259449806,"λ₁":-1.8643254459893566,"λ₂":-6.278021585743248,"a₁":-7.489063263256948,"a₂":-4.660102332324339,"b₁":-4.931138533529939},"^":{"γ":13.815510557964274,"b₂":13.815510557964274,"λ₁":-1.3871733298468367,"λ₂":-7.315489031270565,"a₁":-0.46117749018280385,"a₂":-13.815510557964274,"b₁":-5.113874459741281},">":{"γ":0.6199055283772932,"b₂":-5.381670403268339,"λ₁":-0.5203216444463941,"λ₂":-4.386311633843128,"a₁":-0.04749319960040488,"a₂":0.05837027248964333,"b₁":-1.5832797417025812}},"2":{"<":{"γ":1.9223778561886196,"b₂":-13.815510557964274,"λ₁":0.9578299920826261,"λ₂":-4.657493683065862,"a₁":-0.10766267606793889,"a₂":-4.246555775180559,"b₁":0.05265263313999213},"^":{"γ":-2.3722362227928517,"b₂":-13.815510557964274,"λ₁":-13.815510557964274,"λ₂":-13.815510557964274,"a₁":-3.0816775954119233,"a₂":-13.815510557964274,"b₁":-12.129828283959208},">":{"γ":1.9967386783004386,"b₂":-5.328857643808746,"λ₁":-0.3375577139658059,"λ₂":-4.2468962977557485,"a₁":-3.168426475979336,"a₂":-0.40094770502626886,"b₁":-0.054818192915965014}},"3":{"<":{"γ":3.1863908133992602,"b₂":-13.815510557964274,"λ₁":0.37828312552047194,"λ₂":-4.308678534859528,"a₁":11.853792707934623,"a₂":-13.808811465990466,"b₁":11.187567212273521},"^":{"γ":2.2149130038874354,"b₂":13.746209450909856,"λ₁":-2.5814649441553055,"λ₂":-4.785936619231872,"a₁":-0.8843443953526506,"a₂":4.9088714851225355,"b₁":-4.777410293871673},">":{"γ":-0.8439468315338718,"b₂":-13.763047418353555,"λ₁":-1.9694138353115669,"λ₂":-6.552511308770171,"a₁":-8.923677758651696,"a₂":-4.633240231698682,"b₁":-3.313954035074344}},"5":{"<":{"γ":-0.6358326584301945,"b₂":-8.93530769011079,"λ₁":-5.667112664059928,"λ₂":-5.768435815859592,"a₁":10.40501999117674,"a₂":-3.3255006398174363,"b₁":9.971578933707288},"^":{"γ":1.0880212823241973,"b₂":-3.3074523263313527,"λ₁":-1.5208887583155644,"λ₂":-7.138479687459937,"a₁":-0.8098394360210897,"a₂":12.245756986468052,"b₁":-8.239957889244618},">":{"γ":-0.9176637472752258,"b₂":-9.37093924434166,"λ₁":-3.734127907408581,"λ₂":-3.2936773474327836,"a₁":5.531389732413363,"a₂":-1.7599382019480423,"b₁":4.3455341131170755}},"1":{"<":{"γ":0.0,"b₂":0.0,"λ₁":0.0,"λ₂":0.0,"a₁":0.0,"a₂":0.0,"b₁":0.0},"^":{"γ":5.173510933587394,"b₂":0.657754475676283,"λ₁":5.823723407082593,"λ₂":2.6050522536963463,"a₁":0.08797889660198877,"a₂":-4.362506589809971,"b₁":-0.02102356278373918},">":{"γ":-4.885362848627453,"b₂":0.1465957140979306,"λ₁":8.504974284513622,"λ₂":1.336153848012442,"a₁":-0.022869692671243058,"a₂":0.26920243070075145,"b₁":-3.5873784752685225}}},"pair0077":{"4":{"<":{"γ":-3.155523596679636,"b₂":-13.815510557964274,"λ₁":-10.755099198984254,"λ₂":-2.4088203429786095,"a₁":1.3346447029591442,"a₂":-9.098627076544144,"b₁":1.5547243647140707},"^":{"γ":-0.311567004563825,"b₂":-0.31228838569676753,"λ₁":-4.083312177332864,"λ₂":-4.693095374165239,"a₁":-0.01584924368557239,"a₂":-0.4614027002553076,"b₁":-2.593092746897071},">":{"γ":0.10337250545912902,"b₂":-3.736028974855559,"λ₁":0.3662364098159525,"λ₂":-1.6519619745672305,"a₁":-2.269030715506114,"a₂":-0.7516210691244147,"b₁":-6.363212745122315}},"2":{"<":{"γ":-1.7718866787793939,"b₂":-2.582734235011836,"λ₁":2.3585299379315785,"λ₂":0.31879105328536816,"a₁":0.6947891631274139,"a₂":-2.080635926857207,"b₁":1.2709719915009998},"^":{"γ":2.920930534760714,"b₂":0.7668579257078374,"λ₁":0.34987698480201246,"λ₂":-1.2071451728388123,"a₁":0.03175960957367785,"a₂":1.6707375115207146,"b₁":-0.4839593272388889},">":{"γ":-0.17198927309352463,"b₂":-5.76027852495624,"λ₁":0.02412734363854696,"λ₂":-0.013418946456546621,"a₁":0.029658975375296492,"a₂":-0.036305112802596184,"b₁":0.0111466949686303}},"3":{"<":{"γ":-0.060316407108716774,"b₂":-1.6095213391618657,"λ₁":-2.087030624761594,"λ₂":-0.7877089833756479,"a₁":-0.03369622155996943,"a₂":-0.33542756920054195,"b₁":-1.3463444446176638},"^":{"γ":2.743839646308494,"b₂":-1.6513102849282077,"λ₁":-0.36678789884664376,"λ₂":-0.778420631154443,"a₁":-0.008866257338260297,"a₂":1.3604824597531007,"b₁":-1.3280321153161054},">":{"γ":-0.8187923344588359,"b₂":-4.406176313004529,"λ₁":-0.7539251817150614,"λ₂":-2.3029893388980227,"a₁":-0.002149375513429419,"a₂":0.0514057280529574,"b₁":0.43291233966660947}},"5":{"<":{"γ":3.071903137158177,"b₂":-3.6639164321187927,"λ₁":-0.3907307369762876,"λ₂":-0.0583637261546901,"a₁":-0.4656515348622907,"a₂":-0.4849486038466182,"b₁":-0.18514618809488148},"^":{"γ":2.4849595448353874,"b₂":-4.921704322039615,"λ₁":-13.815510557964274,"λ₂":-5.369590490402388,"a₁":-3.293950542358294,"a₂":0.711074440271652,"b₁":-7.934447404619816},">":{"γ":4.572580545452279,"b₂":-13.81281578477811,"λ₁":-1.9040235354895305,"λ₂":-0.9257193534010675,"a₁":0.5706078775647825,"a₂":-2.1247354626102215,"b₁":-2.912110538589305}},"1":{"<":{"γ":-2.7312997424326166,"b₂":-0.8050632114325111,"λ₁":7.457771163228461,"λ₂":0.4246965815741621,"a₁":-2.048595813870847,"a₂":0.2634103016281486,"b₁":-7.9693587337524905},"^":{"γ":-13.81269491331413,"b₂":-13.812516515571426,"λ₁":13.815489694895579,"λ₂":13.8151976940016,"a₁":-1.9015871841051766,"a₂":13.814338813499624,"b₁":-4.131147643714751},">":{"γ":7.529846215485854,"b₂":-6.78825798664687,"λ₁":13.788229316981077,"λ₂":0.9367149527599299,"a₁":-3.0863628159926773,"a₂":-1.0888356579760519,"b₁":-3.032233544428763}}},"pair0078":{"4":{"<":{"γ":13.815510557964274,"b₂":-8.603411321690594,"λ₁":-13.801444678731372,"λ₂":-4.135971229439415,"a₁":-6.5352726338961915,"a₂":-2.6664243880544305,"b₁":-11.841400648902491},"^":{"γ":0.624437623468145,