{"likelihoods":{"pair0076":{"4":{"<":741.2239843275669,"^":779.144604685518,">":745.3984250700521},"2":{"<":731.717279297497,"^":864.9538198473665,">":735.5579877794308},"3":{"<":730.8396971389798,"^":826.9704157990748,">":741.6279940112671},"5":{"<":747.1924584599569,"^":777.8065926667435,">":744.4177605107618},"1":{"<":756.5396369057233,"^":989.2978705290667,">":768.3539954169478}},"pair0075":{"4":{"<":217.48785878055637,"^":229.96416372379193,">":228.88975861228286},"2":{"<":289.1583865967401,"^":329.25567527536606,">":304.4885791887755},"3":{"<":260.82862753031725,"^":246.42200766087257,">":285.5909750032173},"5":{"<":233.49361007046554,"^":212.2625868490556,">":259.1267450413327},"1":{"<":545.5918088426305,"^":580.7955273814316,">":539.0107541942073}},"pair0074":{"4":{"<":283.5359467457898,"^":275.07708216683614,">":279.5040247890291},"2":{"<":328.2555545545915,"^":368.3235287190318,">":329.33149547924427},"3":{"<":310.4370380408768,"^":292.4094684961842,">":303.72941846421634},"5":{"<":296.7548069667684,"^":276.01826345950144,">":282.7582882211096},"1":{"<":448.08244905182664,"^":549.5769937588553,">":501.1239556708145}},"pair0077":{"4":{"<":2387.7980897795414,"^":2377.2577797859058,">":2401.3906903898373},"2":{"<":2415.9159697939604,"^":2462.6058428176248,">":2399.8420135897195},"3":{"<":2385.8247669448574,"^":2398.784913008552,">":2394.130354651885},"5":{"<":2398.9232250728737,"^":2380.364061114057,">":2412.11977496668},"1":{"<":2546.902206410668,"^":2843.3352564006914,">":2501.201407126851}},"pair0073":{"4":{"<":486.84071965397845,"^":694.9969599933727,">":460.5272548364737},"2":{"<":886.6817338355429,"^":1423.5939544301598,">":806.4368894435431},"3":{"<":519.3083012926102,"^":972.4490783425538,">":497.55160770043744},"5":{"<":390.5403377291905,"^":589.7520815356045,">":396.80627211524995},"1":{"<":2253.4192287367396,"^":2837.021143736654,">":2062.883237609269}}}}