{"parameters":{"pair0076":{"4":{"<":{"γ":-1.4076316051536715,"b₂":-1.0526582178920414,"λ₁":-0.7379508186151984,"λ₂":-0.28913443836562536,"a₁":-1.0251066969968736,"a₂":-1.8341149250595432,"b₁":-2.432762666763491},"^":{"γ":-0.5196158377258904,"b₂":-3.287354881652422,"λ₁":-1.2083855413314293,"λ₂":-1.710810949673144,"a₁":-0.002622485361911231,"a₂":-0.1714156128102804,"b₁":-2.3621778417848613},">":{"γ":-0.7123755023090101,"b₂":-0.48804698157837834,"λ₁":-0.020548203292923617,"λ₂":-0.01627879309771707,"a₁":-1.612736613485251,"a₂":-0.0012743284316591996,"b₁":-7.982353965036063}},"2":{"<":{"γ":2.2103212515040696,"b₂":-1.421579692028362,"λ₁":9.210340371976185,"λ₂":-0.08341214772248051,"a₁":-0.3710469913650538,"a₂":-0.11606505598051342,"b₁":-1.500140629398519},"^":{"γ":9.197351689638486,"b₂":9.189482143335011,"λ₁":-0.4642173110977428,"λ₂":-2.1009401242860797,"a₁":0.2002431205502173,"a₂":9.210340371976185,"b₁":-1.0486883763093218},">":{"γ":-0.35237692287689626,"b₂":-0.34919994920009145,"λ₁":9.210260965041348,"λ₂":0.9843622551732771,"a₁":-0.08486825635810291,"a₂":0.6115736648764383,"b₁":-1.1125352126095507}},"3":{"<":{"γ":-0.5287841090270096,"b₂":-1.2032052329708858,"λ₁":5.816063037948734,"λ₂":-0.4018661748284895,"a₁":-1.2197359663931104,"a₂":-1.0492260710912387,"b₁":-0.18018124690751058},"^":{"γ":1.7763568394002505e-15,"b₂":1.7763568394002505e-15,"λ₁":1.7763568394002505e-15,"λ₂":1.7763568394002505e-15,"a₁":1.7763568394002505e-15,"a₂":1.7763568394002505e-15,"b₁":1.7763568394002505e-15},">":{"γ":-0.22520806441147379,"b₂":-0.7855287193503173,"λ₁":0.3280782506219193,"λ₂":-0.20805248475542193,"a₁":0.12553064547094195,"a₂":0.2072563433461525,"b₁":-0.8456088721270678}},"5":{"<":{"γ":1.7763568394002505e-15,"b₂":1.7763568394002505e-15,"λ₁":1.7763568394002505e-15,"λ₂":1.7763568394002505e-15,"a₁":1.7763568394002505e-15,"a₂":1.7763568394002505e-15,"b₁":1.7763568394002505e-15},"^":{"γ":-0.678601450793062,"b₂":-1.0678508618541631,"λ₁":-1.2972609799171364,"λ₂":-1.2461097232573488,"a₁":0.0006436641526370579,"a₂":0.38947468812354913,"b₁":-0.6321629107124362},">":{"γ":-2.195703766657025,"b₂":-0.035216047010706575,"λ₁":9.075186661119742,"λ₂":0.9591526326559698,"a₁":-1.8925351470186111,"a₂":-0.060472273946439614,"b₁":-0.9993376552059665}},"1":{"<":{"γ":4.92123936294565,"b₂":-1.4493594731047734,"λ₁":5.671841406891609,"λ₂":-0.32820253834672286,"a₁":-0.6858681971063731,"a₂":-0.07645802348025299,"b₁":0.7917815074723116},"^":{"γ":9.197123236570866,"b₂":9.204803568698017,"λ₁":9.210340371976185,"λ₂":9.204323287592194,"a₁":-0.16805013984243367,"a₂":9.207356170165147,"b₁":-0.2367510747274988},">":{"γ":0.5881484812534019,"b₂":-1.8797209216741297,"λ₁":0.09598584471344118,"λ₂":0.44523220412497544,"a₁":-0.03176791074507257,"a₂":-0.05167265946242594,"b₁":0.11219162505349267}}},"pair0075":{"4":{"<":{"γ":-0.1680365062414424,"b₂":-7.165308173353681,"λ₁":-7.613057741673675,"λ₂":-4.385979114299644,"a₁":-2.002947825149585,"a₂":-2.692502446430691,"b₁":-9.210116571887541},"^":{"γ":9.14407110990764,"b₂":9.122141651755298,"λ₁":-9.210340371976182,"λ₂":-8.517635994083372,"a₁":-2.7623764385390723,"a₂":-9.210340371976182,"b₁":-9.210340371976182},">":{"γ":-1.8064294864755803,"b₂":-8.731784019928948,"λ₁":-5.144986433151398,"λ₂":-3.6037943301553117,"a₁":-2.645511862555126,"a₂":-5.087948970776144,"b₁":-9.2034301252525}},"2":{"<":{"γ":1.3376386266201088,"b₂":-4.85117419686949,"λ₁":-1.9399737254725942,"λ₂":-2.9424489011063253,"a₁":-4.293177315774508,"a₂":-0.710046844680301,"b₁":-6.737928381390637},"^":{"γ":2.242049054591753,"b₂":-6.978836375504846,"λ₁":-2.5526754876845557,"λ₂":-2.6597273632345075,"a₁":-0.024994128759994183,"a₂":-5.323229686704006,"b₁":-2.405594666039467},">":{"γ":1.9492815966663422,"b₂":-5.636805864582167,"λ₁":-3.1469530212196046,"λ₂":-3.884426471696088,"a₁":-2.8659989920503097,"a₂":-2.15535960995928,"b₁":-9.18789325759934}},"3":{"<":{"γ":2.769777397084585,"b₂":-3.140097359640805,"λ₁":-1.1742131316446436,"λ₂":-4.835025729330359,"a₁":-1.4938478712639949,"a₂":0.759081914447675,"b₁":-2.310414604483479},"^":{"γ":1.5340963583301512,"b₂":1.1183947794864029,"λ₁":-5.6539996296436605,"λ₂":-4.010164095609988,"a₁":-3.6871485307336975,"a₂":-3.2983544586360543,"b₁":-8.196933046278726},">":{"γ":2.3579998045933817,"b₂":-0.9422164830681528,"λ₁":-3.3306951712433674,"λ₂":-2.6296003205585547,"a₁":-6.940152713190516,"a₂":2.096811991683685,"b₁":-9.18246048077209}},"5":{"<":{"γ":0.5273825374114178,"b₂":-5.090824578424924,"λ₁":-7.893003058102615,"λ₂":-4.752204619890232,"a₁":0.2137714635068697,"a₂":-0.21443794981017383,"b₁":-2.544648810052764},"^":{"γ":9.210340371976185,"b₂":9.210340371976185,"λ₁":-9.210340371976182,"λ₂":-9.210340371976182,"a₁":-1.6522512296664003,"a₂":-9.210340371976182,"b₁":-9.210340371976182},">":{"γ":-9.1922857618833,"b₂":-9.190656530429624,"λ₁":-3.0402256689703515,"λ₂":-4.3724076638980875,"a₁":-4.345825993548678,"a₂":-5.215754944784024,"b₁":-7.273978753798061}},"1":{"<":{"γ":1.7763568394002505e-15,"b₂":1.7763568394002505e-15,"λ₁":1.7763568394002505e-15,"λ₂":1.7763568394002505e-15,"a₁":1.7763568394002505e-15,"a₂":1.7763568394002505e-15,"b₁":1.7763568394002505e-15},"^":{"γ":-9.210340371976182,"b₂":-2.1841348354184893,"λ₁":9.20984756150788,"λ₂":9.210042118845427,"a₁":9.210091748744537,"a₂":9.210041971717798,"b₁":9.210340371976185},">":{"γ":-4.466460893778932,"b₂":0.0540889049121418,"λ₁":5.274049863807836,"λ₂":-1.0110839122458124,"a₁":-0.4484041453788006,"a₂":-0.4412846828248629,"b₁":-0.38456431656414836}}},"pair0074":{"4":{"<":{"γ":-2.908844822444096,"b₂":-7.241060607984862,"λ₁":-7.603263400824385,"λ₂":-2.423869059931044,"a₁":-1.7835138869390805,"a₂":-2.4603673020788843,"b₁":-5.297503168343415},"^":{"γ":1.8430820865978088,"b₂":-9.210340371976182,"λ₁":-3.325757581506676,"λ₂":-4.254409943143681,"a₁":-2.1063143746097213,"a₂":-9.210340371976182,"b₁":-6.2522044914380235},">":{"γ":0.4102504229378958,"b₂":-9.208574666499821,"λ₁":-5.230175306630375,"λ₂":-2.294918846783861,"a₁":-5.966224422670446,"a₂":-1.8749091098111386,"b₁":-9.189562428776078}},"2":{"<":{"γ":1.2355002716973793,"b₂":-3.218537464760799,"λ₁":-1.012752167753023,"λ₂":-1.1313513198891094,"a₁":-0.16586413422553115,"a₂":0.006898444295662998,"b₁":-1.6121575949502231},"^":{"γ":0.9885288189544674,"b₂":-9.197708543572062,"λ₁":-9.207700539378564,"λ₂":-3.36212188662332,"a₁":-1.1852996712099326,"a₂":9.191577467023409,"b₁":-2.621723814614904},">":{"γ":-9.208578439356323,"b₂":-2.036475247246168,"λ₁":-0.005846448707741203,"λ₂":-2.3447776640190474,"a₁":0.38169369829703115,"a₂":-2.573162840642448,"b₁":-2.1925205983989944}},"3":{"<":{"γ":0.8122056620276616,"b₂":-4.590275583270831,"λ₁":-3.121650911883253,"λ₂":-0.9376795722416968,"a₁":-2.613417210357139,"a₂":-0.8284516126165968,"b₁":-5.390342471644637},"^":{"γ":0.7575714351713785,"b₂":-9.175390705291706,"λ₁":-4.125951810629239,"λ₂":-2.7999475977394805,"a₁":-2.5955716015613284,"a₂":3.252798035616607,"b₁":-9.173578699204741},">":{"γ":3.3388442531997953,"b₂":-3.969334358320353,"λ₁":-1.4218948119607813,"λ₂":-2.118504088632551,"a₁":-0.025295920337136124,"a₂":-0.501345580598576,"b₁":-4.215936278060373}},"5":{"<":{"γ":-8.195001008616636,"b₂":-8.956320773554646,"λ₁":-3.3386927803149957,"λ₂":-4.023374066788533,"a₁":-2.9503494168820765,"a₂":-1.024328873985196,"b₁":-9.182402922238603},"^":{"γ":9.199321124942704,"b₂":9.208702211300908,"λ₁":-9.170613129910212,"λ₂":-9.206352143227365,"a₁":-1.0452364904199598,"a₂":9.185011057978082,"b₁":-6.382128792138111},">":{"γ":2.9113526019812817,"b₂":-0.3433130493976009,"λ₁":-3.400596504286579,"λ₂":-0.3786754277084263,"a₁":-1.9391771312452004,"a₂":-0.2867655719617268,"b₁":-7.9960410867812}},"1":{"<":{"γ":-0.03685040701610198,"b₂":-5.638063804578557,"λ₁":9.210340371976185,"λ₂":0.6343374520592882,"a₁":-0.06604753640072936,"a₂":-0.476064968735292,"b₁":-0.13914854247497566},"^":{"γ":9.210340371976185,"b₂":9.210340371976185,"λ₁":9.210340371976185,"λ₂":9.210340371976185,"a₁":9.210340371976185,"a₂":-9.210340371976182,"b₁":9.210340371976185},">":{"γ":1.0758096677372482,"b₂":-0.22867025247519024,