{"params":{"P":100,"m₂":0.0,"b₁":10000.000000000025,"name":"m_1_k_1","seed_no":109,"M":4,"λ₁":0.00010016602871399535,"a₂":0.00010007440453650303,"b₂":9998.874341007024,"Rs":[1,2,3,4,5],"T_max":1000,"m₁":0.0,"γ":10000.000000000025,"a₁":0.00010017477698914111,"λ₂":38.85898542396667,"EPOCHS":200,"tr_acc":-0.7391627810410305}}