{"params":{"P":100,"m₂":0.0,"b₁":10000.000000000025,"name":"m_1_k_3","seed_no":109,"M":4,"λ₁":6199.160943533719,"a₂":0.00010013696646100545,"b₂":0.00010018382992147022,"Rs":[1,2,3,4,5],"T_max":1000,"m₁":0.0,"γ":0.00010000000000000009,"a₁":0.00010011741575009653,"λ₂":105.52196019504791,"EPOCHS":200,"tr_acc":-0.8288579162918326}}