{"params":{"P":100,"m₂":0.0,"b₁":9991.104052618228,"name":"m_1_k_2","seed_no":109,"M":4,"λ₁":1279.802814299415,"a₂":0.2187618601928659,"b₂":116.38708155572276,"Rs":[1,2,3,4,5],"T_max":1000,"m₁":0.0,"γ":0.08210737219004985,"a₁":9809.10808402744,"λ₂":0.11377116807547821,"EPOCHS":200,"tr_acc":-0.789919360207347}}