{"likelihoods":{"pair0094":{"<":2623.165869889484,"^":2630.437917531043,">":2633.8646049382573}}}