{"parameters":{"pair0094":{"<":{"γ":6.156597757399918,"b₂":0.050756868594397986,"λ₁":0.35279988734906276,"λ₂":-1.6284662561303112,"a₁":-3.2852468151297884,"a₂":1.4632125348462406,"b₁":-13.807375277570731},"^":{"γ":7.099646236961011,"b₂":-1.2363677349650377,"λ₁":-2.1852492497362643,"λ₂":-4.27390187711725,"a₁":0.003214495248327509,"a₂":13.106795743325016,"b₁":-1.5208652839982175},">":{"γ":3.6497687332000304,"b₂":-0.09919256840467128,"λ₁":0.44214158086449373,"λ₂":-0.31002246901132224,"a₁":-2.122743301772827,"a₂":1.4230648709261118,"b₁":-4.724473936352146}}}}