{"likelihoods":{"pair0005":{"<":1818.4621689798607,"^":2403.7287854278134,">":1481.3584269724283},"pair0001":{"<":649.3619306356227,"^":631.6897660425897,">":626.5250763578141},"pair0004":{"<":895.3439806052619,"^":890.1210299387778,">":943.5772033667338},"pair0002":{"<":698.1776483671358,"^":686.7586812853693,">":696.8761847372551},"pair0003":{"<":920.5915292645107,"^":906.2256014149937,">":919.5543642846628}}}