{"likelihoods":{"pair0034":{"<":508.81330503994155,"^":475.77201884587834,">":338.19419665903575},"pair0035":{"<":540.3090057204985,"^":434.1887868674733,">":355.58345761800575},"pair0033":{"<":574.9748145052134,"^":359.757958120506,">":561.0143358045232},"pair0031":{"<":2811.025147106145,"^":2800.276828599954,">":2822.8121049921738},"pair0032":{"<":-510.34536590879367,"^":-371.2256317689519,">":-555.6275528911688}}}