{"parameters":{"pair0034":{"<":{"γ":-9.191892182702807,"b₂":-9.20852946336496,"λ₁":9.171268326422853,"λ₂":-9.173335754448841,"a₁":9.14612704366826,"a₂":-6.304953108783549,"b₁":9.194074942222704},"^":{"γ":-9.207094219238853,"b₂":-9.181583870127223,"λ₁":-9.200951192737216,"λ₂":-9.190203081885217,"a₁":-9.210260456366967,"a₂":9.210340371976185,"b₁":-9.202903155847775},">":{"γ":-2.3061913051467586,"b₂":-8.104345199129128,"λ₁":-9.138353611584993,"λ₂":9.180706514884195,"a₁":2.2110736649899074,"a₂":-3.839176164962028,"b₁":-9.161097550883628}},"pair0035":{"<":{"γ":-9.207925127757791,"b₂":-9.194948649724655,"λ₁":9.20289761365276,"λ₂":-9.180725886110308,"a₁":-9.191260017471302,"a₂":-9.206048737973564,"b₁":-3.0837399064569535},"^":{"γ":9.210340371976185,"b₂":-9.207278979966814,"λ₁":-9.210340371976182,"λ₂":-9.206530758127263,"a₁":-1.1195853727605254,"a₂":9.210340371976185,"b₁":-9.209978650183238},">":{"γ":-9.210340371976182,"b₂":-9.210340371976182,"λ₁":-9.210340371976182,"λ₂":3.4314135716393253,"a₁":2.7650813659417413,"a₂":-8.84182746218492,"b₁":-9.181248624490932}},"pair0033":{"<":{"γ":-9.203493922650896,"b₂":-9.207077424586663,"λ₁":9.204063588113959,"λ₂":-9.210340371976182,"a₁":-6.6670804699856845,"a₂":-9.207651821023822,"b₁":-0.6485273608606885},"^":{"γ":9.210340371976185,"b₂":9.210340371976185,"λ₁":-9.210340371976182,"λ₂":9.210340371976185,"a₁":-2.2731323996203887,"a₂":-9.210340371976182,"b₁":-9.210340371976182},">":{"γ":-9.210340371976182,"b₂":-9.210340371976182,"λ₁":-9.210340371976182,"λ₂":-9.210340371976182,"a₁":-9.210340371976182,"a₂":-9.210340371976182,"b₁":-9.210340371976182}},"pair0031":{"<":{"γ":8.450397398146558,"b₂":-0.8245824562400905,"λ₁":3.74868944724936,"λ₂":1.385083730962382,"a₁":-0.5224535833498383,"a₂":1.158672233425504,"b₁":-0.30527035407224723},"^":{"γ":-0.1576797477106595,"b₂":9.210340371976185,"λ₁":-9.210340371976182,"λ₂":-1.1828798697328313,"a₁":-1.4834075712396535,"a₂":9.210340371976185,"b₁":-2.7286583947845235},">":{"γ":1.7763568394002505e-15,"b₂":1.7763568394002505e-15,"λ₁":1.7763568394002505e-15,"λ₂":1.7763568394002505e-15,"a₁":1.7763568394002505e-15,"a₂":1.7763568394002505e-15,"b₁":1.7763568394002505e-15}},"pair0032":{"<":{"γ":2.005863192657543,"b₂":-9.192262150872285,"λ₁":-9.158689185912403,"λ₂":-7.828862482017906,"a₁":-9.175245180200887,"a₂":-3.004643566012632,"b₁":-5.555705213484884},"^":{"γ":-9.210340371976182,"b₂":-2.2477395742871957,"λ₁":-9.210340371976182,"λ₂":9.210340371976185,"a₁":-9.185696574475722,"a₂":9.210340371976185,"b₁":-9.210340371976182},">":{"γ":-9.21028876695741,"b₂":8.670770804327768,"λ₁":-9.210340371976182,"λ₂":1.0570568713141135,"a₁":1.8668774335444809,"a₂":9.210340371976185,"b₁":-9.192372988555631}}}}