{"likelihoods":{"pair0095":{"<":2552.3962241581385,">":2531.983233459525,"^":2539.550138967591},"pair0027":{"<":-670.3929409109362,">":-780.3011487001044,"^":-749.244574882248},"pair0007":{"<":2031.8848227696574,">":1686.0429492675476,"^":2475.5127856088866},"pair0084":{"<":542.4070559872172,">":574.8530943223076,"^":1673.2984654186102},"pair0064":{"<":276.71119497524967,">":242.13991499470606,"^":238.06126210577},"pair0058":{"<":503.7662791904098,">":503.363698321565,"^":505.04873286407025},"pair0062":{"<":516.9330374949591,">":514.7363686920655,"^":516.5824786716885},"pair0034":{"<":508.81330503994155,">":338.19419665903575,"^":475.77201884587834},"pair0085":{"<":2594.1065599717713,">":2501.0545637745677,"^":2522.395700989125},"pair0051":{"<":1004.5604973994816,">":1002.2143219925048,"^":1005.4792236679738},"pair0031":{"<":2811.025147106145,">":2822.8121049921738,"^":2800.276828599954},"pair0079":{"<":1445.3248058234158,">":1452.5352320419383,"^":1488.3266006121125},"pair0018":{"<":522.33026902835,">":513.4717662521001,"^":543.1930093029873},"pair0068":{"<":-1868.7889490324123,">":-1478.4322210027717,"^":-1828.8858177303164},"pair0039":{"<":933.3182625717114,">":917.1618903027075,"^":906.2521793280555},"pair0006":{"<":2260.5975114896655,">":2351.206223068072,"^":2395.51875166341},"pair0056":{"<":498.5775664943581,">":491.90041978746115,"^":496.3099346851884},"pair0041":{"<":1954.8113805815694,">":1918.704799680769,"^":1933.5907174317604},"pair0032":{"<":-510.34536590879367,">":-555.6275528911688,"^":-371.2256317689519},"pair0015":{"<":808.0394562259854,">":807.6336284711247,"^":807.5771346415677},"pair0060":{"<":520.6484536575103,">":515.6891864842615,"^":512.6754095168272},"pair0036":{"<":503.11878891051714,">":485.71376471003384,"^":388.0306865146094},"pair0017":{"<":958.657322871091,">":1143.926247903488,"^":976.0007289271064},"pair0004":{"<":895.3439806052619,">":943.5772033667338,"^":890.1210299387778},"pair0026":{"<":239.44449068093022,">":217.57384675369073,"^":236.84920019003496},"pair0087":{"<":-934.7575725256703,">":-888.7376126566877,"^":-829.4244944110162},"pair0090":{"<":357.48789943281014,">":354.1884533710476,"^":360.6239202291855},"pair0028":{"<":2628.4940949113993,">":2374.7667148853684,"^":2356.7833465129115},"pair0045":{"<":1398.949225252999,">":1373.2556318695308,"^":1623.9916277864418},"pair0063":{"<":513.9320179273019,">":516.3115147088333,"^":513.3276291867734},"pair0088":{"<":665.8871062252839,">":661.1426691016271,"^":662.6243581771538},"pair0038":{"<":1960.1988779544915,">":1910.8457124591514,"^":1927.0736868469412},"pair0099":{"<":2211.7327667409295,">":2535.63605758643,"^":1981.8353894035233},"pair0033":{"<":574.9748145052134,">":561.0143358045232,"^":359.757958120506},"pair0046":{"<":1437.289995670984,">":1445.0577100213095,"^":1505.9719197042114},"pair0077":{"<":2395.960355630895,">":2395.3604745289404,"^":2371.19018569064},"pair0013":{"<":721.4787832065545,">":723.4940173522756,"^":727.1461028426935},"pair0002":{"<":698.1776483671358,">":696.8761847372551,"^":686.7586812853693},"pair0061":{"<":518.470953689284,">":518.4998983781661,"^":517.3157049472032},"pair0075":{"<":232.72489686142072,">":222.95741066485888,"^":209.76784628609713},"pair0074":{"<":282.5718401557375,">":288.34831476937654,"^":252.5312114826024},"pair0035":{"<":540.3090057204985,">":355.58345761800575,"^":434.1887868674733},"pair0040":{"<":1899.4576520849712,">":1857.6390212885829,"^":1834.0374190672396},"pair0011":{"<":2037.8146730354163,">":2111.586278920994,"^":2421.097233481244},"pair0014":{"<":823.0613555850521,">":795.1357422117908,"^":834.7639490058598},"pair0012":{"<":2331.354252517909,">":2314.9613371378346,"^":2294.258388535855},"pair0093":{"<":814.7299081006358,">":817.2353937216343,"^":892.8092828255835},"pair0021":{"<":895.4719822961858,">":896.1957950113904,"^":891.2918641882778},"pair0022":{"<":961.1128180351923,">":1186.9349389482375,"^":1061.4346967442798},"pair0094":{"<":2656.0611969249308,">":2655.5300949463444,"^":2666.4190843950723},"pair0080":{"<":1293.859690892385,">":1307.7768653787655,"^":1287.9326171252424},"pair0083":{"<":663.335514471173,">":661.6102317634236,"^":673.5968282436171},"pair0049":{"<":899.8468931043626,">":907.0233665082636,"^":906.6139199390606},"pair0057":{"<":510.03338314992504,">":500.39678928589353,"^":505.13902425424425},"pair0047":{"<":-708.2859443757427,">":-840.1611527255197,"^":-785.4858639684489},"pair0048":{"<":454.3683492488618,">":445.2135518355329,"^":450.08445097419707},"pair0029":{"<":694.1890487354586,">":689.4278558293942,"^":673.319164735345},"pair0097":{"<":565.880557278327,">":563.1707174913971,"^":572.5114740548875},"pair0020":{"<":860.1521047407826,">":849.9831887570402,"^":865.0305999639321},"pair0024":{"<":1248.6883122094775,">":1241.7224881174661,"^":1251.2451828273427},"pair0025":{"<":2650.5591872358777,">":2632.7733460463483,"^":2634.504733317747},"pair0081":{"<":907.4328081077192,">":908.1515502185435,"^":917.7080242868545},"pair0098":{"<":152.01246007320384,">":148.7612325069418,"^":180.64686367048057},"pair0009":{"<":2398.3426249871545,">":1989.987646852076,"^":1768.2544773579127},"pair0096":{"<":2422.849628157747,">":2413.5032734977235,"^":2411.3653691875747},"pair0001":{"<":649.3619306356227,">":626.5250763578141,"^":631.6897660425897},"pair0010":{"<":2484.1549135885066,">":2214.4129406530437,"^":2193.3418950438836},"pair0050":{"<":904.054316747723,">":912.4757340051282,"^":920.2414113715059},"pair0003":{"<":920.5915292645107,">":919.5543642846628,"^":906.2256014149937},"pair0069":{"<":2661.072086632959,">":2363.7172974963673,"^":2648.7677890839},"pair0005":{"<":1818.4621689798607,">":1481.3584269724283,"^":2403.7287854278134},"pair0016":{"<":937.5262588990381,">":931.0777531430333,"^":946.8450666824459},"pair0037":{"<":683.9707236515645,">":272.6903511012425,"^":414.5267814585095},"pair0089":{"<":352.1566448008566,">":345.8397447089129,"^":355.1531827475569},"pair0091":{"<":320.3436133089838,">":320.42358077190215,"^":322.57973375827413},"pair0070":{"<":-3885.9370361810556,">":-3576.7982433889147,"^":-3920.8389388156497},"pair0100":{"<":530.8714117981301,">":525.6378112991639,"^":519.793809329658},"pair0073":{"<":282.0037797993865,">":383.09506664084404,"^":471.2982950868267},"pair0023":{"<":1210.0137066280079,">":1189.6136391133157,"^":1205.11846096059},"pair0043":{"<":-33.51552025404496,">":-8.86943557790954,"^":887.9458168903451},"pair0042":{"<":2221.9382603031463,">":2190.7698044237354,"^":2268.372308728475},"pair0078":{"<":1286.3342533858631,">":1298.1214532207357,"^":1380.07029126486},"pair0067":{"<":2416.342698399552,">":2260.784848005591,"^":2461.717607215349},"pair0065":{"<":2480.6986288806424,">":2213.8591843937766,"^":2506.1173646589023},"pair0019":{"<":328.9658136650039,">":324.99278695222336,"^":324.32975401251485},"pair0076":{"<":726.5669776172165,">":735.9975508847187,"^":767.8329155816723},"pair0082":{"<":816.647995471828,">":822.2757651024668,"^":806.5019791274603},"pair0072":{"<":2653.87682384212,">":2622.18319942535,"^":2612.581656647383},"pair0008":{"<":1947.619045887509,">":1851.0023422050995,"^":1920.292677650588},"pair0066":{"<":2304.4977788643796,">":2105.3901273577894,"^":2362.19427327392},"pair0092":{"<":302.6007901219871,">":302.3057956711079,"^":289.9055422844213},"pair0059":{"<":501.04476582054485,">":507.37513478106564,"^":505.90887254097356},"pair0030":{"<":2784.9506088826047,">":2737.242675553413,"^":2743.499637768371},"pair0044":{"<":-1183.5671657654816,">":-1199.7703904781479,"^":-168.28117649368392},"pair0086":{"<":1604.0283006692146,">":1611.0137887024398,"^":1481.1644929291897}}}