{"likelihoods":{"pair0066":{"<":2116.07654068493,"^":2326.603390492263,">":2246.8353303660097},"pair0068":{"<":-1802.2970296621752,"^":-1961.4894828396937,">":-2007.604762523476},"pair0069":{"<":2293.996311397304,"^":2618.274404531883,">":2274.9720703472135},"pair0067":{"<":2328.021144025765,"^":2473.1278934686047,">":2367.474382163097},"pair0065":{"<":2472.9248476211515,"^":2500.2500782594093,">":2475.949040097464}}}