{"parameters":{"pair0066":{"<":{"γ":-0.005540345376914502,"b₂":0.4590759730579155,"λ₁":1.736804996308921,"λ₂":-8.103397796307181,"a₁":0.62017687365217,"a₂":0.42067463851877385,"b₁":-9.210340371976182},"^":{"γ":1.1015999118628326,"b₂":-3.1189839159288155,"λ₁":-2.559261387716451,"λ₂":-2.194928762958977,"a₁":0.005192705392962793,"a₂":-1.5681817352801408,"b₁":-0.16306564041882154},">":{"γ":1.7763568394002505e-15,"b₂":1.7763568394002505e-15,"λ₁":1.7763568394002505e-15,"λ₂":1.7763568394002505e-15,"a₁":1.7763568394002505e-15,"a₂":1.7763568394002505e-15,"b₁":1.7763568394002505e-15}},"pair0068":{"<":{"γ":-2.131180745838858,"b₂":-1.1797261126211893,"λ₁":-4.458095637327435,"λ₂":-4.167576783436216,"a₁":-4.024686823314702,"a₂":1.7246638388181168,"b₁":-9.210230261153816},"^":{"γ":9.210340371976185,"b₂":9.210340371976185,"λ₁":-9.210340371976182,"λ₂":-3.2404565887134584,"a₁":-2.3712741634872376,"a₂":-8.546036943016002,"b₁":-9.210340371976182},">":{"γ":-0.40713343210041586,"b₂":-8.711235351501568,"λ₁":-8.49484441370673,"λ₂":-9.191762168106095,"a₁":-3.4381375479937555,"a₂":-2.4566298649167804,"b₁":-9.199326836258527}},"pair0069":{"<":{"γ":0.8824771405070067,"b₂":3.9260707055027453,"λ₁":-8.112955403444412,"λ₂":-9.210340371976182,"a₁":-3.17773816421073,"a₂":2.952895823673229,"b₁":-9.210340371976182},"^":{"γ":1.5802591650596742,"b₂":1.0651807869621575,"λ₁":-1.3879872236653172,"λ₂":-1.897708411767698,"a₁":0.009509616203207116,"a₂":1.0156528449730668,"b₁":-0.33983657199515527},">":{"γ":-5.273812910035414,"b₂":9.210242996658733,"λ₁":-9.208931609333904,"λ₂":-9.208769490305867,"a₁":-9.20794778525584,"a₂":9.210340371976185,"b₁":-9.208298525022112}},"pair0067":{"<":{"γ":-0.5861090897494474,"b₂":0.09863056052143548,"λ₁":-0.020951943623089164,"λ₂":0.17153786447989638,"a₁":-1.3975451852227279,"a₂":-0.02462733556907004,"b₁":-6.073868173161944},"^":{"γ":9.024956310497208,"b₂":-9.210340371976182,"λ₁":-2.102660336623476,"λ₂":-0.23653518362111647,"a₁":-2.142551967652741,"a₂":-9.210340371976182,"b₁":-3.95516769204035},">":{"γ":-9.185103088812227,"b₂":-9.210340371976182,"λ₁":9.196843425592254,"λ₂":2.8100703623644314,"a₁":-9.210340371976182,"a₂":1.43939637931555,"b₁":-9.207540841196531}},"pair0065":{"<":{"γ":1.6230114266091142,"b₂":-1.5269113064665776,"λ₁":2.4787570868961524,"λ₂":1.6322235178966231,"a₁":0.2844203441007398,"a₂":-1.1234609475460022,"b₁":0.28505271762477946},"^":{"γ":-0.08057527133071396,"b₂":-0.31885718449435707,"λ₁":-0.08303627971035255,"λ₂":-0.014314598278927448,"a₁":-0.1009472728499663,"a₂":-0.19207937553886723,"b₁":-1.1804555968254533},">":{"γ":-0.028484324972497532,"b₂":-0.05215974111060362,"λ₁":-0.8602140231935582,"λ₂":1.6645771414875732,"a₁":-0.31825625052278816,"a₂":0.7688643344868709,"b₁":-0.036939478608017495}}}}