{"params":{"P":100,"m₂":0.0,"b₁":0.03672951312176184,"name":"m_1_k_2","seed_no":105,"M":4,"λ₁":9993.01386977528,"a₂":0.00010015949903564137,"b₂":9992.41402939033,"Rs":[1,2,3,4,5],"T_max":1000,"m₁":0.0,"γ":9994.30204974096,"a₁":2035.1580786741488,"λ₂":121.47544939242412,"EPOCHS":200,"tr_acc":-0.8071860210511799}}