{"params":{"P":100,"m₂":0.0,"b₁":1379.7269911996043,"name":"m_1_k_1","seed_no":105,"M":4,"λ₁":7.576377392533624,"a₂":0.13306491685471533,"b₂":20.353784898829662,"Rs":[1,2,3,4,5],"T_max":1000,"m₁":0.0,"γ":7.419668788477848,"a₁":18.595656910040198,"λ₂":0.13236490349782898,"EPOCHS":200,"tr_acc":-0.7894272980547933}}