{"params":{"P":100,"m₂":0.0,"b₁":1587.7852784799584,"name":"m_1_k_3","seed_no":105,"M":4,"λ₁":311.1865145197858,"a₂":0.5922656042186093,"b₂":4255.145020130177,"Rs":[1,2,3,4,5],"T_max":1000,"m₁":0.0,"γ":20.63570382375055,"a₁":3.831944389297088,"λ₂":174.69885341788245,"EPOCHS":200,"tr_acc":-0.7488262602661209}}