{"likelihoods":{"pair0019":{"<":336.0173567238065,"^":323.58032146187867,">":336.55683761519026}}}