{"parameters":{"pair0019":{"<":{"γ":-3.4736002325538315,"b₂":-4.312839509730669,"λ₁":-5.119314179809479,"λ₂":-1.451255498311113,"a₁":-0.03216094918539092,"a₂":-0.9777277384570731,"b₁":-2.027780351831508},"^":{"γ":0.6633031882168261,"b₂":-5.307130605218717,"λ₁":-2.638394210700973,"λ₂":-1.5994576061716845,"a₁":0.008860481125704922,"a₂":4.855358371234278,"b₁":-1.653463869134482},">":{"γ":13.77032250764169,"b₂":-13.331506189727031,"λ₁":-3.2104973639058194,"λ₂":1.6034699958789886,"a₁":-1.5668222087395431,"a₂":-2.6566759328394696,"b₁":-2.2347221016423955}}}}