{"likelihoods":{"pair0027":{"4":{"<":-746.8087019182344,"^":-535.4526225130393,">":-838.5622302527338},"2":{"<":-743.3646466098199,"^":-741.2726117239254,">":-742.3815747745722},"3":{"<":-645.4043536850793,"^":-755.8541895395623,">":-810.4811909335432},"5":{"<":-771.4267683941795,"^":-764.4725522052803,">":-755.7112763265707},"1":{"<":2835.5977335021853,"^":2847.609819481923,">":2838.5115490627436}},"pair0028":{"4":{"<":2270.3415249684826,"^":2577.1658325569024,">":2702.3140838570444},"2":{"<":2742.6034825930724,"^":2764.1343871453055,">":2744.687641593924},"3":{"<":2570.340685266846,"^":2683.2816073450063,">":2665.7506667120842},"5":{"<":0.0,"^":2339.795853115411,">":2246.0333244575927},"1":{"<":2756.933002599709,"^":2842.860441259292,">":2760.8844626445775}},"pair0045":{"4":{"<":1497.1778832907949,"^":1833.009757168033,">":1525.380038784609},"2":{"<":1599.215427077149,"^":2203.7834408950525,">":1687.6525666886157},"3":{"<":1508.768732700331,"^":1930.2227544699715,">":1517.0577113528204},"5":{"<":1495.2581052384821,"^":1742.739454030688,">":1497.8626574598459},"1":{"<":1840.053916340809,"^":2846.2968992210053,">":1841.4891858901192}},"pair0038":{"4":{"<":1936.0397887510005,"^":1936.5455161616687,">":1933.4388046289869},"2":{"<":1976.5464128008482,"^":0.0,">":1975.416460444946},"3":{"<":1962.1432574737064,"^":1934.6572176683262,">":1928.32715207976},"5":{"<":1912.8650079810207,"^":1939.0222253291988,">":1963.2140560634964},"1":{"<":2149.6810364936678,"^":2154.5313353662345,">":2151.662659001448}},"pair0049":{"4":{"<":920.2576963622728,"^":910.5597957703787,">":917.1426870180525},"2":{"<":906.6745208229967,"^":0.0,">":0.0},"3":{"<":916.0142751302818,"^":924.91985219195,">":914.3494402169008},"5":{"<":928.1067237960461,"^":922.8752769910343,">":927.0762150068109},"1":{"<":919.8413973861003,"^":1045.497392008449,">":919.6499023413537}},"pair0047":{"4":{"<":-732.8309928961992,"^":-857.4827486793463,">":-752.6553180939986},"2":{"<":-680.0690796850818,"^":-682.9561558672534,">":-369.966770923876},"3":{"<":-843.7096987001048,"^":-433.8650574897051,">":-380.2545889886373},"5":{"<":-747.4212788661704,"^":-717.2042615401969,">":-638.2817569422886},"1":{"<":725.067936189247,"^":721.5113739705664,">":716.7740193501479}},"pair0048":{"4":{"<":458.8815283424598,"^":464.01367182019396,">":459.6533416925346},"2":{"<":453.6844495677358,"^":466.9987267024026,">":453.39451981563445},"3":{"<":455.40470451160803,"^":455.6071288067333,">":456.7358483480888},"5":{"<":462.09465482660687,"^":457.53687950495754,">":461.5566843923951},"1":{"<":470.57312268921845,"^":483.0227912963444,">":470.61801038450625}},"pair0029":{"4":{"<":726.2064678199672,"^":682.0265002451198,">":643.8859204487176},"2":{"<":773.7738116869211,"^":738.6524432933277,">":735.476381698522},"3":{"<":662.1485790410775,"^":693.3035309087019,">":647.3155561995491},"5":{"<":682.0606261995109,"^":605.9354646412535,">":681.2798271037965},"1":{"<":2787.090516748931,"^":2845.8282548440875,">":2787.0767845845335}},"pair0034":{"4":{"<":546.3592604502393,"^":566.2768184690847,">":445.5511434722099},"2":{"<":575.7235669161879,"^":530.8940226382185,">":531.6332777952417},"3":{"<":526.4357824069293,"^":522.4110419201515,">":550.5981962072325},"5":{"<":435.41166032211464,"^":407.5091788561275,">":349.8841015656403},"1":{"<":982.4429693533775,"^":984.3918582347234,">":976.953299773404}},"pair0043":{"4":{"<":4.7197026497890935,"^":1061.3235018231135,">":-2.0807776974198755},"2":{"<":90.71998060212901,"^":0.0,">":96.96414662860948},"3":{"<":264.0007936268077,"^":1309.0639194776215,">":-3.7875809038744013},"5":{"<":-14.193080183400816,"^":883.2875190200438,">":-6.702257743222688},"1":{"<":639.0350684417185,"^":2837.311100812824,">":639.2570077085516}},"pair0033":{"4":{"<":544.209814219738,"^":578.8809167084435,">":564.6273255130633},"2":{"<":539.8139770693489,"^":527.6653656052226,">":534.4790883103668},"3":{"<":608.9435852529988,"^":558.4782497526992,">":524.9234519904409},"5":{"<":579.1578176167101,"^":401.3680710180975,">":259.3309479895726},"1":{"<":978.9781135756787,"^":983.9150692616755,">":0.0}},"pair0042":{"4":{"<":2222.2208083195883,"^":2304.9150246625027,">":2207.153550399382},"2":{"<":2237.5301780728305,"^":2622.841936809047,">":2239.6256151957473},"3":{"<":2203.276108570849,"^":2345.5241826860233,">":2213.385105369315},"5":{"<":2231.2999238990765,"^":2237.966252589394,">":2198.15232764678},"1":{"<":2385.8899667409164,"^":2843.765055782272,">":2383.6657581510462}},"pair0031":{"4":{"<":2819.560745475603,"^":2783.5408721903586,">":2819.0789231633544},"2":{"<":2822.5500993972755,"^":2809.001688481079,">":2825.562064025825},"3":{"<":2808.3991400307114,"^":2809.711261718068,">":0.0},"5":{"<":2809.131343360162,"^":2794.304666508273,">":2814.796205027693},"1":{"<":2836.1361839428946,"^":2842.027608762473,">":2834.6327283786354}},"pair0046":{"4":{"<":1462.0319765956417,"^":1550.7085818031535,">":1479.1600736845978},"2":{"<":1512.1952685046758,"^":1783.2981095467403,">":1512.837260393519},"3":{"<":1485.2457233098633,"^":1571.4829635998906,">":1484.5167409955473},"5":{"<":1481.7342065353191,"^":1467.5812685867436,">":1453.533984600271},"1":{"<":2297.2605632932873,"^":2843.205996209246,">":2297.3374714228944}},"pair0035":{"4":{"<":473.64049956092026,"^":478.41732797802024,">":424.2434833774722},"2":{"<":546.9775338256721,"^":535.8606259144703,">":537.6893229155246},"3":{"<":457.1881978384851,"^":404.52113012747304,">":462.98492061866125},"5":{"<":358.363779065174,"^":464.3826698941471,">":436.9958191656368},"1":{"<":981.8591752977007,"^":983.3647156520061,">":980.4183579081966}},"pair0040":{"4":{"<":1852.4411965042361,"^":1844.1886728859022,">":1845.1579693085803},"2":{"<":1889.0818926134941,"^":1885.3889303119074,">":1890.1089701178287},"3":{"<":1882.7168445463383,"^":1871.3129144401466,">":1872.7744707715383},"5":{"<":1859.3396520750377,"^":1860.657714933108,">":1855.860775040251},"1":{"<":2049.24029233509,"^":0.0,">":2047.9797233527684}},"pair0039":{"4":{"<":913.1827345768,"^":908.7978245559315,">":912.4426687715002},"2":{"<":945.5005678043096,"^":957.7020380226442,">":943.8379360578402},"3":{"<":916.1016745420405,"^":922.3560586529481,">":0.0},"5":{"<":920.7722431984724,"^":927.8723375332468,">":923.3259161534571},"1":{"<":1118.3486837127025,"^":1122.3308570070383,">":1120.2019716982284}},"pair0050":{"4":{"<":0.0,"^":927.8978809104672,">":927.289306433747},"2":{"<":909.397449951168,"^":0.0,">":912.851917795119},"3":{"<":916.7974114223261,"^":929.704788515946,">":923.6424011461041},"5":{"<":933.2285879326611,"^":943.6514944333424,">":926.5737029690259},"1":{"<":929.6635640035811,"^":1035.4472350735912,">":932.0439346391756}},"pair0041":{"4":{"<":1938.6032480533888,"^":1948.5636334499004,">":1927.8264141174857},"2":{"<":1957.2757965823096,"^":1958.13648609888,">":1960.2821158759205},"3":{"<":0.0,"^":1961.4851269550043,">":1928.9404914836723},"5":{"<":1928.4726410529527,"^":1924.2265449531396,">":1940.9381502579859},"1":{"<":2154.6053018706366,"^":2174.2925280035183,">":2150.8123652563695}},"pair0032":{"4":{"<":44.310637553138776,"^":-126.52778745236414,">":82.83673478710539},"2":{"<":2005.366407929089,"^":2107.5224438296636,">":0.0},"3":{"<":204.82613821351677,"^":0.0,">":203.2291610104886},"5":{"<":-183.40750535114142,"^":-380.27721606929543,">":-433.7201012645271},"1":{"<":2671.0737350552095,"^":2842.2951058146614,">":2670.9663107336405}},"pair0036":{"4":{"<":424.7829379049517,"^":426.1255463410155,">":508.5787227171932},"2":{"<":524.4219672161635,"^":856.2569146464074,">":524.7820838753573},"3":{"<":506.6054310722391,"^":433.29638579381304,">":479.68253634447075},"5":{"<":378.28622322685175,"^":477.0492744221766,">":439.98871921438626},"1":{"<":978.1813246476484,"^":985.4598494443619,">":982.6422492961788}},"pair0037":{"4":{"<":424.5853626962295,"^":510.2787659478429,">":446.86367660751426},"2":{"<":792.600841772409,"^":542.8235226303923,">":548.6681937378311},"3":{"<":380.28577681689785,"^":366.0489072369496,