{"likelihoods":{"pair0043":{"4":{"<":-826.7774076553748,"^":10347.556332773036,">":-770.2294830790556},"2":{"<":584.3380103451601,"^":18761.810926243477,">":604.373581530674},"3":{"<":-567.8548947083973,"^":13318.50268188961,">":-588.3017918911689},"5":{"<":-1415.7646796360075,"^":9014.618329741172,">":-1834.1899692773752},"1":{"<":5852.985280634994,"^":29426.076409946552,">":5852.635231196832}},"pair0042":{"4":{"<":19314.193775058156,"^":20523.65746554171,">":19349.2816476496},"2":{"<":19968.035125103706,"^":23744.47742917486,">":0.0},"3":{"<":19564.935997973756,"^":21072.990115355602,">":19544.751290766737},"5":{"<":19271.75677523892,"^":19880.88229878582,">":19268.328017873377},"1":{"<":21488.389534368907,"^":26008.78837119319,">":21486.5191546276}},"pair0041":{"4":{"<":1952.612218219943,"^":1931.0070095273998,">":1941.7467490236104},"2":{"<":1968.9236449012444,"^":1961.2777352411665,">":1954.5645527759682},"3":{"<":1935.820026633953,"^":1948.3535077304982,">":1938.1570159016449},"5":{"<":1946.2816327900948,"^":1953.869519546731,">":1915.5521006034428},"1":{"<":2154.1002413862566,"^":2169.5515212852165,">":2151.7487317697583}}}}