{"parameters":{"pair0043":{"4":{"<":{"γ":-3.862928203149278,"b₂":-2.8327226723943655,"λ₁":-8.353101451529106,"λ₂":-6.327649568301265,"a₁":-8.956621405506116,"a₂":3.9811747285152457,"b₁":-9.210340371976182},"^":{"γ":3.0597942902118422,"b₂":0.996804009001826,"λ₁":-3.562889752973992,"λ₂":-5.251700773502455,"a₁":-1.044405792980207,"a₂":9.209775857073867,"b₁":-4.799356307566389},">":{"γ":2.8546188111124007,"b₂":-7.339169960186217,"λ₁":-1.8861576248365388,"λ₂":-3.3458484902930836,"a₁":-4.868980249379478,"a₂":-0.6740068990943087,"b₁":-9.210340371976182}},"2":{"<":{"γ":1.6992925623287292,"b₂":-7.775697666161084,"λ₁":-2.8573179328132268,"λ₂":-5.798799811320192,"a₁":-1.1612035266274159,"a₂":-1.8620834498075869,"b₁":-2.960112510372581},"^":{"γ":2.309804115869925,"b₂":-2.7451312275686197,"λ₁":-3.0861149656071794,"λ₂":-3.4220893943112145,"a₁":-1.5634582172280957,"a₂":9.210340371976185,"b₁":-4.838476847202037},">":{"γ":1.6885639900276512,"b₂":-9.194469159398647,"λ₁":-5.757273284954477,"λ₂":-5.912567151984449,"a₁":0.4149849252491471,"a₂":-3.277356475357327,"b₁":-9.203581963556882}},"3":{"<":{"γ":-1.702461067964844,"b₂":-7.143671533333299,"λ₁":-2.2696788687699234,"λ₂":-5.556366603698553,"a₁":-9.210340371976182,"a₂":-0.9948036673369849,"b₁":-9.209980039955422},"^":{"γ":3.0261464196358716,"b₂":4.269782423001393,"λ₁":-3.5637143645170815,"λ₂":-2.6503911550463197,"a₁":-1.510968880873615,"a₂":-9.210028152357747,"b₁":-4.143965569850781},">":{"γ":1.364276932286785,"b₂":-7.689871109706855,"λ₁":-3.868326313425209,"λ₂":-4.132734825820936,"a₁":-3.058498145831561,"a₂":-1.7826220043435352,"b₁":-5.423262744645653}},"5":{"<":{"γ":-0.9546324308746374,"b₂":-7.923589935380178,"λ₁":-9.210340371976182,"λ₂":-7.300934364700434,"a₁":2.945685751210396,"a₂":-1.792565813617034,"b₁":-4.00287902602676},"^":{"γ":5.528257708240922,"b₂":4.678599257050401,"λ₁":-9.191529072083563,"λ₂":-5.342831170663759,"a₁":-0.19780069930935618,"a₂":3.609135014600806,"b₁":-3.038275452678122},">":{"γ":-1.632753031889357,"b₂":-9.210340371976182,"λ₁":-9.210340371976182,"λ₂":-6.270858151031845,"a₁":-0.8904545209794019,"a₂":2.15523844481546,"b₁":-9.015101962512007}},"1":{"<":{"γ":-0.5456459750061882,"b₂":-2.877104826135435,"λ₁":9.210340371976185,"λ₂":-2.9011742322036227,"a₁":-0.007475697370784573,"a₂":0.21014847689575689,"b₁":-1.878871499118672},"^":{"γ":-9.210340371976182,"b₂":-9.210340371976182,"λ₁":9.210340371976185,"λ₂":9.210340371976185,"a₁":9.210340371976185,"a₂":-9.210340371976182,"b₁":9.210340371976185},">":{"γ":0.568859962337573,"b₂":-3.4201137095947685,"λ₁":9.209930248064792,"λ₂":-4.681746652315588,"a₁":-0.7048782890867518,"a₂":2.001685431800807,"b₁":-1.163094183577794}}},"pair0042":{"4":{"<":{"γ":1.7562165306445667,"b₂":-0.7528564515496861,"λ₁":-2.273963753924452,"λ₂":-1.1781653361924,"a₁":-0.4303491190234805,"a₂":0.02576059145710019,"b₁":-2.0203402019709884},"^":{"γ":1.7350146920197318,"b₂":8.425673975935334,"λ₁":-9.179034985802081,"λ₂":-3.3196844541481507,"a₁":-3.046795365550337,"a₂":8.062865130451447,"b₁":-3.463938198559437},">":{"γ":1.6017093120097012,"b₂":-1.198669243919893,"λ₁":-5.108074993865631,"λ₂":-1.4992020655977631,"a₁":-7.0535820691138635,"a₂":-4.631978084119735,"b₁":-4.056709380853664}},"2":{"<":{"γ":1.1580579400758637,"b₂":-1.5669177972864414,"λ₁":-1.8131497316110714,"λ₂":-1.9456368255730503,"a₁":-0.10761064792822594,"a₂":0.7055792876961391,"b₁":-0.052438751543050444},"^":{"γ":-1.6840771731570054,"b₂":-4.0791403093413425,"λ₁":-1.6251988682629674,"λ₂":0.04536959477176339,"a₁":0.5073796003605455,"a₂":-9.205707353021195,"b₁":-1.1778032567228767},">":{"γ":0.0,"b₂":0.0,"λ₁":0.0,"λ₂":0.0,"a₁":0.0,"a₂":0.0,"b₁":0.0}},"3":{"<":{"γ":-3.022402343202203,"b₂":-2.3522643446055103,"λ₁":-2.2848065216593687,"λ₂":-0.28876615287983753,"a₁":0.022016813586061446,"a₂":0.3724015092723576,"b₁":-0.2217450001526018},"^":{"γ":1.929365308138891,"b₂":2.7870733064019966,"λ₁":-2.650637894466298,"λ₂":-0.882967544061847,"a₁":-0.06565890764180438,"a₂":-1.021307426071731,"b₁":-1.609647401327746},">":{"γ":2.932640383323175,"b₂":0.7613473839337921,"λ₁":-5.056144277808105,"λ₂":-2.152873308115338,"a₁":-2.8718256507923634,"a₂":2.102598731464285,"b₁":-4.635116518416274}},"5":{"<":{"γ":-0.6705498101839442,"b₂":-0.5991394664978031,"λ₁":-2.199806132550866,"λ₂":-0.8657002662533451,"a₁":-4.459366747688418,"a₂":0.2577201566715104,"b₁":-5.967812006263008},"^":{"γ":1.5756788101386938,"b₂":7.657623019695949,"λ₁":-3.9938052100731873,"λ₂":-5.387184210571029,"a₁":-1.6385755001111306,"a₂":9.210340371976182,"b₁":-3.19477124002539},">":{"γ":1.1794971034206228,"b₂":-0.018113508905937437,"λ₁":-3.994718186108101,"λ₂":-1.9862594159645797,"a₁":-1.562973615825559,"a₂":-0.8474993140573748,"b₁":-2.2764427784016767}},"1":{"<":{"γ":-8.800200697076754,"b₂":-2.531629476493685,"λ₁":0.37752191197997753,"λ₂":0.17818764081220273,"a₁":0.44448808560686004,"a₂":-0.8938500170209966,"b₁":0.17689176237123405},"^":{"γ":9.210021308172992,"b₂":-9.208640052436188,"λ₁":9.210222498373374,"λ₂":9.209906682117117,"a₁":0.13427143789363072,"a₂":-9.208545925449357,"b₁":-0.12405539099083995},">":{"γ":9.203261439507218,"b₂":1.5357725806464764,"λ₁":7.913729538632756,"λ₂":-0.8756807494455252,"a₁":-2.4086349684095705,"a₂":2.934187348547816,"b₁":-9.205044116787407}}},"pair0041":{"4":{"<":{"γ":9.205184330468635,"b₂":9.1953059439355,"λ₁":-9.179909408878208,"λ₂":9.196170321101258,"a₁":-1.1827451713400112,"a₂":9.181087370837423,"b₁":-9.1671634374886},"^":{"γ":-0.11379556724425122,"b₂":9.210340371976185,"λ₁":-3.278232934180151,"λ₂":1.0816484506832165,"a₁":-0.09427650859162817,"a₂":3.686164912362525,"b₁":-3.251214306879576},">":{"γ":5.406427021524381,"b₂":0.26695101038120406,"λ₁":-2.1233896484751664,"λ₂":1.0838026078977823,"a₁":-0.0821771072781452,"a₂":-0.42328263692837,"b₁":-1.303800062925907}},"2":{"<":{"γ":1.7763568394002505e-15,"b₂":1.7763568394002505e-15,"λ₁":1.7763568394002505e-15,"λ₂":1.7763568394002505e-15,"a₁":1.7763568394002505e-15,"a₂":1.7763568394002505e-15,"b₁":1.7763568394002505e-15},"^":{"γ":0.540021438879446,"b₂":4.515097921130723,"λ₁":-2.5444757725808476,"λ₂":-0.4058764787561895,"a₁":0.012646920694045605,"a₂":9.209169549299956,"b₁":-0.8032824214838534},">":{"γ":8.953368420536036,"b₂":0.018979828188575354,"λ₁":-2.3449358222246657,"λ₂":1.0895012541870344,"a₁":1.008372959733082,"a₂":0.6347699901081754,"b₁":-0.9093236091834704}},"3":{"<":{"γ":2.328818625048978,"b₂":0.7498469581655858,"λ₁":-5.369736958986716,"λ₂":0.734361903281382,"a₁":-0.8641499501890486,"a₂":-0.09133658089663932,"b₁":-2.8987265004919713},"^":{"γ":9.210340371976185,"b₂":-9.210340371976182,"λ₁":-1.1202612270542769,"λ₂":0.8434047001523322,"a₁":-1.7251088210915393,"a₂":9.210340371976185,"b₁":-1.8425246225549934},">":{"γ":-1.313839637514687,"b₂":-0.08434469153160506,"λ₁":-2.7512150127847343,"λ₂":1.2741760143733032,"a₁":0.13821405939351017,"a₂":-1.3244339524853466,"b₁":-2.314756196062536}},"5":{"<":{"γ":9.210340371976185,"b₂":9.210340371976185,"λ₁":-9.210326001554012,"λ₂":8.85515519869618,"a₁":-2.3283793778991013,"a₂":9.210340371976185,"b₁":-3.8055084854002423},"^":{"γ":9.210326035921556,"b₂":9.209885470601575,"λ₁":-9.208839758422693,"λ₂":-9.208728246731804,"a₁":0.10156787174785542,"a₂":-9.208619388478144,"b₁":-2.2035199390162417},">":{"γ":8.080544268809943,"b₂":2.1817952847297875,"λ₁":-5.186691400923335,"λ₂":0.25393449542615265,"a₁":-1.989070408994106,"a₂":2.5815397355149408,"b₁":-8.030637034892322}},"1":{"<":{"γ":9.210340371976185,"b₂":-4.565364029391732,"λ₁":9.190882213406544,"λ₂":3.4154408909900233,"a₁":-2.584192997798449,"a₂":-3.7869306027433245,"b₁":-7.502195696383991},"^":{"γ":-9.210340371976182,"b₂":-9.205780593146153,"λ₁":9.208721204588686,"λ₂":9.210340371976185,"a₁":0.9549586975917919,"a₂":-9.210340371976182,"b₁":0.7310143693484399},">":{"γ":-8.089361395560129,"b₂":0.7317004848444046,"λ₁":5.533737238174426,"λ₂":2.1852268149153957,"a₁":-0.3867328926622058,"a₂":0.08095423106421151,"b₁":0.42450304990718557}}}}}