{"likelihoods":{"pair0009":{"4":{"<":2433.6493721921215,"^":2448.6548476045873,">":2444.7223662083884},"2":{"<":2484.613716280985,"^":2643.2062254283574,">":2485.1458852301334},"3":{"<":2439.451677236268,"^":2497.297353451884,">":2437.142111544543},"5":{"<":2330.0020670328263,"^":2477.398838961558,">":1403.3132497983265},"1":{"<":2609.7516229993885,"^":2849.557829295435,">":2610.196431405983}},"pair0010":{"4":{"<":1722.4552492298778,"^":2531.377169188545,">":2491.1115011720703},"2":{"<":2575.543650935567,"^":2685.932073004056,">":2575.586738276715},"3":{"<":2502.4704399790535,"^":2569.6488775405724,">":2503.98423985414},"5":{"<":2116.7347694456025,"^":2494.4266319324765,">":1951.3977314376887},"1":{"<":2680.887320008918,"^":2849.9576333557866,">":2681.903406868386}},"pair0008":{"4":{"<":2504.3596094878662,"^":2535.5525601545855,">":2430.697107388536},"2":{"<":2409.9173654887527,"^":2650.114010896785,">":2406.823200984368},"3":{"<":2419.606489508551,"^":2523.5304836378896,">":2420.018564646394},"5":{"<":2433.806358656119,"^":2465.7842171457196,">":2431.48212628629},"1":{"<":2489.4013401790685,"^":0.0,">":2489.4013401790685}}}}