{"parameters":{"pair0009":{"4":{"<":{"m₁":-0.651212883766533,"γ":-0.020724246849409766,"b₂":-1.7983459398818233,"λ₁":-0.3809145603873194,"λ₂":-1.1646028856351993,"a₁":0.03838162340222517,"a₂":-1.4406251623360582,"m₂":-0.22547850858498286,"b₁":-0.3138835078713438},"^":{"m₁":-0.7281881846822778,"γ":0.8740455669069416,"b₂":-4.144026087533108,"λ₁":-1.786770683488152,"λ₂":-4.755753027607364,"a₁":0.04230078432942719,"a₂":13.815510557964274,"m₂":0.1688494183981497,"b₁":-2.1353103209174673},">":{"m₁":-0.01697659603251367,"γ":0.011911128789938275,"b₂":0.008761523846290586,"λ₁":0.003541230529627626,"λ₂":0.039088722659199604,"a₁":-3.0160365703793985,"a₂":-0.02721067652741027,"m₂":0.012812328890298375,"b₁":-5.783663402034687}},"2":{"<":{"m₁":0.11915274238007534,"γ":-0.25355765477752,"b₂":0.050278933579184226,"λ₁":-0.3212791178311374,"λ₂":-0.06288502118188966,"a₁":0.022726074110686056,"a₂":0.4909819505120012,"m₂":-0.14108665240372176,"b₁":-0.10855691216411145},"^":{"m₁":-0.5340584426923414,"γ":1.1499340273460135,"b₂":-0.31390016185922853,"λ₁":-0.02533565275435201,"λ₂":-0.2001200301036441,"a₁":-0.005336105818912529,"a₂":0.11394368234466157,"m₂":-0.40220782015235557,"b₁":-0.8872487862326697},">":{"m₁":0.0,"γ":0.0,"b₂":0.0,"λ₁":0.0,"λ₂":0.0,"a₁":0.0,"a₂":0.0,"m₂":0.0,"b₁":0.0}},"3":{"<":{"m₁":-0.033871024535699235,"γ":6.939997194830653,"b₂":-0.002559048296278732,"λ₁":-0.004855842051830095,"λ₂":-0.013539507326274958,"a₁":0.0013408397451044607,"a₂":0.004886461476036885,"m₂":0.03829157315442089,"b₁":0.013345130638894531},"^":{"m₁":-0.04057643389071508,"γ":0.07253594260919982,"b₂":-0.34050623862502327,"λ₁":-1.4870880268058553,"λ₂":-2.774343162887451,"a₁":0.008482911484669842,"a₂":-1.466048361474373,"m₂":-0.8165968660895508,"b₁":-2.26521038873058},">":{"m₁":0.23818831888845793,"γ":0.3091191398651887,"b₂":-0.4220557005932175,"λ₁":0.31787582502434475,"λ₂":0.07097687171241596,"a₁":0.0176664253597405,"a₂":0.02745630413709854,"m₂":0.055795391841291675,"b₁":-0.2928420513436425}},"5":{"<":{"m₁":-9.940978959758725,"γ":-13.805375785336105,"b₂":0.8192349683863576,"λ₁":-13.752295830200287,"λ₂":-13.778418777562193,"a₁":-2.82433903710678,"a₂":-3.334568803085526,"m₂":-9.24316466395412,"b₁":-8.291271588849664},"^":{"m₁":-0.4760776367494781,"γ":-0.2268647602176248,"b₂":-0.3161442426927987,"λ₁":-0.7684676181719023,"λ₂":-1.5039533071881621,"a₁":-0.0636276745079627,"a₂":-3.9233307721104254,"m₂":-0.3224372485485496,"b₁":0.0185414413993783},">":{"m₁":-2.251954807304858,"γ":-4.071364710709775,"b₂":-13.811925043624383,"λ₁":-13.305229761937213,"λ₂":-1.4876173597064053,"a₁":0.3964845665776924,"a₂":-7.015650878848612,"m₂":5.583726690653457,"b₁":-13.815510557964274}},"1":{"<":{"m₁":-0.31284803462819966,"γ":-0.6364569269845983,"b₂":-0.1432420632615372,"λ₁":-0.06617522522370756,"λ₂":0.18247255315145416,"a₁":-0.2684733597551805,"a₂":0.29306874913673475,"m₂":0.23689176141145651,"b₁":-0.33271438480187143},"^":{"m₁":0.14855866866087553,"γ":0.3633614982516118,"b₂":-0.053158630535786955,"λ₁":-0.007380302449435661,"λ₂":1.2589444877691403,"a₁":0.008543215765957513,"a₂":1.0842586323231718,"m₂":-0.08339637978048309,"b₁":0.07933914581507473},">":{"m₁":0.0,"γ":0.0,"b₂":0.0,"λ₁":0.0,"λ₂":0.0,"a₁":0.0,"a₂":0.0,"m₂":0.0,"b₁":0.0}}},"pair0010":{"4":{"<":{"m₁":1.754212195823099,"γ":-7.253221173799193,"b₂":4.556901439636938,"λ₁":-13.813326150770655,"λ₂":-9.023469010710365,"a₁":-6.0586711873934505,"a₂":4.127190166241874,"m₂":-7.802137361959281,"b₁":-13.481750766965922},"^":{"m₁":-0.7330942177597031,"γ":4.050513645469792,"b₂":0.6174382846604516,"λ₁":-2.3978063915092385,"λ₂":-1.4047628598012576,"a₁":-0.057928173371250224,"a₂":0.24384100939584208,"m₂":-1.6038052272239138,"b₁":-0.09359677944597422},">":{"m₁":-0.3051609121737826,"γ":-1.4904145455052813,"b₂":-1.0242986215752374,"λ₁":-0.5684610398083922,"λ₂":0.07259361810442755,"a₁":-0.2478284018575323,"a₂":-0.07074892440398273,"m₂":-0.3964537440058926,"b₁":-0.4069747670199284}},"2":{"<":{"m₁":0.0,"γ":9.21034037197618,"b₂":0.0,"λ₁":9.21034037197618,"λ₂":0.0,"a₁":0.0,"a₂":0.0,"m₂":0.0,"b₁":0.0},"^":{"m₁":1.352312898445673,"γ":1.5315612028555154,"b₂":0.5154288053261098,"λ₁":-1.539909614441239,"λ₂":-1.5912284672300547,"a₁":0.0007070664985295849,"a₂":0.4956860538155361,"m₂":-0.17775432029167604,"b₁":-1.5336337345267648},">":{"m₁":0.5102704982916109,"γ":0.4132091710368524,"b₂":-0.07951293439509222,"λ₁":-1.0701988512748244,"λ₂":-0.15977910845971444,"a₁":0.029601892151850606,"a₂":-0.10895014975757178,"m₂":-0.020092012204406373,"b₁":-0.22985117712334002}},"3":{"<":{"m₁":0.001063626030777698,"γ":-0.10177157589231989,"b₂":-0.03327731593696015,"λ₁":-0.1399854759046839,"λ₂":-0.029459938200645297,"a₁":0.029217982332536252,"a₂":-0.30235671477472437,"m₂":-0.33509817295931654,"b₁":-0.6226690741086003},"^":{"m₁":-0.1498934853890983,"γ":3.111973236472693,"b₂":-1.6003761712244415,"λ₁":-0.39269541007651476,"λ₂":-0.5075611804270217,"a₁":0.26624038176769993,"a₂":-0.04802469295574774,"m₂":0.0567370376927272,"b₁":-0.32027419424752424},">":{"m₁":0.0,"γ":0.0,"b₂":0.0,"λ₁":0.0,"λ₂":0.0,"a₁":0.0,"a₂":0.0,"m₂":0.0,"b₁":0.0}},"5":{"<":{"m₁":9.987548995354526,"γ":-2.159591985783548,"b₂":-13.563438212898179,"λ₁":-13.576578160810055,"λ₂":-3.239677090873707,"a₁":-1.4329583986808192,"a₂":-10.785902840509841,"m₂":3.4547335972227007,"b₁":-10.260332784499997},"^":{"m₁":-3.9455790891828055,"γ":-1.2305336204797506,"b₂":13.727195415899335,"λ₁":-4.657363470789091,"λ₂":-4.917317335292701,"a₁":-1.6717778977000677,"a₂":12.4877578941251,"m₂":0.234133464663703,"b₁":-6.453518121757359},">":{"m₁":0.7570358072074725,"γ":-13.813265153279668,"b₂":-13.813247931764453,"λ₁":-13.81305583241767,"λ₂":-13.813111529147823,"a₁":-13.813157542228366,"a₂":-6.614685917594518,"m₂":9.99973286215949,"b₁":-13.812831200475255}},"1":{"<":{"m₁":0.10553399343684333,"γ":0.02619114465127481,"b₂":-0.31922492515918854,"λ₁":0.4836020142528241,"λ₂":0.764624261615312,"a₁":0.16635487955600858,"a₂":-0.4337288560452581,"m₂":-0.05410191817740895,"b₁":-0.27143397606259967},"^":{"m₁":0.057697344113659454,"γ":-0.5194966049262053,"b₂":0.7238886125562374,"λ₁":-0.2210311671657461,"λ₂":2.106112810787277,"a₁":0.7973648683594057,"a₂":-0.8713539307590104,"m₂":-0.14097539068342613,"b₁":-0.16886182334113187},">":{"m₁":0.0,"γ":0.0,"b₂":0.0,"λ₁":0.0,"λ₂":0.0,"a₁":0.0,"a₂":0.0,"m₂":0.0,"b₁":0.0}}},"pair0008":{"4":{"<":{"m₁":-6.799201372068611,"γ":0.2496584593210951,"b₂":6.469461590492472,"λ₁":-0.8728182177263069,"λ₂":-8.87939163542568,"a₁":-13.815510557964274,"a₂":7.379978549346514,"m₂":-2.532274768496202,"b₁":-2.097176223919659},"^":{"m₁":-5.954255407656894,"γ":-3.819301409325469,"b₂":13.282368965492932,"λ₁":-13.585652651250385,"λ₂":-13.755298515973639,"a₁":-2.6551871543915855,"a₂":0.06143872138776807,"m₂":8.909334984536205,"b₁":-9.612598216731783},">":{"m₁":0.015614845025147872,"γ":0.023883479461467516,"b₂":-0.04177852410890637,"λ₁":-0.059469444151693196,"λ₂":-0.005205555603971845,"a₁":0.011805516447596531,"a₂":-0.020114049817271606,"m₂":-0.0008813148976791751,"b₁":-1.2461952726708887}},"2":{"<":{"m₁":0.0,"γ":0.0,"b₂":0.0,"λ₁":0.0,"λ₂":0.0,"a₁":0.0,"a₂":0.0,"m₂":0.0,"b₁":0.0},"^":{"m₁":0.0,"γ":0.0,"b₂":0.0,"λ₁":0.0,"λ₂":0.0,"a₁":0.0,"a₂":0.0,"m₂":0.0,"b₁":0.0},">":{"m₁":0.1987916711228941,"γ":-0.6289091845569033,"b₂":0.3603100518835056,"λ₁":1.0766181921774098,"λ₂":0.3690179227908974,"a₁":0.3015765796895469,"a₂":1.4427164825522958,"m₂":0.1919514425562312,"b₁":0.08927494612170328}},"3":{"<":{"m₁":0.0,"γ":9.21034037197618,"b₂":0.0,"λ₁":0.0,"λ₂":0.0,"a₁":0.0,"a₂":0.0,"m₂":0.0,"b₁":0.0},"^":{"m₁":1.624066788924715,"γ":0.437480161524034,"b₂":-13.5286933204396,"λ₁":-2.932608399345236,"λ₂":-0.5003320220140601,"a₁":-0.47944000779084206,"a₂":-2.493858544509079,"m₂":-0.45281104339964884,"b₁":-2.0503912534317585},">":{"m₁":-0.08745384980651849,"γ":0.03704019921279844,"b₂":0.05619281451762248,"λ₁":0.057596661768549495,"λ₂":0.02565637625979278,"a₁":0.36142134193077524,"a₂":-0.004838787161890679,"m₂":-0.06346124030154243,"b₁":-0.10916757346238803}},"5":{"<":{"m₁":0.0,"γ":0.0,