{"likelihoods":{"pair0066":{"4":{"<":2683.4885493358747,"^":3130.0189227942756,">":2911.807687932659},"2":{"<":3002.367565331022,"^":3554.7083987329333,">":2970.6880693401167},"3":{"<":2969.666352506324,"^":3251.6709469527664,">":0.0},"5":{"<":2842.681938186647,"^":3082.8562693503654,">":2810.656801551448},"1":{"<":3072.2385418120243,"^":3784.6671367408467,">":3080.771744188509}},"pair0068":{"4":{"<":-1464.678315957705,"^":-1741.685287310964,">":-1912.9992023286304},"2":{"<":-926.9424013072464,"^":-1614.4360165291146,">":-1669.1036756739068},"3":{"<":-1758.0444243089075,"^":-2107.294007287195,">":-1679.0958460484935},"5":{"<":-1608.6486537517908,"^":-1783.509754066214,">":-1044.7863122727122},"1":{"<":1229.4285137826985,"^":1417.4232056364974,">":1229.6609354468883}},"pair0069":{"4":{"<":41832.58971388626,"^":42250.143288356034,">":41822.98519882251},"2":{"<":42714.26088813142,"^":43414.02169947679,">":42713.278596940094},"3":{"<":42149.496102382356,"^":42597.98804960545,">":42146.26413455451},"5":{"<":41588.85843199495,"^":42001.207459127,">":29276.10176641753},"1":{"<":45306.60511434841,"^":46497.95634793671,">":45306.60466885014}},"pair0067":{"4":{"<":3229.000479112926,"^":3297.016960932323,">":3235.7952181806554},"2":{"<":3208.390387218547,"^":3577.1635731256056,">":0.0},"3":{"<":3215.3096769986487,"^":3365.490531957449,">":3223.383671700213},"5":{"<":2857.9981859994614,"^":3267.721332419183,">":2927.7849858359095},"1":{"<":3345.1612945305765,"^":3782.816776203506,">":3341.963400462573}},"pair0065":{"4":{"<":3294.3893689379374,"^":3401.414651478943,">":3356.3731368064073},"2":{"<":3349.3533074328784,"^":3532.7699291845506,">":3343.5472284143593},"3":{"<":3349.505343858924,"^":0.0,">":3352.078664732085},"5":{"<":2418.3183253085986,"^":3374.91814827606,">":3097.047347214178},"1":{"<":3538.95494669793,"^":3776.216376992827,">":3538.7883653929107}}}}