{"parameters":{"pair0066":{"4":{"<":{"γ":-4.878359350948996,"b₂":2.552089119073564,"λ₁":0.17917968158841902,"λ₂":0.907390725678983,"a₁":-5.709772360217604,"a₂":-2.0231108766225674,"b₁":-10.964870543466333},"^":{"γ":0.5938641251342478,"b₂":-0.005707693799138269,"λ₁":-0.5565719102379951,"λ₂":-1.5447434014679011,"a₁":0.0016190677625100847,"a₂":1.251258207412823,"b₁":-0.2523932443032919},">":{"γ":-2.9002835161170974,"b₂":1.0136501260204813,"λ₁":13.764999497063801,"λ₂":-13.807483751911136,"a₁":-13.814043330933314,"a₂":-13.812108473804543,"b₁":-13.799573341365603}},"2":{"<":{"γ":0.8648589527566521,"b₂":-6.5427156953595125,"λ₁":0.6839652174094457,"λ₂":-0.010453794706402064,"a₁":0.8396930119057675,"a₂":-1.8106728904038096,"b₁":-0.5718025670212672},"^":{"γ":13.815510557964274,"b₂":-13.815510557964274,"λ₁":13.81551055796427,"λ₂":13.815510557964274,"a₁":-0.6893798022479558,"a₂":13.815510557964274,"b₁":-4.851495702693507},">":{"γ":2.2663710362998835,"b₂":0.20201120826555474,"λ₁":6.849571141955085,"λ₂":0.39698307101400765,"a₁":-0.6787389274206657,"a₂":0.7176226140995343,"b₁":-1.029164866151472}},"3":{"<":{"γ":-1.2980392523023276,"b₂":-0.32328164208673016,"λ₁":3.894286023953992,"λ₂":-0.08460389857663309,"a₁":0.02517991432986655,"a₂":0.6088102483070994,"b₁":0.6998997846716843},"^":{"γ":0.17632357330343496,"b₂":-0.17007733589988838,"λ₁":-0.8297036950590044,"λ₂":-0.16373307186270836,"a₁":-0.021398635523581788,"a₂":-0.04809403011346447,"b₁":-0.0917669709768294},">":{"γ":0.0,"b₂":0.0,"λ₁":0.0,"λ₂":0.0,"a₁":0.0,"a₂":0.0,"b₁":0.0}},"5":{"<":{"γ":-3.4041853004159766,"b₂":1.6974446632907654,"λ₁":3.9332307217614186,"λ₂":-13.797673470440811,"a₁":-7.3738859721471,"a₂":-13.154689665946881,"b₁":-13.815510557964274},"^":{"γ":0.0,"b₂":0.0,"λ₁":0.0,"λ₂":0.0,"a₁":0.0,"a₂":0.0,"b₁":0.0},">":{"γ":-0.9555298376180339,"b₂":-5.843645680551742,"λ₁":13.798831095951261,"λ₂":2.8094652797947184,"a₁":-10.287782790680584,"a₂":-2.5816631172428632,"b₁":-13.807234649460607}},"1":{"<":{"γ":-13.779014619443553,"b₂":-4.332397933039788,"λ₁":13.81551055796427,"λ₂":0.5527662494859555,"a₁":1.1352024866364179,"a₂":-2.7010166405564533,"b₁":1.0466013948760207},"^":{"γ":-0.20330706439006718,"b₂":-10.176152955953816,"λ₁":9.827266591803912,"λ₂":13.815510557964274,"a₁":-1.3626513995096072,"a₂":-2.189592902696898,"b₁":-1.651410911955967},">":{"γ":5.6680095583495635,"b₂":-2.751258504693281,"λ₁":11.222912104414348,"λ₂":-0.8415043698504654,"a₁":-8.449450453182532,"a₂":-1.5649242072040757,"b₁":-12.116344484475064}}},"pair0068":{"4":{"<":{"γ":-11.587060251104855,"b₂":-13.15231144642095,"λ₁":-2.828188277304731,"λ₂":5.272238956113004,"a₁":-3.8450698592954655,"a₂":-5.063040493878013,"b₁":-13.76809982797235},"^":{"γ":-1.1912035114275863,"b₂":13.797001465430078,"λ₁":-7.043791358943601,"λ₂":3.646750094802755,"a₁":-3.434724125369831,"a₂":6.104514922969816,"b₁":-11.039156368987499},">":{"γ":5.405090999070978,"b₂":-12.507299691677131,"λ₁":-12.841610569410404,"λ₂":-2.352046337909252,"a₁":-13.355203180294806,"a₂":-10.964610939751724,"b₁":-10.995809041938038}},"2":{"<":{"γ":-13.815510557964274,"b₂":13.252239726271725,"λ₁":-13.814646394525052,"λ₂":-13.815510557964274,"a₁":0.46127028794056457,"a₂":13.803091256623862,"b₁":-11.807776203183174},"^":{"γ":-10.85871751603996,"b₂":-5.849648149332132,"λ₁":-8.280096248265753,"λ₂":-5.119320981523698,"a₁":-13.481010624351972,"a₂":12.960076331172147,"b₁":-13.815510557964274},">":{"γ":-0.6725060479836458,"b₂":-5.704183581551121,"λ₁":-4.633129660619613,"λ₂":-4.200672932323819,"a₁":-3.2069584025895814,"a₂":-1.161041882724497,"b₁":-13.329940253803262}},"3":{"<":{"γ":-1.5347159981792533,"b₂":-13.702545968839406,"λ₁":-4.565956034786852,"λ₂":-10.92802374888274,"a₁":-13.783106050055324,"a₂":-4.631121818109744,"b₁":-13.807549788070768},"^":{"γ":13.113084963195657,"b₂":-13.789313063885336,"λ₁":-13.691520203266183,"λ₂":-2.913486643165527,"a₁":-2.2745064071378565,"a₂":-0.20227283371501414,"b₁":-13.806779394007382},">":{"γ":7.786791192828481,"b₂":-11.459724375280935,"λ₁":-7.976310946269807,"λ₂":0.08528246843770937,"a₁":0.4810630718351181,"a₂":-5.242197878430982,"b₁":-7.917825734384495}},"5":{"<":{"γ":-7.671558888816028,"b₂":2.3726735873686344,"λ₁":-6.3343716951170155,"λ₂":-7.258300596469435,"a₁":-1.931483155617018,"a₂":5.019886570479251,"b₁":-13.815510557964274},"^":{"γ":-2.2565871889753737,"b₂":-13.269142751034803,"λ₁":-3.32336546098316,"λ₂":-5.975551205122223,"a₁":-0.26754745162668137,"a₂":13.814192960918987,"b₁":-8.128460525614813},">":{"γ":12.84149300999793,"b₂":3.4509899919740654,"λ₁":-11.61076828497538,"λ₂":-0.2765782691111358,"a₁":-5.867925372325399,"a₂":-1.1017995089253585,"b₁":-13.797995488232544}},"1":{"<":{"γ":0.0,"b₂":0.0,"λ₁":0.0,"λ₂":0.0,"a₁":9.21034037197618,"a₂":0.0,"b₁":9.21034037197618},"^":{"γ":-13.78416931750803,"b₂":13.813374056738862,"λ₁":13.799477453997206,"λ₂":10.830149589922314,"a₁":1.9343996977510152,"a₂":13.81551055796427,"b₁":1.418130323176083},">":{"γ":-0.10065366501553008,"b₂":-0.8527135260267968,"λ₁":3.523657240651886,"λ₂":-0.27567863342116006,"a₁":-0.04349950150039028,"a₂":0.3607869606634697,"b₁":-0.5160691963752448}}},"pair0069":{"4":{"<":{"γ":0.0,"b₂":0.0,"λ₁":0.0,"λ₂":0.0,"a₁":0.0,"a₂":0.0,"b₁":0.0},"^":{"γ":12.277371770601317,"b₂":-11.412796079187173,"λ₁":-2.28546546806216,"λ₂":-1.0419667982208107,"a₁":-1.4655689177404394,"a₂":-6.012166722087954,"b₁":-8.50186234423562},">":{"γ":1.5407950910518284,"b₂":-1.953521123789617,"λ₁":-1.602063129498875,"λ₂":-1.5455276213123756,"a₁":0.03826193803877409,"a₂":-0.6260027083336439,"b₁":-0.7348721693162474}},"2":{"<":{"γ":0.0,"b₂":0.0,"λ₁":0.0,"λ₂":0.0,"a₁":0.0,"a₂":0.0,"b₁":0.0},"^":{"γ":5.209003487735263,"b₂":-5.2414960310143694,"λ₁":0.8907491238996332,"λ₂":0.023031795735324323,"a₁":-0.006050696918116216,"a₂":-0.36347383885047435,"b₁":-0.9545795343302466},">":{"γ":0.006467122382790791,"b₂":-5.1285704373235195,"λ₁":-0.0292921221319542,"λ₂":0.03003793446864833,"a₁":0.09539968346739691,"a₂":-2.315288398174866,"b₁":0.07182730565698492}},"3":{"<":{"γ":-0.16269795958769429,"b₂":0.0050890490737938165,"λ₁":-0.02532013657815213,"λ₂":0.1693781020196088,"a₁":-0.021708793355944778,"a₂":0.20918996158881598,"b₁":0.008563713958688268},"^":{"γ":0.5969927544266795,"b₂":2.659723824747676,"λ₁":-0.5605461251506956,"λ₂":-0.6166525758971773,"a₁":-0.04769148423232039,"a₂":-0.10623580134828536,"b₁":-1.1427735229170342},">":{"γ":0.5663452092056165,"b₂":-0.427036326584167,"λ₁":0.5339109134971078,"λ₂":-0.3190206049539892,"a₁":-0.03736334239120076,"a₂":-0.055309414234761434,"b₁":-0.07224558742777099}},"5":{"<":{"γ":2.411288649977827,"b₂":-2.199188072242256,"λ₁":-2.781601429586612,"λ₂":-0.9467332312023089,"a₁":0.06467567960014087,"a₂":1.2759286678498558,"b₁":0.9549522448911603},"^":{"γ":2.252123275877313,"b₂":-0.08613185477233998,"λ₁":0.7071037825842126,"λ₂":2.142118233880746,"a₁":0.1041604054921823,"a₂":0.5290812962796458,"b₁":-4.230053992154401},">":{"γ":-13.813611850232176,"b₂":13.815117455486824,"λ₁":-13.81323386197633,"λ₂":13.815042796319066,"a₁":2.448795209879176,"a₂":13.814821841251625,"b₁":-13.812874865472283}},"1":{"<":{"γ":-4.505029910014295,"b₂":-6.016379684719802,"λ₁":10.356554987808412,"λ₂":1.181652446326213,"a₁":-0.277988295226967,"a₂":-1.1774534473602127,"b₁":-0.8926018986544726},"^":{"γ":-13.815510557964274,"b₂":13.815510557964274,"λ₁":13.815510557964274,"λ₂":13.815510557964274,"a₁":0.30776823903521056,"a₂":13.815510557964274,"b₁":0.20340677439978094},">":{"γ":-0.006819277364806808,"b₂":-0.010102156925910322,"λ₁":0.008970122526280377,"λ₂":0.004141124834978527,"a₁":13.815510557964274,"a₂":0.05611469747993958,"b₁":13.815510557964274}}},"pair0067":{"4":{"<":{"γ":4.360825600685079,"b₂":-4.847983763051166,"λ₁":13.245215753774762,"λ₂":0.3165282906019442,"a₁":0.6724628018971472,"a₂":-0.3799726167431121,"b₁":-0.1166639461125083},"^":{"γ":0.4143148719462246,"b₂":-0.5389992515827426,"λ₁":-1.6569916928359785,"λ₂":-0.1288457509812737,"a₁":-0.018323878426834028,"a₂":0.5052031215225234,"b₁":-0.11347880787012699},">":{"γ":-1.7260657347594694,