{"likelihoods":{"pair0034":{"<":482.79287105205333,"^":491.3114669908751,">":588.2858203400635},"pair0035":{"<":490.5726653103501,"^":436.3966242521373,">":540.555932585196},"pair0033":{"<":593.3696862777734,"^":408.7545191788006,">":595.9335669919432},"pair0036":{"<":527.1100345675002,"^":458.93636405194616,">":491.25817387669315},"pair0031":{"<":2805.3025797094497,"^":2770.4014345958963,">":2818.4091409904427},"pair0037":{"<":437.6317351529945,"^":322.13808670180265,">":609.8055390808407},"pair0038":{"<":1974.4847625485897,"^":1925.6072496580387,">":1969.1350045768281},"pair0039":{"<":920.9295263734308,"^":905.4135504793666,">":932.5246394449313},"pair0040":{"<":1888.5551577662882,"^":1862.396700002515,">":1890.034291806473},"pair0032":{"<":-519.15667694625,"^":-185.2636807672176,">":-314.1826341106229}}}