{"parameters":{"pair0034":{"<":{"γ":9.210340371976185,"b₂":-9.210340371976182,"λ₁":9.210340371976185,"λ₂":-8.101933497555425,"a₁":0.07453832777070168,"a₂":-3.7964741452619695,"b₁":-4.2968081057056065},"^":{"γ":-9.187750310716838,"b₂":9.210340371976182,"λ₁":-9.168766375910613,"λ₂":-9.204178647422758,"a₁":0.021521293443719003,"a₂":9.19530081419173,"b₁":-9.164024963183964},">":{"γ":0.9374566294503879,"b₂":-9.210340371976182,"λ₁":9.210340371976185,"λ₂":-9.210340371976182,"a₁":-9.098986828214066,"a₂":-9.210340371976182,"b₁":-9.098914671298369}},"pair0035":{"<":{"γ":-9.018175120460807,"b₂":-9.210340371976182,"λ₁":-4.502718913841049,"λ₂":-9.198971105256975,"a₁":-9.145945131508542,"a₂":0.49764300858015353,"b₁":-5.808997851851322},"^":{"γ":9.170038257367258,"b₂":9.161789056491424,"λ₁":-9.210340371976182,"λ₂":-9.099310526264041,"a₁":-0.8481246531295703,"a₂":9.01058467908336,"b₁":-9.208590832555101},">":{"γ":9.21028341847675,"b₂":-9.208396392821907,"λ₁":9.209809032921791,"λ₂":-9.208068144046479,"a₁":-9.208195672691243,"a₂":-9.208214652023445,"b₁":-8.235857541638257}},"pair0033":{"<":{"γ":9.210340371976185,"b₂":-9.194634669194356,"λ₁":9.210340371976185,"λ₂":-9.210340371976182,"a₁":-5.751997427539062,"a₂":-9.210340371976182,"b₁":-3.0171317423009},"^":{"γ":4.025402828901349,"b₂":-9.20197012546394,"λ₁":-9.1521016942925,"λ₂":3.8697101527932567,"a₁":-9.208217307745398,"a₂":9.210340371976185,"b₁":-9.197336452031367},">":{"γ":-9.210340371976182,"b₂":-9.210340371976182,"λ₁":-9.210340371976182,"λ₂":-9.210340371976182,"a₁":-9.210340371976182,"a₂":-9.187115523588115,"b₁":-9.17737518418088}},"pair0036":{"<":{"γ":4.563627132442251,"b₂":-9.1970415521746,"λ₁":9.195973506686675,"λ₂":-9.205261993129886,"a₁":-3.7583911690560363,"a₂":-1.2058022377656759,"b₁":-4.092831852727618},"^":{"γ":9.21009299231975,"b₂":-9.2086731990591,"λ₁":-9.208711271891739,"λ₂":-9.20859041088496,"a₁":-0.9420792125721213,"a₂":-9.208519125766944,"b₁":-9.20897123287644},">":{"γ":-1.6410663145540934,"b₂":-9.210340371976182,"λ₁":3.1558646237757397,"λ₂":-8.360959753638587,"a₁":-5.399166437699251,"a₂":-9.210340371976182,"b₁":-9.210252326339509}},"pair0031":{"<":{"γ":-0.10204117201471874,"b₂":-2.22467466003745,"λ₁":-0.08326475202606609,"λ₂":-4.026132764279767,"a₁":-0.2707397696734333,"a₂":0.15408790660199045,"b₁":-3.399673733560509},"^":{"γ":-1.0768279412330681,"b₂":-8.685582702048578,"λ₁":-9.210340371976182,"λ₂":0.9613378387371228,"a₁":-0.08916439950067101,"a₂":-9.210340371976182,"b₁":-9.210340371976182},">":{"γ":6.824481525612319,"b₂":-0.6786017643127735,"λ₁":-0.6066677476188751,"λ₂":-0.3545858260487531,"a₁":-2.5082098891781266,"a₂":1.4163934290892524,"b₁":-0.18729651296046157}},"pair0037":{"<":{"γ":5.443567654930037,"b₂":-9.210340371976182,"λ₁":-0.15307259817356744,"λ₂":-9.210340371976182,"a₁":-4.1471081200126365,"a₂":-9.141479248049965,"b₁":-9.210340371976182},"^":{"γ":9.199383298879225,"b₂":9.210340371976182,"λ₁":-9.210340371976182,"λ₂":9.210340371976185,"a₁":-0.023583762157119992,"a₂":9.136478227841726,"b₁":-9.210340371976182},">":{"γ":9.209916078760623,"b₂":-5.196185574439963,"λ₁":-9.209513939015647,"λ₂":-6.292845917896429,"a₁":-5.67021842677929,"a₂":0.044274144053384035,"b₁":-5.364165137158335}},"pair0038":{"<":{"γ":1.4654071062236689,"b₂":-1.1239514790323213,"λ₁":7.734673659977,"λ₂":0.16172077706950105,"a₁":-0.553376103720856,"a₂":-0.5284080439462926,"b₁":-0.7538030946002614},"^":{"γ":9.209551201285644,"b₂":-9.205790829425796,"λ₁":-4.023227132753981,"λ₂":3.2813507027318742,"a₁":-0.27730020174680625,"a₂":9.205292469701556,"b₁":-3.5740727935817533},">":{"γ":0.32036100065732676,"b₂":-2.360212452916878,"λ₁":0.16894985169021304,"λ₂":-0.1992162016095591,"a₁":-0.45686635310317136,"a₂":0.3465474035146965,"b₁":-0.024147134284177696}},"pair0039":{"<":{"γ":1.2524863599088576,"b₂":-1.3748860809862524,"λ₁":0.49709989710887115,"λ₂":-0.40678560024166366,"a₁":0.1879594380387175,"a₂":0.5418995066700294,"b₁":-0.4206119351609132},"^":{"γ":0.8000429927668069,"b₂":-6.630048096868027,"λ₁":-1.2737554220986471,"λ₂":0.7034337304867826,"a₁":-0.2795487277462243,"a₂":-0.9237852801540196,"b₁":-2.2498181965406943},">":{"γ":-0.33341928582281,"b₂":-0.28226189514414735,"λ₁":-0.12095143400306085,"λ₂":-0.32896983714316796,"a₁":-1.0354175449745693,"a₂":0.0033159251209280427,"b₁":-1.0606709774270051}},"pair0040":{"<":{"γ":4.5651624419948185,"b₂":-4.587965669549619,"λ₁":1.4760225648185124,"λ₂":-0.3676083787837854,"a₁":3.5634425631617503,"a₂":-2.187529179291011,"b₁":3.5532686300511553},"^":{"γ":9.2098502892474,"b₂":9.209741843422405,"λ₁":-0.9183048562503053,"λ₂":1.0971031716545152,"a₁":-1.2981263668705534,"a₂":9.210340371976185,"b₁":-9.208597805480759},">":{"γ":2.1521390301135597,"b₂":-1.2774522422611723,"λ₁":-0.40539560014051546,"λ₂":-0.12744595505617795,"a₁":-0.4402002627787258,"a₂":-0.022054365896160277,"b₁":-0.2160630158488832}},"pair0032":{"<":{"γ":0.7701770347904819,"b₂":-9.20901322332095,"λ₁":3.267028803861054,"λ₂":-8.766135840737848,"a₁":-7.778450912257428,"a₂":1.1217194667159749,"b₁":-5.610021135945992},"^":{"γ":9.208657557917688,"b₂":-9.169129348991675,"λ₁":-9.208765742459772,"λ₂":9.177721729438185,"a₁":-9.172957707488932,"a₂":9.202761013221194,"b₁":-9.206131328106425},">":{"γ":-0.3816822220280027,"b₂":-9.210340371976182,"λ₁":-9.210340371976182,"λ₂":-9.210340371976182,"a₁":-0.7700310808199617,"a₂":-0.3283790368582391,"b₁":3.9435181670249175}}}}