{"likelihoods":{"pair0066":{"4":{"<":2253.3209380443027,"^":2346.7800311845676,">":2053.224898573911},"2":{"<":2254.90677292445,"^":2667.0601229486865,">":2257.7299960925334},"3":{"<":2272.734257209493,"^":2434.903544900221,">":2255.252550560743},"5":{"<":2250.563455385849,"^":2313.2653004415606,">":2263.0887111363636},"1":{"<":2317.234025470853,"^":2843.986991605657,">":2318.195238501732}},"pair0068":{"4":{"<":-1821.5967240003258,"^":-1438.7754398417014,">":-1473.1944020908675},"2":{"<":-1732.1708984614345,"^":-1646.7100448852746,">":-1754.6921827247127},"3":{"<":-1804.4075923886764,"^":-1835.549338895387,">":-1348.3388312380755},"5":{"<":-1137.014459681761,"^":-2395.917285498264,">":-1057.921315954709},"1":{"<":1232.2571861784145,"^":1413.856923987494,">":1233.0860507391633}},"pair0069":{"4":{"<":2647.0315336685485,"^":2374.863828659654,">":2403.3370037032246},"2":{"<":2663.166756105478,"^":2689.0289633379384,">":2663.38899128864},"3":{"<":2666.8345240876856,"^":2649.179811908657,">":2654.593157652834},"5":{"<":2645.4160442228267,"^":2637.2726942362183,">":2553.4485632309797},"1":{"<":2787.2562644160203,"^":2846.146430189178,">":2790.90079473618}},"pair0067":{"4":{"<":2446.6201574964357,"^":2488.4455911499526,">":2445.5078551702336},"2":{"<":0.0,"^":2711.9634422342383,">":2424.3477133435686},"3":{"<":2431.38848040265,"^":2535.552373895245,">":2438.8832536427453},"5":{"<":2416.6843270137856,"^":2466.491857066524,">":2418.75551787619},"1":{"<":2514.4358475277813,"^":2842.825144770587,">":2512.009948448722}},"pair0065":{"4":{"<":2554.946525641175,"^":2577.831228380108,">":2551.4314358141646},"2":{"<":2541.177044056259,"^":2656.459089989028,">":2538.8392357345515},"3":{"<":2598.1050273083447,"^":2616.0750820198296,">":2549.5783740350967},"5":{"<":2176.0620390722142,"^":2555.492945115327,">":2459.422112626433},"1":{"<":2670.6477079896868,"^":2843.1466326768095,">":2666.3108886050227}}}}