{"parameters":{"pair0066":{"4":{"<":{"γ":-7.3488436411939775,"b₂":-1.18725219334185,"λ₁":2.2911732335546198,"λ₂":0.643948353826616,"a₁":-0.036149093898107054,"a₂":-2.3949896362831513,"b₁":-0.4929482683763293},"^":{"γ":1.4055083234408858,"b₂":-0.004660683336922489,"λ₁":-0.9146663993253448,"λ₂":-0.5299556330552893,"a₁":0.009099472373057083,"a₂":13.751591872508797,"b₁":-1.5512838075040332},">":{"γ":0.2740353930373747,"b₂":-8.066292441404038,"λ₁":13.783592858790673,"λ₂":5.199611706495357,"a₁":-13.815510557964274,"a₂":-2.5869615192429194,"b₁":-12.97574439662377}},"2":{"<":{"γ":11.020161415498077,"b₂":-13.748066742757507,"λ₁":9.566477395797381,"λ₂":0.16515748943733222,"a₁":-2.3633174194165907,"a₂":-1.937128481242988,"b₁":-9.228677709738026},"^":{"γ":7.722390121228134,"b₂":-8.9228568328551,"λ₁":13.800465284332795,"λ₂":4.425461172942459,"a₁":0.3845862268791187,"a₂":13.78868772892072,"b₁":-0.8477507080356972},">":{"γ":0.0,"b₂":0.0,"λ₁":0.0,"λ₂":0.0,"a₁":0.0,"a₂":0.0,"b₁":0.0}},"3":{"<":{"γ":-1.3818532207674306,"b₂":-0.03749493152177941,"λ₁":-0.00273670441149676,"λ₂":0.008267137568592986,"a₁":-0.7083563032984106,"a₂":-5.1287795460234396,"b₁":0.793314959443645},"^":{"γ":0.6949153069069922,"b₂":0.5638379204168853,"λ₁":-0.5096994328106597,"λ₂":-0.3574674063382606,"a₁":-0.014194382022514773,"a₂":-0.6969059699332387,"b₁":-0.26148308524745545},">":{"γ":-0.844975417738766,"b₂":-1.149527722734451,"λ₁":0.1190452925589831,"λ₂":0.36125628047982516,"a₁":-0.44775315794494475,"a₂":-0.20436686603273735,"b₁":-0.8028794664885286}},"5":{"<":{"γ":-0.33392272957236635,"b₂":0.057540990855311946,"λ₁":2.0176548334537223,"λ₂":0.2574874923887105,"a₁":-0.05395290986706769,"a₂":0.06613602474183189,"b₁":0.5281237331081119},"^":{"γ":-0.0020035512340843553,"b₂":-0.0762527209467514,"λ₁":-0.6639632919780514,"λ₂":0.6024416770838616,"a₁":0.018615893821191776,"a₂":0.018944669211688137,"b₁":-1.839280054384119},">":{"γ":-0.3419460056353838,"b₂":-0.17769005690983875,"λ₁":2.4728866202605957,"λ₂":-1.188536230343761,"a₁":-0.8425035242156067,"a₂":-0.998988951563943,"b₁":0.6929344204311683}},"1":{"<":{"γ":0.08029022573313327,"b₂":0.016845398653451582,"λ₁":13.815510557964274,"λ₂":0.03544974456844763,"a₁":-0.014674034679588388,"a₂":1.3200040675981821,"b₁":-1.465853638871792},"^":{"γ":13.697580461424803,"b₂":2.4068818433322114,"λ₁":13.814818708315997,"λ₂":13.815289473630614,"a₁":0.21605024102488812,"a₂":-13.812624373675403,"b₁":-0.8259221225637496},">":{"γ":-1.8449519602280766,"b₂":-0.2953351713368715,"λ₁":8.635356096563122,"λ₂":-0.2740539037741083,"a₁":-0.05589577229626208,"a₂":0.17489730251330649,"b₁":-1.1365717214256676}}},"pair0068":{"4":{"<":{"γ":-1.840052334392448,"b₂":-5.715787965855176,"λ₁":-2.260537660056297,"λ₂":-11.003533698521892,"a₁":-2.6382746062075686,"a₂":-1.3159888526892018,"b₁":-13.772541830899197},"^":{"γ":-3.6029879516386654,"b₂":-7.115879194168772,"λ₁":-8.979241620134028,"λ₂":7.427525952566654,"a₁":-6.100291324877261,"a₂":13.372653846093623,"b₁":-8.930547765135671},">":{"γ":-10.772945103764172,"b₂":9.291687682523495,"λ₁":-4.2658249054131225,"λ₂":-2.9571046759757316,"a₁":-5.713879476585694,"a₂":12.18641368213888,"b₁":-13.695848618623316}},"2":{"<":{"γ":-3.5940501416529713,"b₂":-2.9985591869950845,"λ₁":-8.737269023638884,"λ₂":-13.312825685716925,"a₁":-1.6970497163828586,"a₂":1.0021740601013551,"b₁":-13.780964610073386},"^":{"γ":-10.600621646249905,"b₂":-5.519882264313708,"λ₁":-10.963160246740813,"λ₂":-3.1101403297244303,"a₁":-1.6272359366319584,"a₂":9.47159190359569,"b₁":-9.307707393788945},">":{"γ":-0.2731588471808255,"b₂":-12.874507825140917,"λ₁":-13.781990587941225,"λ₂":-9.84679238082641,"a₁":-5.69104894124856,"a₂":-2.2036365843386285,"b₁":-13.815510557964274}},"3":{"<":{"γ":-0.8861016924517582,"b₂":-13.792778554231441,"λ₁":-7.722911495757695,"λ₂":-9.814901771242642,"a₁":-4.88398353470077,"a₂":-5.594868154903546,"b₁":-13.815510557964274},"^":{"γ":-3.4600158171931383,"b₂":12.017733233066355,"λ₁":-7.197076713525806,"λ₂":-6.2682264236760386,"a₁":-3.8192938344544825,"a₂":13.744465869206273,"b₁":-13.725272457326275},">":{"γ":-1.415068332479235,"b₂":-2.7960878289650513,"λ₁":-3.9256138016209015,"λ₂":0.9925386790258877,"a₁":-8.274531284955554,"a₂":-0.31284835846782855,"b₁":-4.4377533705696095}},"5":{"<":{"γ":-1.980558600962361,"b₂":-13.707898990855997,"λ₁":0.9771808338532288,"λ₂":-4.42293797358667,"a₁":-7.324141760661506,"a₂":-6.734283784380941,"b₁":-13.813682225941061},"^":{"γ":13.743072216760801,"b₂":9.615580389207576,"λ₁":-13.80825394178683,"λ₂":-13.729988045248946,"a₁":-1.5985301138399741,"a₂":13.481038060295337,"b₁":-13.799033643707594},">":{"γ":13.813383559414799,"b₂":-13.815510557964274,"λ₁":-3.3551997252489176,"λ₂":13.777616333840022,"a₁":-8.223608525315782,"a₂":-13.81340805357798,"b₁":-13.006100777560814}},"1":{"<":{"γ":0.0,"b₂":0.0,"λ₁":0.0,"λ₂":0.0,"a₁":0.0,"a₂":0.0,"b₁":0.0},"^":{"γ":-13.81317797228495,"b₂":-13.812741269013486,"λ₁":3.0646335414829835,"λ₂":13.815232807644069,"a₁":13.8152845076865,"a₂":13.814959094300939,"b₁":13.814835422598403},">":{"γ":-3.0347616257433128,"b₂":-3.647748685314406,"λ₁":9.366225245242834,"λ₂":-1.4393079695099473,"a₁":-4.187755458720957,"a₂":-1.8442419984630138,"b₁":-13.815510557964274}}},"pair0069":{"4":{"<":{"γ":0.0,"b₂":0.0,"λ₁":0.0,"λ₂":0.0,"a₁":0.0,"a₂":0.0,"b₁":0.0},"^":{"γ":-13.815510557964274,"b₂":-13.815510557964274,"λ₁":-13.815510557964274,"λ₂":13.815510557964274,"a₁":2.038527868716713,"a₂":13.815510557964274,"b₁":-13.815510557964274},">":{"γ":-4.691191577597522,"b₂":-3.8131836545446784,"λ₁":-8.335149991807402,"λ₂":4.504453203480249,"a₁":-13.815510557964274,"a₂":0.204549673678601,"b₁":-13.814014306923138}},"2":{"<":{"γ":11.887656407608102,"b₂":-4.11060997527918,"λ₁":7.08642345509471,"λ₂":1.4641984709723754,"a₁":-0.04002551709499791,"a₂":-0.9969740692055975,"b₁":-0.9264558722032543},"^":{"γ":2.5067485779423926,"b₂":0.12270557645949687,"λ₁":0.6701328555568651,"λ₂":-1.462540597575547,"a₁":-0.1486851503490101,"a₂":-11.267621281200228,"b₁":-1.1842484582881827},">":{"γ":-0.21323424211641395,"b₂":-1.2386554670583436,"λ₁":9.226683596270739,"λ₂":0.46749113774082396,"a₁":-0.537617264070601,"a₂":-0.6061140240648122,"b₁":-1.5484207652515263}},"3":{"<":{"γ":8.03264755823836,"b₂":-12.393579967111048,"λ₁":0.3176315926141484,"λ₂":-1.492511883498283,"a₁":-1.177034290166235,"a₂":-5.979617549121298,"b₁":-3.466640083261993},"^":{"γ":9.734837683509639,"b₂":-0.4599980175777034,"λ₁":-0.18175160351025177,"λ₂":-1.0593722966665169,"a₁":-0.1956173184328467,"a₂":-0.48487807153592044,"b₁":-1.3697308668929509},">":{"γ":5.832736904644992,"b₂":-13.815510557964274,"λ₁":-0.07605486620946245,"λ₂":0.07949670676718235,"a₁":-0.8770772807415241,"a₂":-2.296780409124935,"b₁":-0.7680647050164353}},"5":{"<":{"γ":-0.35688693936556604,"b₂":1.9466273230704694,"λ₁":-4.2242028964326686,"λ₂":-2.6487077754266153,"a₁":-13.59486187473891,"a₂":0.9872605546882767,"b₁":-13.815510557964274},"^":{"γ":1.714461221266971,"b₂":1.0039475106671016,"λ₁":-0.6971934689439898,"λ₂":-0.843100148278646,"a₁":-0.02349114118510265,"a₂":-0.728727136772962,"b₁":-0.45012981664202734},">":{"γ":-0.2125648531575859,"b₂":-0.07488759301513603,"λ₁":-0.04803354340301347,"λ₂":0.028433265626974347,"a₁":0.0005812433529825967,"a₂":-0.0007243408193779999,"b₁":-5.80946317610694}},"1":{"<":{"γ":13.815510557964274,"b₂":13.815510557964274,"λ₁":13.815426613655106,"λ₂":4.942891537407842,"a₁":13.814080466335867,"a₂":13.815510557964274,"b₁":13.812487924970124},"^":{"γ":1.7804062633670146,"b₂":0.6576718245322031,"λ₁":5.835452725135454,"λ₂":4.001684009602542,"a₁":-0.1638982399548503,"a₂":1.0592951288346857,"b₁":-1.0824317540095674},">":{"γ":0.0,"b₂":0.0,"λ₁":0.0,"λ₂":0.0,"a₁":9.21034037197618,"a₂":0.0,"b₁":9.21034037197618}}},"pair0067":{"4":{"<":{"γ":5.775683187813101,"b₂":-6.201341690957237,"λ₁":7.4048421145686945,"λ₂":-0.49318388511448497,"a₁":0.654948773523282,"a₂":-3.379112733581387,"b₁":-0.20859108462347997},"^":{"γ":0.4462184843499841,"b₂":0.018644470848366623,"λ₁":-0.6400677689542338,"λ₂":-1.3719069736321785,