{"likelihoods":{"pair0042":{"<":2242.996498593233,"^":2223.322217226715,">":2194.156143923012},"pair0041":{"<":1957.6688227742645,"^":1918.9524488165782,">":1945.4492759215411}}}