{"parameters":{"pair0042":{"<":{"γ":-7.643543333656587,"b₂":-2.4276428512874784,"λ₁":0.6730221740809768,"λ₂":-3.316496451445669,"a₁":-1.4747827456109608,"a₂":-4.235560406712086,"b₁":1.294182304147812},"^":{"γ":0.9971709706380665,"b₂":-1.1816233618657481,"λ₁":-3.442505749227255,"λ₂":-0.6631765972802341,"a₁":-0.17431074246754186,"a₂":1.91548804332656,"b₁":-2.0291418522469638},">":{"γ":-0.5118687393104029,"b₂":-0.6493726770772028,"λ₁":-7.671329555038594,"λ₂":-0.8778120791229007,"a₁":-3.30291489985191,"a₂":-0.004772889807888703,"b₁":-3.282528231873865}},"pair0041":{"<":{"γ":7.036253479435025,"b₂":-3.6727929060629325,"λ₁":-0.035207472457411626,"λ₂":-1.2700143064799292,"a₁":0.03599879248251092,"a₂":-1.3709287599008402,"b₁":-2.252379953683846},"^":{"γ":11.239342428023477,"b₂":5.026295876231483,"λ₁":-3.3625231399320157,"λ₂":1.8030794519376343,"a₁":-0.14664296134286303,"a₂":-13.683207281249896,"b₁":-3.0732042797079995},">":{"γ":-0.798018074924089,"b₂":-1.36131874678739,"λ₁":-3.371779358545906,"λ₂":0.31177541446187895,"a₁":0.58842039556942,"a₂":-5.7813848342514795,"b₁":-3.1278793017848106}}}}