{"likelihoods":{"pair0070":{"<":-4223.016664023975,"^":-3887.251346075554,">":-3819.7993367816393},"pair0074":{"<":285.3039136681977,"^":268.519868013321,">":257.6748890570045},"pair0075":{"<":299.5451004604314,"^":210.29758361548164,">":295.59505344779836},"pair0073":{"<":380.43229667665827,"^":608.604406437028,">":431.45855821273454},"pair0072":{"<":2631.671123985624,"^":2643.170457948648,">":2608.362541643646}}}