{"parameters":{"pair0070":{"<":{"γ":2.2980677819081112,"b₂":-5.765630980165714,"λ₁":5.248917869502451,"λ₂":-9.21027619177052,"a₁":-0.2779409587890491,"a₂":9.208833154347603,"b₁":-1.503832233420706},"^":{"γ":1.5823818962018503,"b₂":8.270486419114283,"λ₁":-3.6949774299789153,"λ₂":-9.210340371976182,"a₁":-6.923825215454148,"a₂":8.762788329470242,"b₁":-9.210340371976182},">":{"γ":-9.210340371976182,"b₂":-9.210340371976182,"λ₁":-9.210340371976182,"λ₂":-9.210340371976182,"a₁":-9.210340371976182,"a₂":-9.210340371976182,"b₁":-9.210340371976182}},"pair0074":{"<":{"γ":1.8908806708350845,"b₂":-1.3768986779834602,"λ₁":-2.692496329946146,"λ₂":-2.7337035022461373,"a₁":-1.029349784088252,"a₂":1.753292326313323,"b₁":-3.311193716733931},"^":{"γ":9.19982714663159,"b₂":9.210340371976185,"λ₁":-9.187494977268646,"λ₂":-4.296715391325594,"a₁":-2.3902141055312818,"a₂":-9.208529479842744,"b₁":-9.20058557589647},">":{"γ":6.339396853485484,"b₂":-4.362331016518547,"λ₁":-4.631718698498433,"λ₂":-1.1778562954224192,"a₁":-3.0731320417345005,"a₂":-1.3853044845700877,"b₁":-9.201439663860645}},"pair0075":{"<":{"γ":-8.344460266641784,"b₂":-8.312723149857836,"λ₁":-8.333868691403431,"λ₂":0.08033939468830908,"a₁":-4.2269295130930296,"a₂":-8.176093597433539,"b₁":-8.916125382733576},"^":{"γ":0.43050423115142067,"b₂":-1.7537561616315775,"λ₁":-3.6283783761383157,"λ₂":-1.2994527367220234,"a₁":-0.2426251559094137,"a₂":-1.2534396959468044,"b₁":-4.634752130576312},">":{"γ":-1.4836519147819347,"b₂":-0.009100793889450287,"λ₁":-4.225619088602493,"λ₂":-0.6927654837717316,"a₁":1.0779055343515083,"a₂":1.3711601339482353,"b₁":-4.723827881044317}},"pair0073":{"<":{"γ":1.8567315652297705,"b₂":-6.397823588749963,"λ₁":-5.388357835926783,"λ₂":-2.4690556108344444,"a₁":-2.85144915341721,"a₂":-1.544964661811214,"b₁":-9.207884275700781},"^":{"γ":2.7602826749985816,"b₂":-9.210340371976182,"λ₁":-9.210340371976182,"λ₂":-3.393244350417902,"a₁":-4.273256847355394,"a₂":-9.210340371976182,"b₁":-8.071243604957708},">":{"γ":0.8032988898939575,"b₂":-8.993782166234448,"λ₁":-3.4249840528170017,"λ₂":-1.03557555819493,"a₁":-9.20923964380359,"a₂":-1.786923848771754,"b₁":-6.470916032461388}},"pair0072":{"<":{"γ":-2.753491546352305,"b₂":-6.68520251518897,"λ₁":-2.582019550871043,"λ₂":7.669510813942969,"a₁":-0.4955842245102975,"a₂":-3.113909479103021,"b₁":-5.256479532416714},"^":{"γ":9.188427864387124,"b₂":-9.19026097658641,"λ₁":-9.166674395633198,"λ₂":9.201559827336306,"a₁":-1.3505004601958301,"a₂":-9.210216893331753,"b₁":-9.210340371976182},">":{"γ":2.7061401983545945,"b₂":-0.19562245005441703,"λ₁":-4.250177917413672,"λ₂":5.420857586691243,"a₁":-0.7893942968287089,"a₂":0.06324850372909196,"b₁":-4.2963668578790495}}}}