{"likelihoods":{"pair0061":{"<":520.0892446881102,"^":518.3515567721878,">":521.3186363382176},"pair0058":{"<":500.3299857509523,"^":505.91044426986934,">":501.6561207204309},"pair0060":{"<":522.4960834074793,"^":515.2942294948186,">":518.5116608409144},"pair0062":{"<":515.0048639651368,"^":517.0053093602845,">":514.5386343688813},"pair0063":{"<":512.1328127264959,"^":513.6061512354519,">":514.4304657703506},"pair0051":{"<":998.2446695081707,"^":1002.1832072842436,">":998.8104782756801},"pair0059":{"<":507.05409264733527,"^":503.98804012961074,">":500.8727361670506},"pair0057":{"<":508.93272877149207,"^":505.7957017303112,">":503.20510311725656},"pair0056":{"<":500.0978072986142,"^":494.5322624294877,">":497.8393761098837},"pair0064":{"<":273.57003302440506,"^":239.38395181582283,">":270.61677405697634}}}