{"parameters":{"pair0061":{"<":{"γ":-0.2552813918019172,"b₂":0.8703080895341255,"λ₁":0.0869401260900613,"λ₂":0.2241188478853804,"a₁":0.29847025730323473,"a₂":1.8984838515795452,"b₁":0.1697651337576751},"^":{"γ":6.704696718335114,"b₂":-0.31450771210955075,"λ₁":-0.6759290066463652,"λ₂":-1.0029212071148041,"a₁":-0.028928308016997306,"a₂":0.16770692929958564,"b₁":-0.46439931763257114},">":{"γ":-0.49939320361387907,"b₂":-1.294872567174635,"λ₁":0.42442846711899485,"λ₂":0.10235628409538755,"a₁":0.04154955866333765,"a₂":0.4653564097568683,"b₁":-0.14239248403569427}},"pair0058":{"<":{"γ":2.4930727620867668,"b₂":-2.1888964756303366,"λ₁":0.5643917373959226,"λ₂":-0.36952777572771645,"a₁":-0.04362783158042127,"a₂":-1.0082306695756973,"b₁":-0.6361391163035588},"^":{"γ":9.210340371976185,"b₂":9.208307033368042,"λ₁":-0.4108688750524081,"λ₂":0.19395998436992912,"a₁":0.026907643609009213,"a₂":9.188811640242863,"b₁":-0.5442715062435877},">":{"γ":-0.21116656386407762,"b₂":0.021626301718903562,"λ₁":-0.6649171188444658,"λ₂":-0.022171760404710028,"a₁":-0.20928769689709448,"a₂":1.0355826656225773,"b₁":0.06304505119872239}},"pair0060":{"<":{"γ":6.033567593880328,"b₂":-9.107267050221447,"λ₁":-0.4933664578961885,"λ₂":2.368114348119402,"a₁":-0.0698482637138298,"a₂":-1.7675934103345332,"b₁":-0.6827241797285861},"^":{"γ":9.204816022620127,"b₂":-9.195592626799714,"λ₁":-0.5157754615294436,"λ₂":-0.09496288858048096,"a₁":0.03844398067726651,"a₂":-9.101738107335455,"b₁":-0.4767055537384124},">":{"γ":8.518031783544844,"b₂":-1.069819019334636,"λ₁":-0.2830222769297137,"λ₂":0.5254969304471828,"a₁":-0.10032197709792712,"a₂":-0.6076777971333325,"b₁":0.08543770179527854}},"pair0062":{"<":{"γ":3.065834579688026,"b₂":-0.049080677304896625,"λ₁":-0.8260975197884921,"λ₂":1.183709971829737,"a₁":0.06676148412367766,"a₂":0.020676928235095815,"b₁":-0.6215445316857657},"^":{"γ":9.190315124575482,"b₂":9.153751303373449,"λ₁":-0.008053396438651106,"λ₂":-0.5045738714952748,"a₁":0.1668110744233946,"a₂":-9.210340371976182,"b₁":-0.5702491854306899},">":{"γ":0.1805547546775088,"b₂":-0.852963591689976,"λ₁":0.392407991201555,"λ₂":1.1867009272060365,"a₁":0.4241640266718054,"a₂":-0.10633230558762996,"b₁":-0.3838041721253127}},"pair0063":{"<":{"γ":4.588103901962233,"b₂":-2.1968283529305035,"λ₁":-0.11515610771721718,"λ₂":0.09785896072246913,"a₁":0.18947860646579606,"a₂":-0.17878046472563547,"b₁":-0.11404102406768324},"^":{"γ":9.210340371976185,"b₂":-9.210340371976182,"λ₁":-1.2306800163754232,"λ₂":-0.09704009532441837,"a₁":0.25168423245450455,"a₂":9.210340371976185,"b₁":-0.7285263916286997},">":{"γ":1.5361744164878388,"b₂":-3.4487780446600578,"λ₁":-1.5814205761397124,"λ₂":0.4800217379725975,"a₁":0.49466314790222654,"a₂":-0.49212831239074006,"b₁":-0.8064179698807017}},"pair0051":{"<":{"γ":0.510442018245568,"b₂":-0.6434963461445982,"λ₁":0.18147692645817592,"λ₂":0.22415334953057453,"a₁":-0.230246712132967,"a₂":0.15808625825979483,"b₁":-1.2619671795714984},"^":{"γ":7.04091371619422,"b₂":-9.204382085636295,"λ₁":-0.28789796040260107,"λ₂":-1.232368270389669,"a₁":0.6441520259380322,"a₂":-7.837578265492737,"b₁":-0.877954973353285},">":{"γ":0.0772475781628863,"b₂":-0.24773131986512453,"λ₁":-1.830832132383061,"λ₂":-1.0390363382496606,"a₁":-0.008660109367944813,"a₂":1.0060301499384128,"b₁":-1.7455429132184719}},"pair0059":{"<":{"γ":1.7763568394002505e-15,"b₂":1.7763568394002505e-15,"λ₁":1.7763568394002505e-15,"λ₂":1.7763568394002505e-15,"a₁":1.7763568394002505e-15,"a₂":1.7763568394002505e-15,"b₁":1.7763568394002505e-15},"^":{"γ":7.391476222914685,"b₂":-9.192362492493185,"λ₁":-1.4590180013135505,"λ₂":-2.04039060453868,"a₁":0.05984551644221803,"a₂":9.203988924163133,"b₁":-2.027940411191153},">":{"γ":6.489808662013353,"b₂":-1.0868890013160417,"λ₁":-0.13590062042549889,"λ₂":1.1917093815173363,"a₁":0.7853987423718163,"a₂":0.20274575967383868,"b₁":-0.41350559878713256}},"pair0057":{"<":{"γ":6.764895060289032,"b₂":-9.204755712154675,"λ₁":0.19374692818648676,"λ₂":1.4346614087083047,"a₁":-1.6675527177898601,"a₂":-3.155010223548172,"b₁":-7.408885728063649},"^":{"γ":0.791437272592022,"b₂":-8.63867975465491,"λ₁":-0.5054087657337849,"λ₂":0.5029083029913739,"a₁":-0.04761883651814536,"a₂":9.210340371976185,"b₁":-1.2125684426225813},">":{"γ":3.120279725760433,"b₂":-0.7062365155038606,"λ₁":-2.0660328289421903,"λ₂":0.6178444713067126,"a₁":-0.38750126797177487,"a₂":-0.07519832482967992,"b₁":-0.7353849106300601}},"pair0056":{"<":{"γ":9.209926210778525,"b₂":-4.194127335380412,"λ₁":7.053842210021992,"λ₂":-2.1026787227942174,"a₁":1.659543640915853,"a₂":-1.100617287760711,"b₁":1.5659925650597657},"^":{"γ":9.210340371976185,"b₂":9.210340371976185,"λ₁":-0.5850957383730222,"λ₂":-0.05489578949651097,"a₁":0.31942521040915217,"a₂":-9.210340371976182,"b₁":-0.6294428274067645},">":{"γ":6.0668886628697845,"b₂":-2.3551811066449657,"λ₁":-0.0302863085899574,"λ₂":-0.10561840176509918,"a₁":0.26861243277627445,"a₂":0.8664651922396978,"b₁":-0.1170718208265562}},"pair0064":{"<":{"γ":3.099922045135113,"b₂":-7.991517086526702,"λ₁":-3.342648496228989,"λ₂":-4.129488289116907,"a₁":-0.39294995326384097,"a₂":-3.6009706624785656,"b₁":-6.086563103734269},"^":{"γ":9.210340371976185,"b₂":9.002163866586079,"λ₁":-9.210340371976182,"λ₂":-5.1708659247229924,"a₁":-3.157657390091452,"a₂":2.1332966000365694,"b₁":-9.210340371976182},">":{"γ":2.7823973400691546,"b₂":-5.477929245054257,"λ₁":-3.554365536850991,"λ₂":-3.18790799841301,"a₁":-1.799040914168259,"a₂":-1.750766242425967,"b₁":-5.668611380335177}}}}