{"likelihoods":{"pair0049":{"<":927.3093653654972,"^":920.7597884193941,">":908.5555097186275}}}