{"parameters":{"pair0049":{"<":{"γ":-9.402454046959363,"b₂":-7.072383548048948,"λ₁":-9.344419290179363,"λ₂":3.170618957855851,"a₁":-4.397368502502324,"a₂":-0.5262500120714435,"b₁":-4.651326608744563},"^":{"γ":0.14934856748912395,"b₂":2.6193118746308386,"λ₁":-0.5641815285117708,"λ₂":-0.6569876394740461,"a₁":0.03385607469968299,"a₂":0.4445440244304901,"b₁":0.028647265999346416},">":{"γ":0.5201374554126055,"b₂":0.9135332572287407,"λ₁":-1.095622481981433,"λ₂":0.055430897688871994,"a₁":-0.23240783744584803,"a₂":1.7254832554410928,"b₁":-0.07972204429812102}}}}