{"likelihoods":{"pair0061":{"<":518.2650822413631,"^":518.4051949405816,">":517.8607507504012},"pair0060":{"<":517.1368226840889,"^":513.3107938428731,">":514.2217089336796},"pair0062":{"<":518.9279652650818,"^":517.0028656555425,">":518.9279652650818},"pair0063":{"<":518.2761248391913,"^":514.0414106597856,">":516.8607851369455},"pair0064":{"<":269.6231846291419,"^":231.99658689214453,">":287.4482171008818}}}