{"parameters":{"pair0061":{"<":{"γ":1.8309616213460629,"b₂":-1.9722559520857867,"λ₁":0.30093019354345785,"λ₂":0.09623896663248033,"a₁":0.05445103708316523,"a₂":-0.3927292074686157,"b₁":-0.1935324238939451},"^":{"γ":2.1903769582838866,"b₂":9.205421006954799,"λ₁":0.24015425463574935,"λ₂":-0.4061447423557869,"a₁":0.1566830112212969,"a₂":-9.168387725277164,"b₁":-0.8545468562918774},">":{"γ":-0.5667341835360773,"b₂":-0.17550303410858703,"λ₁":-0.41315182138744433,"λ₂":0.49244143404810714,"a₁":0.385888688442801,"a₂":0.004017901606221841,"b₁":-0.41660068997932953}},"pair0060":{"<":{"γ":-0.7680433944315972,"b₂":0.06442441298765367,"λ₁":0.030976654762103095,"λ₂":0.17253120070812855,"a₁":0.02006312434857982,"a₂":-0.1083037968836944,"b₁":-0.5477117512966938},"^":{"γ":9.210340371976185,"b₂":9.210340371976185,"λ₁":-0.5899165412425926,"λ₂":0.2777031370658243,"a₁":0.4990149218661202,"a₂":9.210340371976182,"b₁":-0.503054835891076},">":{"γ":0.18645978135984898,"b₂":0.20006705498901667,"λ₁":-0.10479540791059172,"λ₂":0.6906504802569735,"a₁":0.03487388142437453,"a₂":1.0897591420340422,"b₁":-0.3469548940957843}},"pair0062":{"<":{"γ":1.7763568394002505e-15,"b₂":1.7763568394002505e-15,"λ₁":1.7763568394002505e-15,"λ₂":1.7763568394002505e-15,"a₁":1.7763568394002505e-15,"a₂":1.7763568394002505e-15,"b₁":1.7763568394002505e-15},"^":{"γ":9.210340371976185,"b₂":-3.4842458739362847,"λ₁":0.21424126163903168,"λ₂":-0.06672279302870976,"a₁":0.15809831300476596,"a₂":-9.210340371976182,"b₁":-0.4885243387258189},">":{"γ":1.7763568394002505e-15,"b₂":1.7763568394002505e-15,"λ₁":1.7763568394002505e-15,"λ₂":1.7763568394002505e-15,"a₁":1.7763568394002505e-15,"a₂":1.7763568394002505e-15,"b₁":1.7763568394002505e-15}},"pair0063":{"<":{"γ":-0.4193134799725282,"b₂":0.08678951518327871,"λ₁":-0.006884578763484583,"λ₂":0.10592503833954048,"a₁":-0.542726211573088,"a₂":0.7456184756808142,"b₁":-4.105485029717904},"^":{"γ":7.1291946452973125,"b₂":1.019717962853278,"λ₁":-0.3161563230717199,"λ₂":0.03452215166052497,"a₁":-0.19019627860331134,"a₂":9.210340371976182,"b₁":-1.3010045761567213},">":{"γ":5.348677943220057,"b₂":-0.5645663778438426,"λ₁":0.6147062024683585,"λ₂":0.7888349815771196,"a₁":-0.25621707532429205,"a₂":-0.003315575782048441,"b₁":-0.34357851629421887}},"pair0064":{"<":{"γ":2.3443542041073187,"b₂":-6.1264920938822005,"λ₁":-9.210340371976182,"λ₂":-4.198316740674145,"a₁":-9.210340371976182,"a₂":-2.301084785001282,"b₁":-9.210340371976182},"^":{"γ":9.204950807074065,"b₂":-9.210340371976182,"λ₁":-9.20950404394609,"λ₂":-4.763997591181532,"a₁":-1.5684258639865387,"a₂":-9.208259029618107,"b₁":-9.210340371976182},">":{"γ":9.182939781904347,"b₂":-6.939236763744082,"λ₁":-1.4331110373699136,"λ₂":-2.84117228083585,"a₁":-2.8685678473172027,"a₂":-0.8998269124510934,"b₁":-5.738018035276262}}}}