{"params":{"P":100,"m₂":0.0,"b₁":32.795154024455755,"name":"m_1_k_2","seed_no":113,"M":4,"λ₁":0.00010000000000000009,"a₂":0.0014640705765769102,"b₂":0.5852594225025389,"Rs":[1,2,3,4,5],"T_max":1000,"m₁":0.0,"γ":192.86174653363744,"a₁":497.84367340103114,"λ₂":0.024257060063222795,"EPOCHS":200,"tr_acc":-0.8215140119576262}}