{"params":{"P":100,"m₂":0.0,"b₁":9180.992814548255,"name":"m_1_k_1","seed_no":113,"M":4,"λ₁":101.7881477145252,"a₂":5.069516632856563,"b₂":32.662191499213336,"Rs":[1,2,3,4,5],"T_max":1000,"m₁":0.0,"γ":11.831904847922463,"a₁":211.91672806332957,"λ₂":0.007468618709228561,"EPOCHS":200,"tr_acc":-0.7604812098991752}}