{"params":{"P":100,"m₂":0.0,"b₁":0.14850268124520893,"name":"m_1_k_3","seed_no":113,"M":4,"λ₁":0.007964916581597797,"a₂":0.04194287501908538,"b₂":0.18882192521490965,"Rs":[1,2,3,4,5],"T_max":1000,"m₁":0.0,"γ":0.4445723896052033,"a₁":6.020641326815747,"λ₂":133.92962091313086,"EPOCHS":200,"tr_acc":-0.8437834176185139}}