{"parameters":{"pair0087":{"<":{"γ":0.2409577883899967,"b₂":-8.904797760444394,"λ₁":-9.19368995611419,"λ₂":-1.1561745044757785,"a₁":-9.208279651903961,"a₂":-5.364938477293714,"b₁":-9.210340371976182},"^":{"γ":9.210340371976185,"b₂":9.210340371976182,"λ₁":1.9386326230747155,"λ₂":-9.210340371976182,"a₁":-4.520129259627364,"a₂":4.003331897341113,"b₁":-9.210340371976182},">":{"γ":-1.2573503300430051,"b₂":-9.209877946807973,"λ₁":-1.3785525083911212,"λ₂":-9.209832853331818,"a₁":-9.210340371976182,"a₂":-1.3132034987569243,"b₁":-9.210340371976182}},"pair0090":{"<":{"γ":0.6632900773614487,"b₂":-2.3669244537100953,"λ₁":0.21536923398253371,"λ₂":3.13159972354684,"a₁":-0.05723655662593963,"a₂":-0.30528490844799094,"b₁":-0.782452656791973},"^":{"γ":9.210340371976185,"b₂":-9.210340371976182,"λ₁":9.210340371976185,"λ₂":9.210340371976185,"a₁":0.28038997028413526,"a₂":-2.894749563348044,"b₁":0.09609833053144001},">":{"γ":-0.2366786003558321,"b₂":0.8153334051308256,"λ₁":1.3473174792084404,"λ₂":1.4370995304846392,"a₁":0.07653256664263353,"a₂":1.2573326329425534,"b₁":-0.08596027054750621}},"pair0088":{"<":{"γ":9.160765855025952,"b₂":-1.1967726496499154,"λ₁":-0.05918558867625556,"λ₂":0.8056751660487738,"a₁":0.5026795597244238,"a₂":-0.09867659731836476,"b₁":-0.6033311900833933},"^":{"γ":5.227477574025565,"b₂":-9.18925578213148,"λ₁":-0.7006234878634743,"λ₂":0.08669693057218453,"a₁":0.07350190700515036,"a₂":-8.713685760179507,"b₁":-0.15019896860769144},">":{"γ":0.8189416575396038,"b₂":-0.9064488186632733,"λ₁":-0.4273358963762153,"λ₂":1.9152545905822151,"a₁":-0.20607839139101713,"a₂":-0.06220038039820075,"b₁":-0.42358029124889285}},"pair0089":{"<":{"γ":2.1442249665644653,"b₂":0.9957112453519272,"λ₁":5.6052922838894315,"λ₂":1.6259904750713972,"a₁":-1.0136646878070437,"a₂":-0.31212128057587485,"b₁":0.11774001111160182},"^":{"γ":-0.18404452363093426,"b₂":1.901473632668571,"λ₁":-0.6310361375909821,"λ₂":0.38930173097145726,"a₁":-0.0853147190851633,"a₂":-0.28513018334836104,"b₁":-0.43504444397845177},">":{"γ":0.18102851292917066,"b₂":-0.5319395267137921,"λ₁":2.2577677033011554,"λ₂":0.7765975325222012,"a₁":1.1833121764592835,"a₂":0.06872791845240833,"b₁":0.5833886654284974}},"pair0086":{"<":{"γ":-9.20846664740495,"b₂":-9.208500928189252,"λ₁":-9.20879142730936,"λ₂":9.209828831414493,"a₁":1.289428816566513,"a₂":-2.8364775212860884,"b₁":-9.208634136394098},"^":{"γ":4.406928015514696,"b₂":6.134648243089677,"λ₁":-9.095694771552965,"λ₂":-0.5075851745146771,"a₁":0.14367461182014019,"a₂":9.170952676560011,"b₁":-9.207994105072833},">":{"γ":0.3662837376998329,"b₂":-0.7245373536489357,"λ₁":0.07050119149513456,"λ₂":0.15864734701552408,"a₁":-0.20593928913505977,"a₂":-0.0031031750840551098,"b₁":-0.3533122243104163}}}}