{"likelihoods":{"pair0034":{"4":{"<":388.0347985127703,"^":525.4495100922039,">":549.8417339692829},"2":{"<":546.7108647376689,"^":530.8951923307218,">":557.699952331176},"3":{"<":0.0,"^":516.7189357044456,">":522.2952392151285},"5":{"<":460.9868872099357,"^":395.9044729750169,">":396.6421418230196},"1":{"<":985.9340251482004,"^":983.0693968745685,">":993.91051807995}},"pair0035":{"4":{"<":501.03226024743634,"^":419.0254722991815,">":785.5043315017429},"2":{"<":837.227707065636,"^":549.238803564807,">":839.6773962735316},"3":{"<":428.00235762025324,"^":453.7741482018744,">":457.9710920039926},"5":{"<":390.8980676158506,"^":384.9393650707666,">":324.68720880548483},"1":{"<":982.7101336395317,"^":978.2431861398062,">":974.998760122432}},"pair0033":{"4":{"<":592.9234506521835,"^":515.9902835705564,">":409.0789779800852},"2":{"<":532.5048768109777,"^":541.7527103203677,">":546.8293665550718},"3":{"<":573.2738941779339,"^":502.7614935380463,">":500.5616500751985},"5":{"<":342.6177029314367,"^":362.5176713405625,">":386.142153463061},"1":{"<":977.779155937193,"^":983.3648999311058,">":977.7366426594234}},"pair0036":{"4":{"<":456.8424692633619,"^":477.26348039110695,">":388.61699328013987},"2":{"<":517.353883771088,"^":545.8601207418022,">":532.4998407625251},"3":{"<":519.4155535885293,"^":481.0544448990951,">":503.55095833215347},"5":{"<":464.12680317905466,"^":327.5288996511407,">":554.8181141387394},"1":{"<":981.0396352116808,"^":0.0,">":980.9739839768667}},"pair0031":{"4":{"<":2902.7485248677226,"^":2879.522195829232,">":2893.0615321414843},"2":{"<":2891.978904436281,"^":2888.225928025864,">":2908.1392473021365},"3":{"<":2896.164557754,"^":2876.396195167008,">":0.0},"5":{"<":2885.955291818322,"^":2888.462795782907,">":2898.469607557787},"1":{"<":2920.1913866927166,"^":2922.161606898064,">":2925.921198823276}},"pair0037":{"4":{"<":482.0838205246563,"^":363.2286879707046,">":392.34468172958617},"2":{"<":516.3045680087541,"^":783.9469481384036,">":793.7805154609374},"3":{"<":376.2965258712181,"^":377.04125992916397,">":440.8563877056525},"5":{"<":396.1723800555339,"^":302.7885951231188,">":475.07361960310044},"1":{"<":0.0,"^":984.8221327529602,">":975.4719330487486}},"pair0038":{"4":{"<":1927.9746328910408,"^":1934.0085914763724,">":1920.2821059599848},"2":{"<":1970.923738710516,"^":1978.5758485601739,">":1971.499415126418},"3":{"<":1946.4107098644386,"^":1941.1658742901775,">":1942.5898036297422},"5":{"<":1923.9700126710045,"^":1939.0930881873362,">":1955.994838201306},"1":{"<":2148.9990837372357,"^":2152.597227132942,">":2149.9981672842196}},"pair0039":{"4":{"<":926.3442864923426,"^":909.1050604987696,">":922.7983856452521},"2":{"<":941.7321204269459,"^":958.2597473458652,">":945.5767895316701},"3":{"<":914.3485586060273,"^":919.5544371932192,">":921.356249676483},"5":{"<":923.8355472861134,"^":912.0346472783372,">":935.6280216482087},"1":{"<":1120.9428666786562,"^":1122.5701026182146,">":1121.0095189912277}},"pair0040":{"4":{"<":1859.5508914568304,"^":0.0,">":1847.4854627112704},"2":{"<":1882.785800759097,"^":1887.0015999280495,">":1893.7079462164734},"3":{"<":1856.5112972901525,"^":1866.0864661422186,">":1848.6667228389067},"5":{"<":1821.1672267316078,"^":1837.0221774270458,">":1880.059152686775},"1":{"<":2051.934572022592,"^":2085.073215653306,">":2049.0598161291755}},"pair0032":{"4":{"<":-13.169898630008868,"^":-89.42859705323015,">":55.62696214331411},"2":{"<":2066.129740531992,"^":2152.813380017216,">":2070.9248003051666},"3":{"<":1943.6182363806222,"^":178.89456248118006,">":211.42018171347786},"5":{"<":-414.5457945024099,"^":-199.87687324745065,">":-587.2288877341655},"1":{"<":2751.6536031743976,"^":2922.1616068980015,">":2748.7890561598597}}}}