{"likelihoods":{"pair0099":{"4":{"<":2061.0728946428553,"^":2383.147312089909,">":2468.772992456412},"2":{"<":2704.25373857043,"^":2721.0234915998644,">":2713.3389017015866},"3":{"<":2561.041685585109,"^":2595.943000658804,">":2708.95829635019},"5":{"<":2029.9966261042193,"^":2028.7384842105675,">":2227.7910926208256},"1":{"<":2773.1125217988247,"^":2842.8939999611525,">":2782.1057778891036}},"pair0097":{"4":{"<":565.9156474346466,"^":572.2882012503326,">":566.8175907063371},"2":{"<":572.0903909623426,"^":570.5999829101997,">":568.7409545303078},"3":{"<":564.9892243216219,"^":572.2869469368356,">":572.1907261235277},"5":{"<":575.9336136449049,"^":578.825994294615,">":570.5897796924534},"1":{"<":567.845722507189,"^":576.9714373561205,">":569.0388065785581}},"pair0098":{"4":{"<":164.77753731907737,"^":181.77739868508843,">":151.5181414161752},"2":{"<":151.7867616859338,"^":218.36831364275247,">":158.49241650914058},"3":{"<":163.31428456445434,"^":193.94784226325464,">":154.96428681640876},"5":{"<":161.2081708418447,"^":179.89024319725883,">":158.9444580217405},"1":{"<":153.6691029914721,"^":265.77446452099764,">":159.45772538253698}},"pair0100":{"4":{"<":548.8069159732125,"^":527.7264650528671,">":530.9111063334942},"2":{"<":534.283840028653,"^":547.392455950879,">":525.6139146637619},"3":{"<":536.8967435670913,"^":533.1250981716232,">":535.2648056716115},"5":{"<":548.492169049056,"^":526.7068078257844,">":538.1246772613026},"1":{"<":536.7522916627818,"^":592.14647819857,">":527.3051752916659}}}}