{"parameters":{"pair0099":{"4":{"<":{"γ":-9.199002883193497,"b₂":1.4905219459336934,"λ₁":-9.172440815100634,"λ₂":-9.167513109681801,"a₁":-0.4640775221822615,"a₂":-9.210340371976182,"b₁":-9.190710732417442},"^":{"γ":-9.208630715440904,"b₂":-9.208835963096341,"λ₁":9.210018973295595,"λ₂":-9.208275806135822,"a₁":-3.578182053946432,"a₂":-9.20865027704609,"b₁":-9.210340371976182},">":{"γ":-5.500791534238251,"b₂":-9.208574667901708,"λ₁":0.9717924812254939,"λ₂":-4.965227232796726,"a₁":-1.798722008561903,"a₂":0.7798116681588567,"b₁":-2.5051153618502005}},"2":{"<":{"γ":-0.09327566382594021,"b₂":-0.21752967776615684,"λ₁":-0.11463384670604526,"λ₂":2.385131401817059,"a₁":0.4408088336526337,"a₂":0.23331337022956333,"b₁":-0.43481674022592465},"^":{"γ":9.182756337255606,"b₂":-9.210340371976182,"λ₁":0.6878165149834494,"λ₂":-1.7194469727711281,"a₁":0.34697483010164376,"a₂":9.210340371976185,"b₁":-0.6127102419581778},">":{"γ":0.18047720473764528,"b₂":0.6369131707255757,"λ₁":1.2626470414741178,"λ₂":0.68353104973251,"a₁":0.029844890300799065,"a₂":1.6051534341366054,"b₁":-1.2944364334347647}},"3":{"<":{"γ":-9.210340371976182,"b₂":-9.21001064282486,"λ₁":-9.210340371976182,"λ₂":5.082150245813354,"a₁":-9.210340371976182,"a₂":-9.210340371976182,"b₁":-9.210340371976182},"^":{"γ":-9.209101293797481,"b₂":9.210001639926256,"λ₁":9.210141995915345,"λ₂":-9.20880267989183,"a₁":-3.1523716740228798,"a₂":9.209996695583571,"b₁":-9.210340371976182},">":{"γ":-0.2636800737916367,"b₂":-0.4162436294228691,"λ₁":-0.9785764717312091,"λ₂":-0.10657546300034326,"a₁":-0.21063093632557006,"a₂":0.15533133603580218,"b₁":-1.5941738213721264}},"5":{"<":{"γ":-9.183165777018486,"b₂":9.205756981113,"λ₁":-9.207398558382181,"λ₂":9.190880866551906,"a₁":-1.3202620700788943,"a₂":9.182191238510507,"b₁":-9.199257100958665},"^":{"γ":-9.203391584578986,"b₂":-9.194521908724509,"λ₁":9.20055660583961,"λ₂":-9.209166450844226,"a₁":-1.891160591483831,"a₂":9.210340371976185,"b₁":-9.210340371976182},">":{"γ":-9.20800574377028,"b₂":-9.208657169516359,"λ₁":-9.208188069571596,"λ₂":-9.208770018693189,"a₁":-9.209009906309833,"a₂":3.6614740291156043,"b₁":-9.208998515847266}},"1":{"<":{"γ":4.914316244979247,"b₂":-0.6500030152003333,"λ₁":2.9978869049755836,"λ₂":3.4978862485628692,"a₁":-0.0007909268836296945,"a₂":-0.46323422678029047,"b₁":1.4335208253963252},"^":{"γ":-9.160299677159266,"b₂":-9.200141385046797,"λ₁":9.210340371976185,"λ₂":9.210340371976185,"a₁":0.4503763495486943,"a₂":9.209674106573983,"b₁":0.26480406231144116},">":{"γ":-3.487212884697988,"b₂":-1.848703834889812,"λ₁":8.381418713516405,"λ₂":4.111308585718666,"a₁":-1.850161812229441,"a₂":-1.0614686481442668,"b₁":-4.097580575775131}}},"pair0097":{"4":{"<":{"γ":-9.209911425581318,"b₂":-3.345616128133128,"λ₁":8.328235374905672,"λ₂":4.533555509359303,"a₁":-1.1508156206045168,"a₂":-1.8169092660945507,"b₁":-3.9050001901402993},"^":{"γ":9.117341319606693,"b₂":-9.197212674640463,"λ₁":9.180795694486394,"λ₂":9.172810672535556,"a₁":9.20195082714889,"a₂":9.210340371976185,"b₁":9.195511601070775},">":{"γ":-8.290756700880832,"b₂":-0.015756040486737177,"λ₁":9.210340371976185,"λ₂":3.0055664048685884,"a₁":1.0916222177092276,"a₂":-0.2054954314932811,"b₁":1.4842751136163308}},"2":{"<":{"γ":0.9789507597437073,"b₂":-1.0387902904992696,"λ₁":-0.13415657408911486,"λ₂":3.485706167436634,"a₁":-0.35211318908147504,"a₂":0.30171629270639144,"b₁":-6.08879385719465},"^":{"γ":9.189583823899744,"b₂":0.7361609375584202,"λ₁":1.2422076137774827,"λ₂":-0.04302347265520012,"a₁":0.12039189447719778,"a₂":1.1552889873964425,"b₁":-0.5021017512212591},">":{"γ":-9.170525209208641,"b₂":-2.002304661133124,"λ₁":9.210340371976185,"λ₂":4.046871306693724,"a₁":-2.177957377981614,"a₂":-0.5200957278887941,"b₁":-3.1151077444595465}},"3":{"<":{"γ":-5.474824353158358,"b₂":0.6197764089217976,"λ₁":8.440259777456111,"λ₂":3.9955400084214485,"a₁":-0.6337897997584925,"a₂":0.4407061721427592,"b₁":-4.433544330114016},"^":{"γ":9.179287270597955,"b₂":9.205623744887307,"λ₁":9.188413120359682,"λ₂":9.150033561846842,"a₁":9.208505924274549,"a₂":-9.202125031670075,"b₁":9.201932632426699},">":{"γ":-9.210340371976182,"b₂":1.640318209626356,"λ₁":4.974084870652453,"λ₂":1.0336370624387392,"a₁":-0.045271947604865304,"a₂":0.11822208049860627,"b₁":-0.06599540221284173}},"5":{"<":{"γ":-9.008203147562796,"b₂":-6.2271219580246004,"λ₁":3.5238248453573906,"λ₂":3.363032400391969,"a₁":0.8997529480910664,"a₂":-9.170435828532835,"b₁":-1.246345122055038},"^":{"γ":-9.210340371976182,"b₂":-9.210340371976182,"λ₁":9.210340371976182,"λ₂":9.210340371976185,"a₁":0.031555499830163924,"a₂":-9.210340371976182,"b₁":-0.4453308145356978},">":{"γ":-3.2287536525711173,"b₂":-0.20472940223760716,"λ₁":2.64749670818785,"λ₂":3.6293219024301973,"a₁":-1.6375358852861588,"a₂":-0.038043656744351395,"b₁":-1.6414257241904062}},"1":{"<":{"γ":-0.8448024854947764,"b₂":-4.430897592824396,"λ₁":0.9511997221207569,"λ₂":4.593753499792866,"a₁":-0.7016049830391591,"a₂":-3.9846016810536034,"b₁":0.1653429280178198},"^":{"γ":-9.210340371976182,"b₂":-9.210340371976182,"λ₁":9.210340371976185,"λ₂":9.210340371976185,"a₁":0.10006463553509803,"a₂":9.20916290330606,"b₁":-0.07837593987573754},">":{"γ":-1.4081779249999373,"b₂":0.8787815602195987,"λ₁":9.067896885181638,"λ₂":2.801629794721718,"a₁":-4.914710441167343,"a₂":1.0665311840321738,"b₁":-9.210340371976182}}},"pair0098":{"4":{"<":{"γ":-0.6321845652802498,"b₂":-2.311253378178698,"λ₁":-0.28604213987214955,"λ₂":0.10134913520943556,"a₁":-0.1967966212943555,"a₂":-1.3113134371943014,"b₁":-0.19080810886164912},"^":{"γ":9.207369129310274,"b₂":0.6223321708690168,"λ₁":-1.8090439278854555,"λ₂":-2.8861100733117153,"a₁":0.6441348673552767,"a₂":-9.179036379823916,"b₁":-1.9718662222455885},">":{"γ":-3.8972163304488943,"b₂":-4.878558870318027,"λ₁":9.209854132906303,"λ₂":-1.800361437759765,"a₁":-2.3322387934556543,"a₂":-1.0192791517452608,"b₁":-5.000008616607479}},"2":{"<":{"γ":-0.14131643639538183,"b₂":-3.8584697161925083,"λ₁":-0.2364133908654864,"λ₂":-1.6814165015861668,"a₁":0.5439565016887968,"a₂":-0.12717680228582573,"b₁":-0.21587586563336814},"^":{"γ":1.027705372256829,"b₂":0.45776279814147003,"λ₁":-0.5623712239684018,"λ₂":-0.8924136467874781,"a₁":0.914877179922609,"a₂":9.210340371976185,"b₁":-0.3073474686271034},">":{"γ":0.6206833352371692,"b₂":-1.577278489276945,"λ₁":-0.15646498442105994,"λ₂":-0.18474410667421104,"a₁":-2.1328151562912545,"a₂":0.18642687093000632,"b₁":-3.713895466814984}},"3":{"<":{"γ":-3.2834403074119605,"b₂":-0.2384414037451048,"λ₁":8.997706706961248,"λ₂":-4.666124111594763,"a₁":0.11737954253385574,"a₂":3.1326462260130246,"b₁":0.43777073013245626},"^":{"γ":2.190180285028328,"b₂":-9.210340371976182,"λ₁":-1.390032766093059,"λ₂":-1.9402206048942485,"a₁":1.275351887704172,"a₂":9.210340371976185,"b₁":-0.6838188211675487},">":{"γ":6.30767084490615,"b₂":-4.718375650683638,"λ₁":0.6937683130164807,"λ₂":-2.697178681166073,"a₁":-0.7093274597049994,"a₂":-0.26799270354360516,"b₁":-2.1141115601181593}},"5":{"<":{"γ":-4.501971634370791,"b₂":-1.4167203741120105,"λ₁":5.559935734294164,"λ₂":-4.665229193277613,"a₁":6.006340098473473,"a₂":0.5869267933396163,"b₁":5.51963949606419},"^":{"γ":2.430204716539425,"b₂":-9.195587487159933,"λ₁":-1.9461261792786928,"λ₂":-2.648116370560606,"a₁":0.591393380601609,"a₂":-9.181552122355445,"b₁":-2.600172432786736},">":{"γ":-9.206623945620366,"b₂":-3.7917199366209555,"λ₁":9.210340371976185,"λ₂":-5.814762480925931,"a₁":-1.9725488325951828,"a₂":0.8685803161405516,"b₁":-9.180921841436517}},"1":{"<":{"γ":-7.455285499035002,"b₂":-8.276044686504148,"λ₁":9.188168711416997,"λ₂":-2.970652626747434,"a₁":1.9227696287826994,"a₂":-0.8164417490304121,"b₁":1.5778913041387153},"^":{"γ":-9.210340371976182,"b₂":-9.210340371976182,"λ₁":9.210340371976185,"λ₂":9.210340371976185,"a₁":9.210340371976185,"a₂":9.210340371976185,"b₁":9.210340371976185},">":{"γ":0.3121285164755818,"b₂":0.014606059861501208,"λ₁":0.23315660903825552,"λ₂":-0.30148510506114157,"a₁":1.1867139258983634,"a₂":0.8835445326875568,"b₁":0.3934281095475125}}},