{"likelihoods":{"pair0070":{"4":{"<":-6358.163472459531,"^":-6095.254440326775,">":-6032.133531686288},"2":{"<":-1788.180441779229,"^":-6072.520831310596,">":-5924.438848158285},"3":{"<":-5956.0450136741965,"^":-6141.364169768011,">":-3787.3349309510477},"5":{"<":-6109.604776927939,"^":-2283.2502037632626,">":-5823.287347161965},"1":{"<":2590.0632218669375,"^":2836.9436679972127,">":2586.635040465095}},"pair0074":{"4":{"<":289.702301905536,"^":309.06863459804083,">":329.5567048237078},"2":{"<":327.0094783553713,"^":360.73455014737124,">":319.03645520879246},"3":{"<":331.63296516511787,"^":320.2684862648608,">":312.1176395835096},"5":{"<":321.85627025123256,"^":273.84678464584505,">":301.3459900602993},"1":{"<":501.76586643765324,"^":554.036100571314,">":501.76586643765324}},"pair0075":{"4":{"<":241.65508596499086,"^":214.05552404357465,">":231.71585940437012},"2":{"<":316.6589638974701,"^":0.0,">":301.7167765718773},"3":{"<":286.9769547426901,"^":242.64391733257366,">":282.49272876236864},"5":{"<":260.57682375218224,"^":196.9407533950435,">":271.9599489023343},"1":{"<":539.1882288072944,"^":580.7710606582618,">":537.0636024238902}},"pair0073":{"4":{"<":378.47743902102707,"^":696.5591309527645,">":470.06272758723475},"2":{"<":839.4573426012593,"^":1482.1296489760348,">":825.1384980493801},"3":{"<":565.6638849697364,"^":1014.8778099818607,">":513.7302206465758},"5":{"<":400.0138919684034,"^":517.5749883014893,">":454.37925482462947},"1":{"<":2088.38433901766,"^":2846.0322745588783,">":2084.9776167179034}},"pair0072":{"4":{"<":2635.7575165661324,"^":2604.4451117275835,">":2608.321938231964},"2":{"<":2691.6339526803336,"^":2697.742513586574,">":2693.934050110484},"3":{"<":2632.206869223184,"^":2621.7850062683287,">":2607.6952645333504},"5":{"<":2611.0073663909357,"^":2592.5091291422905,">":2733.8616608451093},"1":{"<":2834.651363447918,"^":2843.9200914959,">":2831.4365525939693}}}}