{"parameters":{"pair0070":{"4":{"<":{"γ":-2.6838771994301887,"b₂":-13.815510557964274,"λ₁":-2.3330366376457974,"λ₂":-13.815510557964274,"a₁":-3.3743835337615433,"a₂":5.92222845601006,"b₁":4.772904587169407},"^":{"γ":13.767398167611983,"b₂":2.317297865945015,"λ₁":-13.815510557964274,"λ₂":-13.815510557964274,"a₁":-11.556457274213404,"a₂":-4.127347422835047,"b₁":-13.806200268559813},">":{"γ":12.8768679962525,"b₂":-13.815510557964274,"λ₁":-12.698683199614987,"λ₂":-13.815510557964274,"a₁":-8.641788260112026,"a₂":-7.194625032292038,"b₁":-13.815510557964274}},"2":{"<":{"γ":13.815510557964274,"b₂":-13.337864626895076,"λ₁":13.798194521671025,"λ₂":-4.454722933349991,"a₁":-11.12173373183127,"a₂":-13.812161182217332,"b₁":-9.028565615423709},"^":{"γ":-13.815510557964274,"b₂":1.318962587589489,"λ₁":-5.959678813701766,"λ₂":-13.815510557964274,"a₁":1.8325206833254768,"a₂":0.12993825478044307,"b₁":-13.815510557964274},">":{"γ":-13.045165314872524,"b₂":-13.815510557964274,"λ₁":13.637210899116305,"λ₂":-13.815510557964274,"a₁":-13.815510557964274,"a₂":4.928467564643789,"b₁":5.440346118989861}},"3":{"<":{"γ":-0.1744503061149345,"b₂":-13.815510557964274,"λ₁":7.8413369782942155,"λ₂":-13.815510557964274,"a₁":3.8846919062669194,"a₂":2.329463334495877,"b₁":4.854470222812093},"^":{"γ":-2.4657210577452062,"b₂":12.639639601400436,"λ₁":-13.811590639735273,"λ₂":-13.815510557964274,"a₁":-13.790348424400259,"a₂":7.797471047030356,"b₁":-13.811403488117811},">":{"γ":-2.6410119716706006,"b₂":-7.204521192845364,"λ₁":-13.192673391553273,"λ₂":-8.688612141019524,"a₁":-4.351061613514906,"a₂":6.164791798609233,"b₁":-12.043482965396967}},"5":{"<":{"γ":-7.36476992514478,"b₂":-13.812679864859943,"λ₁":-13.778059465961222,"λ₂":-13.815510557964274,"a₁":5.861717048951476,"a₂":-9.671609784888128,"b₁":5.116279694186659},"^":{"γ":-4.836017951323065,"b₂":2.0830487965505213,"λ₁":-13.798833707790969,"λ₂":-4.327919496853246,"a₁":-8.351327287736952,"a₂":0.2954104173289078,"b₁":-13.800756381409817},">":{"γ":-13.815510557964274,"b₂":-13.815510557964274,"λ₁":-5.099763982233929,"λ₂":-13.815510557964274,"a₁":-6.189850136846075,"a₂":-13.815510557964274,"b₁":4.670134062188655}},"1":{"<":{"γ":0.0,"b₂":0.0,"λ₁":0.0,"λ₂":0.0,"a₁":0.0,"a₂":0.0,"b₁":0.0},"^":{"γ":13.813598513281264,"b₂":-13.810950376392162,"λ₁":13.815510557964274,"λ₂":13.784517427707648,"a₁":13.815469205339955,"a₂":-13.796957319013924,"b₁":13.803034547197232},">":{"γ":9.194503049363533,"b₂":-0.00670244538502196,"λ₁":13.81551055796427,"λ₂":-0.03997047697511569,"a₁":-0.005736258382464499,"a₂":0.024590223438098135,"b₁":-0.00562000541501817}}},"pair0074":{"4":{"<":{"γ":9.930326212855956,"b₂":-0.4179834124049471,"λ₁":-4.308431401534987,"λ₂":-1.461122271532247,"a₁":-2.08816636339464,"a₂":-3.2256480834538515,"b₁":-13.815510557964274},"^":{"γ":13.741523118514184,"b₂":6.58115100761994,"λ₁":-2.2684006345937,"λ₂":-5.088714005692339,"a₁":-3.0517225236893335,"a₂":13.765315682331345,"b₁":-6.378234046611227},">":{"γ":-5.2740341744120425,"b₂":-7.8145368845450545,"λ₁":-0.9800344654018236,"λ₂":-2.1266949232846493,"a₁":0.4268238872441721,"a₂":-1.8589447592078283,"b₁":-1.8217611295873866}},"2":{"<":{"γ":1.7083414229349412,"b₂":-10.343445189148103,"λ₁":-10.529536140355168,"λ₂":-4.470957449238721,"a₁":-2.3987216839206074,"a₂":-3.805665131197115,"b₁":-3.562407464602831},"^":{"γ":-0.0035617761848509844,"b₂":0.7799376357080217,"λ₁":-2.298500798482964,"λ₂":-1.0293531378110767,"a₁":0.1623968193115637,"a₂":-1.5486832660196672,"b₁":-2.306140472789618},">":{"γ":2.363459608758074,"b₂":-10.483584840900285,"λ₁":-0.5944805239475404,"λ₂":-2.1225119256579212,"a₁":-0.053137724353220506,"a₂":-1.6343843888208553,"b₁":-1.7488193238597454}},"3":{"<":{"γ":2.3942602057229188,"b₂":-13.721274396607743,"λ₁":-1.9688025465215038,"λ₂":-2.4363222667563846,"a₁":-4.2792605790306375,"a₂":-9.417770178637141,"b₁":-4.1732862734981335},"^":{"γ":1.1131883611434823,"b₂":-3.260249367564585,"λ₁":-3.751532223944988,"λ₂":-1.9919355711911528,"a₁":-7.570972891737092,"a₂":5.291719214745264,"b₁":-13.514745619967654},">":{"γ":9.703480619137242,"b₂":-2.418933518401216,"λ₁":-0.5747636323720897,"λ₂":-0.2943281634940451,"a₁":-1.3524233308507334,"a₂":-0.01813465265574976,"b₁":-6.410927116332635}},"5":{"<":{"γ":5.460595721716942,"b₂":12.582572364134862,"λ₁":-3.4430733243303706,"λ₂":2.077474158510018,"a₁":-1.1486778660649861,"a₂":13.772908320365513,"b₁":-13.815009399193283},"^":{"γ":13.814288880349078,"b₂":13.80824402418703,"λ₁":-4.4668381958737555,"λ₂":-5.1836794760400515,"a₁":-3.8558229304686513,"a₂":6.86681995448135,"b₁":-12.209024166053725},">":{"γ":13.714869865724996,"b₂":4.199347021659982,"λ₁":-4.557989167399214,"λ₂":-3.033429287042562,"a₁":-2.3941957453074316,"a₂":7.245141258703846,"b₁":-7.089220554218001}},"1":{"<":{"γ":0.0,"b₂":0.0,"λ₁":0.0,"λ₂":0.0,"a₁":0.0,"a₂":0.0,"b₁":0.0},"^":{"γ":-13.813436128098253,"b₂":-13.81241489447919,"λ₁":13.815496316101413,"λ₂":13.815510557964274,"a₁":0.2430503926819263,"a₂":13.815510557964274,"b₁":0.11268607112085505},">":{"γ":0.0,"b₂":0.0,"λ₁":0.0,"λ₂":0.0,"a₁":0.0,"a₂":0.0,"b₁":0.0}}},"pair0075":{"4":{"<":{"γ":-2.9976065714047504,"b₂":-13.737869317488302,"λ₁":-5.34808493479964,"λ₂":-1.746472558263859,"a₁":-1.8542906922583082,"a₂":-6.966112566140165,"b₁":-13.793324755965186},"^":{"γ":13.802076219839169,"b₂":11.210274504721891,"λ₁":-4.346469145010962,"λ₂":-4.274622318657409,"a₁":-1.36169746196264,"a₂":13.794643019222654,"b₁":-7.189562392315951},">":{"γ":3.9146724836297473,"b₂":-13.815510557964274,"λ₁":-5.328896311028942,"λ₂":-1.671902365512235,"a₁":-1.440521075674896,"a₂":-3.0330502386718337,"b₁":-11.655049710023286}},"2":{"<":{"γ":13.814851914129473,"b₂":-3.973641877963791,"λ₁":-9.203208316095346,"λ₂":0.020724866390262164,"a₁":-3.40416973165636,"a₂":-1.023070589888011,"b₁":-8.760859545438532},"^":{"γ":0.0,"b₂":0.0,"λ₁":0.0,"λ₂":0.0,"a₁":0.0,"a₂":0.0,"b₁":0.0},">":{"γ":0.6043487097258033,"b₂":-3.6119972461861423,"λ₁":-1.9804076254184757,"λ₂":-1.8585566725636173,"a₁":-1.2370155898877258,"a₂":-0.74196837211902,"b₁":-7.260657472339351}},"3":{"<":{"γ":-0.9871058560137609,"b₂":-0.7134839906086814,"λ₁":-13.577794165126653,"λ₂":-2.280780340316742,"a₁":-5.375989397712404,"a₂":1.6343046808258563,"b₁":-13.485586973765813},"^":{"γ":1.429201656628555,"b₂":-0.6328509016263482,"λ₁":-5.948472212435828,"λ₂":-3.844702639408471,"a₁":-1.529843792146023,"a₂":7.053989052030065,"b₁":-10.98281707973354},">":{"γ":0.004194588318824799,"b₂":-0.9278327329436973,"λ₁":-6.3275104619926354,"λ₂":-0.4849958144175517,"a₁":0.3292192166400394,"a₂":0.16201200442494645,"b₁":-3.097120120004675}},"5":{"<":{"γ":-3.2905350979143932,"b₂":-5.45392683831553,"λ₁":-0.9992312501491316,"λ₂":-1.0423678030999177,"a₁":-1.7653049529608484,"a₂":-0.16350505608092725,"b₁":-13.815510557964274},"^":{"γ":5.445764100499932,"b₂":-12.638144657555646,"λ₁":-4.484337947645512,"λ₂":-5.684508525713413,"a₁":-0.5428441223118821,"a₂":13.815510557964274,"b₁":-5.5292238454645},">":{"γ":-0.18720172417994796,"b₂":-4.759258869781291,"λ₁":-1.8955013103366962,"λ₂":-1.6721542168377006,"a₁":0.022519457317883962,"a₂":0.1350410835618998,"b₁":-0.3258210165187627}},"1":{"<":{"γ":13.199568026512807,"b₂":-3.969265329408291,"λ₁":3.2539490143742746,"λ₂":0.20298884383651838,"a₁":1.5529008551315293,"a₂":-2.5147378062243817,"b₁":1.7053277820874744},"^":{"γ":-13.699353570183774,"b₂":-7.349094390216313,"λ₁":9.942293006975653,"λ₂":10.641577439955405,"a₁":13.815510557964274,"a₂":13.435591208410752,"b₁":13.814124495024256},">":{"γ":4.8376744580428905,"b₂":-0.09375983098385099,"λ₁":12.01368699756879,"λ₂":-0.6856228719835915,"a₁":0.16047717633621694,"a₂":0.7908496768838891,"b₁":0.7713854683710135}}},"pair0073":{"4":{"<":{"γ":3.392691950475342,"b₂":-13.807466017963613,"λ₁":-8.640686861639796,"λ₂":-4.221550357716138,"a₁":-4.363250633060169,"a₂":-2.8811683779472865,"b₁":-13.798991716963789},"^":{"γ":0.6708346303621884,"b₂":9.123438439442815,"λ₁":-3.420198546634092,"λ₂":-11.818557887562799,"a₁":-4.373158976002527,"a₂":-13.815510557964274,"b₁":-12.993367832355219},