{"likelihoods":{"pair0045":{"4":{"<":1569.74776624468,"^":1871.7334159695602,">":1557.9359676388717},"2":{"<":1634.5311593216836,"^":2213.453247944876,">":1647.9906131763025},"3":{"<":1557.9784815500745,"^":1953.8306882801905,">":1567.0405850902107},"5":{"<":1623.571786822812,"^":1790.240209672933,">":1583.5016751856342},"1":{"<":1878.980424284989,"^":2843.794297353558,">":1890.309610389938}},"pair0046":{"4":{"<":1433.4987283847659,"^":1454.5929312300557,">":1358.5768303011173},"2":{"<":1493.7352338151093,"^":1723.4194008762815,">":1506.1344259676725},"3":{"<":1448.0146707891163,"^":1532.450063452552,">":1462.7513511510995},"5":{"<":1382.7746142016629,"^":1367.624186751747,">":1325.2451663268737},"1":{"<":2250.629257346445,"^":2843.262743159804,">":2253.4931557161217}},"pair0049":{"4":{"<":904.6347127290921,"^":911.5156826744332,">":924.7842737105896},"2":{"<":894.6706038940499,"^":915.2202284076478,">":907.4574958413339},"3":{"<":904.04347053563,"^":911.88633277413,">":915.4666403353827},"5":{"<":905.5864914425908,"^":905.0766179448334,">":919.384245866598},"1":{"<":920.2965681569684,"^":1040.1955840157052,">":918.8565701919483}},"pair0050":{"4":{"<":915.0533437318811,"^":936.5891496680688,">":935.7852048180372},"2":{"<":903.7692909208578,"^":944.4544763235003,">":912.2391324360941},"3":{"<":906.2310705485595,"^":925.6948353857196,">":919.1881159235812},"5":{"<":907.360837904611,"^":926.562927752132,">":923.5511164004361},"1":{"<":917.5929118904318,"^":1035.1791108100563,">":927.9731574726837}},"pair0047":{"4":{"<":-586.2337423768303,"^":-717.0542631099994,">":-905.3267787799947},"2":{"<":-696.1027958462569,"^":-703.2771951302484,">":-666.9033184045782},"3":{"<":-634.6283472717643,"^":-793.5906228189721,">":-768.9736967628827},"5":{"<":-711.5417340040871,"^":-623.8100285245115,">":-775.2429515524711},"1":{"<":717.820577431608,"^":719.8582195593604,">":723.0911011135162}},"pair0048":{"4":{"<":447.23300586182773,"^":449.24681376785543,">":459.01878010200363},"2":{"<":458.189191104949,"^":463.78300871521606,">":451.13965919995877},"3":{"<":449.9068194050438,"^":452.58013658679556,">":458.6749052449465},"5":{"<":460.17493819710785,"^":459.38417278177724,">":462.3881420600908},"1":{"<":462.3577480399925,"^":479.9992384051215,">":470.71873661514553}}}}