{"parameters":{"pair0045":{"4":{"<":{"γ":1.4870272927560606,"b₂":-7.183005175683763,"λ₁":-1.6509713940195816,"λ₂":-2.5023756771709245,"a₁":0.9054840533217163,"a₂":-6.819549701332742,"b₁":-0.9802315022143091},"^":{"γ":0.7836309400989645,"b₂":9.210340371976185,"λ₁":-2.7244766728706553,"λ₂":-3.191625291591933,"a₁":-1.485315340665152,"a₂":9.210340371976185,"b₁":-4.30690968443652},">":{"γ":5.585847936120786,"b₂":-6.583729332113114,"λ₁":-0.07160101673370889,"λ₂":-3.5223571869942774,"a₁":1.7759558372613267,"a₂":-1.8441129958818436,"b₁":0.0990271353695018}},"2":{"<":{"γ":-0.21569688928816966,"b₂":-4.370233251803143,"λ₁":0.9491793443565122,"λ₂":-0.7590734343144394,"a₁":0.10578707346999927,"a₂":-0.09031537547209645,"b₁":-1.0271732418353032},"^":{"γ":0.2572951769996177,"b₂":9.210340371976185,"λ₁":-0.7919835934389123,"λ₂":-0.6504904802129978,"a₁":0.12604972193071617,"a₂":-3.9422451414133297,"b₁":-0.8042639851712785},">":{"γ":4.41833230929962,"b₂":-8.200046257533987,"λ₁":0.30853874577407403,"λ₂":-3.211784365523908,"a₁":1.666397741512565,"a₂":-4.627561047095944,"b₁":0.40369962972560103}},"3":{"<":{"γ":1.3615780222019342,"b₂":-3.9059279462117136,"λ₁":-0.7355218524271514,"λ₂":-2.8750010585713532,"a₁":-0.7431164937193664,"a₂":0.46115825946450073,"b₁":-3.235959453854397},"^":{"γ":1.7672492740772494,"b₂":-9.210340371976182,"λ₁":-1.8782780853827834,"λ₂":-1.01267727802332,"a₁":-0.0822469299810411,"a₂":9.210340371976182,"b₁":-2.315569605773402},">":{"γ":2.49106305641674,"b₂":-6.378961370898175,"λ₁":1.024199127344465,"λ₂":-4.596063527093218,"a₁":0.6258339525764338,"a₂":-1.111577742083652,"b₁":-3.277122990123651}},"5":{"<":{"γ":0.15118783837042926,"b₂":-3.071896719211752,"λ₁":0.43453138406417047,"λ₂":0.02955865382836187,"a₁":1.2577447017887398,"a₂":0.022656325357102602,"b₁":0.3641545053550317},"^":{"γ":0.9062536743802383,"b₂":9.210340371976185,"λ₁":-2.7470599285276336,"λ₂":-2.6694713019688248,"a₁":-0.48685424223982565,"a₂":0.2665975418945301,"b₁":-3.003967344116731},">":{"γ":1.4307860799969188,"b₂":-7.612329080477684,"λ₁":1.0393723429297221,"λ₂":-5.70211852543407,"a₁":-2.19218675179511,"a₂":-1.1265982223791102,"b₁":-3.945269252948652}},"1":{"<":{"γ":-8.279068517319057,"b₂":-9.11842124639641,"λ₁":9.210340371976185,"λ₂":-1.1688569589539348,"a₁":-1.209685143099211,"a₂":-3.6546922392711725,"b₁":-8.520770218789089},"^":{"γ":-9.210309898928088,"b₂":9.210340371976182,"λ₁":9.210340371976185,"λ₂":9.210340371976185,"a₁":-0.1696942032216331,"a₂":9.210340371976185,"b₁":0.32561499649784054},">":{"γ":9.210340371976185,"b₂":-0.6380429648507491,"λ₁":9.210340371976185,"λ₂":-0.5702839606618024,"a₁":-0.5012180413194613,"a₂":0.4906936151341714,"b₁":1.083392526837434}}},"pair0046":{"4":{"<":{"γ":-0.32508930616661935,"b₂":0.2667275968893641,"λ₁":-0.13254785444857475,"λ₂":-2.1557504340046627,"a₁":-1.8797072708429399,"a₂":2.5071414404521146,"b₁":-2.876964261086549},"^":{"γ":0.16165661566215483,"b₂":-8.85556718352043,"λ₁":-3.1224879831447394,"λ₂":-1.939797758303646,"a₁":0.5040182893513343,"a₂":1.1131515195475785,"b₁":-2.312349629834176},">":{"γ":-0.04825576586033087,"b₂":-9.210340371976182,"λ₁":-9.210340371976182,"λ₂":-6.995386273317754,"a₁":-1.2479424319056562,"a₂":-0.6280684251140212,"b₁":-8.111741745810043}},"2":{"<":{"γ":-1.2745233031141208,"b₂":-2.852688116684119,"λ₁":0.43060711064076607,"λ₂":0.04007310328548641,"a₁":-0.892350594611818,"a₂":-0.7694711586416503,"b₁":-4.3718978929508365},"^":{"γ":-0.009865900882958911,"b₂":0.04483817376910615,"λ₁":-0.5836521216627517,"λ₂":-0.7650380977897573,"a₁":0.04096574263760466,"a₂":2.1275467356239215,"b₁":-1.3776474739524067},">":{"γ":0.03844386022643498,"b₂":-0.8523284195766792,"λ₁":0.4093077344801763,"λ₂":-1.786412743545685,"a₁":1.6978784775060678,"a₂":1.5251812044912452,"b₁":0.014255648776634544}},"3":{"<":{"γ":0.1599552935397206,"b₂":-1.479990240239763,"λ₁":-0.8810856969020779,"λ₂":0.4906455717558771,"a₁":0.461706500732431,"a₂":-0.2482821325975344,"b₁":-1.4742695742494503},"^":{"γ":-2.100224234882284,"b₂":-4.960374876327063,"λ₁":-2.962723391194962,"λ₂":-9.209392906088938,"a₁":0.5451844692657488,"a₂":-9.209752543589538,"b₁":-3.6116108695292226},">":{"γ":-2.141022965568755,"b₂":-4.241117504709057,"λ₁":-0.7237611101516972,"λ₂":-2.250895271680556,"a₁":-2.186377970814153,"a₂":-0.35959427457866333,"b₁":0.1118192137484364}},"5":{"<":{"γ":-2.2762999431592137,"b₂":-2.5903809092212846,"λ₁":-9.193316306116,"λ₂":-4.253822803999485,"a₁":-9.205906058938307,"a₂":-6.136993329109464,"b₁":-9.204194592913444},"^":{"γ":1.489087072219668,"b₂":-9.210340371976182,"λ₁":-3.400235844896958,"λ₂":-9.210340371976182,"a₁":-1.6754071926892076,"a₂":-9.210340371976182,"b₁":-9.210340371976182},">":{"γ":-0.6524774465708809,"b₂":-6.351719675838428,"λ₁":-2.1852257738035297,"λ₂":-9.210340371976182,"a₁":-1.659998437155152,"a₂":-0.15860897578655653,"b₁":-6.354364041755671}},"1":{"<":{"γ":-1.7775412169087144,"b₂":0.13034158188089506,"λ₁":0.22948800917455614,"λ₂":0.12233822690841833,"a₁":-0.1084519700235127,"a₂":1.905791142958158,"b₁":0.3384885872320069},"^":{"γ":7.23327250982671,"b₂":-4.696661789600391,"λ₁":9.18219628388554,"λ₂":5.647561515197658,"a₁":0.7169052335230006,"a₂":5.746756845131754,"b₁":0.7216969720790996},">":{"γ":0.08691532482015596,"b₂":-0.7021821537992157,"λ₁":0.04939690851718659,"λ₂":0.3030199557789732,"a₁":0.16206385362390918,"a₂":0.05830187454689906,"b₁":0.08854964786509001}}},"pair0049":{"4":{"<":{"γ":-1.1105031670554446,"b₂":-0.004645100833810645,"λ₁":0.10169306264492661,"λ₂":0.12722386423032006,"a₁":0.082223224256877,"a₂":-0.8295237252725105,"b₁":-1.0738625110269435},"^":{"γ":2.015020558119568,"b₂":-9.20223024256994,"λ₁":-0.44870917516756315,"λ₂":-3.0111541392309293,"a₁":-0.018232057444523164,"a₂":-9.210340371976182,"b₁":-1.756442322615631},">":{"γ":-1.274523045580711,"b₂":0.02281010863176114,"λ₁":1.9617212672029787,"λ₂":-0.04848427580689574,"a₁":-4.221412310364112,"a₂":-0.1317394801504932,"b₁":-2.6591070916598136}},"2":{"<":{"γ":6.198553596434641,"b₂":-0.5722291292167387,"λ₁":-0.051362586501127794,"λ₂":-0.19863799619470512,"a₁":0.20158467700084692,"a₂":-0.029719455217827928,"b₁":-0.438064293436339},"^":{"γ":3.6899750865308043,"b₂":0.2671340991080893,"λ₁":-0.0809959334839796,"λ₂":-0.577839308789013,"a₁":0.35060523733777416,"a₂":9.209524295243176,"b₁":-0.7739075116318155},">":{"γ":8.382111967444823,"b₂":-1.2652864587518682,"λ₁":-1.1307156317490783,"λ₂":-0.8557734247395992,"a₁":-0.09142081474102959,"a₂":-0.16047816232007683,"b₁":0.045358082515244647}},"3":{"<":{"γ":0.6100064662978966,"b₂":0.028999805821340985,"λ₁":-0.22387281709801243,"λ₂":0.8374481661833642,"a₁":0.1784639830858037,"a₂":0.006183385114169937,"b₁":-0.28954476851314404},"^":{"γ":1.192993620307547,"b₂":0.8603102292824065,"λ₁":-0.054642222682526054,"λ₂":-1.4636080874855075,"a₁":-0.012684367728608592,"a₂":-2.8672376927616394,"b₁":-2.008490680189788},">":{"γ":1.7763568394002505e-15,"b₂":1.7763568394002505e-15,"λ₁":1.7763568394002505e-15,"λ₂":1.7763568394002505e-15,"a₁":1.7763568394002505e-15,"a₂":1.7763568394002505e-15,"b₁":1.7763568394002505e-15}},"5":{"<":{"γ":-5.787916080184613,"b₂":-3.1323244619794144,"λ₁":0.5272917245947308,"λ₂":0.4262571548774243,"a₁":0.11246657946597871,"a₂":-1.85656671081028,"b₁":-0.4273288365553718},"^":{"γ":0.6994920930690629,"b₂":9.188675049640638,"λ₁":-1.9896771809841862,"λ₂":-1.912596028398836,"a₁":4.255720631151291,"a₂":-8.732950529135703,"b₁":2.622080328302209},">":{"γ":-2.7806604253585565,"b₂":1.2554685155997038,"λ₁":0.22905903805280303,"λ₂":2.219797309462537,"a₁":-2.735849526323671,"a₂":2.2807296368344776,"b₁":-4.8762938707408345}},"1":{"<":{"γ":-8.463939213410875,"b₂":-2.438047830053107,"λ₁":1.7313906204353646,"λ₂":1.0841999751566203,"a₁":0.03229723643514504,"a₂":-0.5077074473834742,"b₁":-0.2470774135132512},"^":{"γ":-9.210340371976182,"b₂":-9.210340371976182,"λ₁":9.210340371976185,"λ₂":9.210340371976185,"a₁":0.17916780345888483,"a₂":-9.210340371976182,"b₁":0.5287860294200275},">":{"γ":-0.2144022422314844,"b₂":-3.2123763630979774,"λ₁":5.458415287755326,"λ₂":0.5961175095150484,