{"likelihoods":{"pair0087":{"4":{"<":-1793.761774092626,"^":-1654.8026666245448,">":-1814.5074085136791},"2":{"<":-1674.9000727024793,"^":-1700.2488385552758,">":-1009.6525249373041},"3":{"<":-1738.1898612999291,"^":-1757.1524332456056,">":-1673.4520257975846},"5":{"<":-299.78370646686784,"^":-1929.8852683904365,">":-1793.483732537777},"1":{"<":2814.4616153673287,"^":0.0,">":2811.8888176084993}},"pair0090":{"4":{"<":367.38181317525283,"^":363.0396563528714,">":362.938602179419},"2":{"<":355.89439088123305,"^":360.4510753668256,">":361.36843269613775},"3":{"<":358.3791361635596,"^":0.0,">":362.4729359880835},"5":{"<":354.73037444994543,"^":0.0,">":366.10288358491084},"1":{"<":357.37014258032764,"^":364.61805651798034,">":355.3202399328795}},"pair0088":{"4":{"<":665.515813324506,"^":663.5931692133066,">":662.7816342988355},"2":{"<":662.0421555178445,"^":662.4707405309163,">":656.9724066121157},"3":{"<":662.4004855066669,"^":660.447221068446,">":665.0817272646887},"5":{"<":719.4196036430553,"^":675.8166336159095,">":727.5795087132972},"1":{"<":710.8145859436519,"^":745.1715656956304,">":710.0239264497616}},"pair0089":{"4":{"<":353.36927761844015,"^":355.37925862711086,">":356.66537392103385},"2":{"<":347.670680913295,"^":0.0,">":346.11263200308383},"3":{"<":348.55859168749447,"^":355.0205909125401,">":351.0859159153907},"5":{"<":350.381187279966,"^":360.16019647209015,">":0.0},"1":{"<":347.0712612835494,"^":370.7614418905247,">":347.4812601659342}},"pair0086":{"4":{"<":1618.4349934777574,"^":0.0,">":1634.904256535745},"2":{"<":1633.0485214372231,"^":0.0,">":1633.892072650019},"3":{"<":1613.345821318787,"^":1629.8099488812124,">":1615.106388588576},"5":{"<":1610.615169837872,"^":1414.6909423610746,">":1610.5325506840402},"1":{"<":1713.0497768355415,"^":0.0,">":1716.8645447534702}}}}