{"parameters":{"pair0087":{"4":{"<":{"γ":-13.815510557964274,"b₂":-13.815510557964274,"λ₁":-4.242792357581063,"λ₂":-13.815510557964274,"a₁":-0.9575138718313099,"a₂":-3.3437316122451115,"b₁":-8.032371903571851},"^":{"γ":13.798339013091255,"b₂":-13.808607955946451,"λ₁":-4.9080327975839975,"λ₂":-13.813153249822047,"a₁":-13.78218176206718,"a₂":-13.785830669484039,"b₁":-13.815510557964274},">":{"γ":2.5762984914988785,"b₂":-13.815510557964274,"λ₁":-5.933846525560524,"λ₂":-13.815510557964274,"a₁":-3.645692411888559,"a₂":-3.2487856652779676,"b₁":-13.815510557964274}},"2":{"<":{"γ":6.80643984965873,"b₂":-13.815510557964274,"λ₁":-9.254247709187569,"λ₂":-13.815510557964274,"a₁":-4.18456323615502,"a₂":-7.772473787950579,"b₁":-5.894496481517102},"^":{"γ":13.815510557964274,"b₂":-10.983402687808564,"λ₁":-12.844945324608595,"λ₂":-13.815510557964274,"a₁":0.3437455907369156,"a₂":13.707093998680069,"b₁":-13.815510557964274},">":{"γ":13.815510557964274,"b₂":-13.740638175222326,"λ₁":-13.815510557964274,"λ₂":-13.815510557964274,"a₁":12.05870016024976,"a₂":-7.369765101140182,"b₁":13.815510557964274}},"3":{"<":{"γ":1.0430196179851734,"b₂":-13.815510557964274,"λ₁":-6.979795800055796,"λ₂":-13.805510739527856,"a₁":4.184056641634548,"a₂":-13.775061807375717,"b₁":2.8442082722568287},"^":{"γ":1.407837873685967,"b₂":-13.199028555939977,"λ₁":13.815510557964274,"λ₂":-13.815510557964274,"a₁":-5.941111841080372,"a₂":13.81551055796427,"b₁":-13.815510557964274},">":{"γ":13.814925777274258,"b₂":-13.812757406355749,"λ₁":-13.812780298367377,"λ₂":-13.81275629178868,"a₁":-13.812782465737456,"a₂":-4.869523301196891,"b₁":-13.812779995629967}},"5":{"<":{"γ":0.42806867769780865,"b₂":-7.873974217549363,"λ₁":0.3905369539349959,"λ₂":-8.786952506447697,"a₁":-2.088048430275876,"a₂":-2.8935443096445574,"b₁":-6.672661478624415},"^":{"γ":1.9605830889009042,"b₂":-9.946521263363483,"λ₁":-0.613633149559524,"λ₂":-13.805325853227583,"a₁":-3.8996314324668493,"a₂":13.35321375256608,"b₁":-13.815510557964274},">":{"γ":0.028772298512517835,"b₂":-13.815510557964274,"λ₁":4.7111962560713145,"λ₂":-13.593742095630555,"a₁":-3.055827935652438,"a₂":-5.4803324234071,"b₁":-7.620681746768298}},"1":{"<":{"γ":-0.9411986593309862,"b₂":0.267986517131094,"λ₁":3.8406316911381246,"λ₂":1.4279001813063577,"a₁":-0.8392507786698591,"a₂":0.022183321672187617,"b₁":0.812308135826509},"^":{"γ":0.0,"b₂":0.0,"λ₁":0.0,"λ₂":0.0,"a₁":0.0,"a₂":0.0,"b₁":0.0},">":{"γ":2.08657526792261,"b₂":-1.118085872926013,"λ₁":7.936235454589465,"λ₂":0.9506058295589881,"a₁":1.790927210346009,"a₂":-0.5455624931717331,"b₁":2.0702167558971283}}},"pair0090":{"4":{"<":{"γ":6.651641245309747,"b₂":-0.49087129857502276,"λ₁":-1.6404898899084408,"λ₂":1.3873882054584161,"a₁":-0.13407664270164865,"a₂":0.3727669468607768,"b₁":-1.9854694460125835},"^":{"γ":-13.814535280284078,"b₂":13.795373929529287,"λ₁":13.81551055796427,"λ₂":13.815510557964274,"a₁":-0.0029356788121308597,"a₂":-13.815510557964274,"b₁":-1.0390785305800794},">":{"γ":-2.3552621649096235,"b₂":-2.3787136592973237,"λ₁":4.029398544024211,"λ₂":-0.3070862090795572,"a₁":0.08169456349008541,"a₂":0.01877214449512188,"b₁":0.07126932848209577}},"2":{"<":{"γ":-2.1835058059161394,"b₂":1.0994136417521645,"λ₁":4.313545495081282,"λ₂":2.456721625317215,"a₁":-0.05766409289934238,"a₂":0.019291461714834313,"b₁":-0.1426799619333483},"^":{"γ":2.1867955782521165,"b₂":-0.0840377839147397,"λ₁":-0.21254412893222963,"λ₂":0.18001203412758926,"a₁":-0.04205389333197118,"a₂":0.317310714112109,"b₁":-0.5882355081718735},">":{"γ":-6.833535227170658,"b₂":-0.29303724892699456,"λ₁":5.857703443664686,"λ₂":7.658659637918078,"a₁":-0.7345754987853095,"a₂":-0.39064770192510956,"b₁":0.4349431625877074}},"3":{"<":{"γ":-7.154453944439574,"b₂":-0.3883299132864053,"λ₁":0.48349731764344916,"λ₂":2.3839152537930666,"a₁":-1.8821360792329713,"a₂":-0.3184805313928969,"b₁":0.35306695689711454},"^":{"γ":0.0,"b₂":0.0,"λ₁":0.0,"λ₂":0.0,"a₁":0.0,"a₂":0.0,"b₁":0.0},">":{"γ":0.07569662338347705,"b₂":0.005466642481032125,"λ₁":7.39730872922803,"λ₂":0.023790213994745457,"a₁":-0.574924241501483,"a₂":0.3206744877885157,"b₁":-0.6199185300256929}},"5":{"<":{"γ":-3.994715443855032,"b₂":-0.557458860554247,"λ₁":10.058264847522075,"λ₂":2.178190801562902,"a₁":0.036623047938599385,"a₂":0.07278183412527461,"b₁":0.14515839542135467},"^":{"γ":0.0,"b₂":0.0,"λ₁":0.0,"λ₂":0.0,"a₁":0.0,"a₂":0.0,"b₁":0.0},">":{"γ":-0.8247461768294286,"b₂":-0.0789563986585673,"λ₁":7.320025548211085,"λ₂":0.007120803963745814,"a₁":-0.08897515857720428,"a₂":-0.6996832217862572,"b₁":-0.45031341446509465}},"1":{"<":{"γ":0.011959332630764763,"b₂":-0.000559218453000554,"λ₁":0.25158317935701646,"λ₂":-0.012240363066707616,"a₁":0.05321774592931661,"a₂":-0.034564186841926414,"b₁":0.0011487095340250164},"^":{"γ":-1.9371871890704941,"b₂":-0.9586977845347082,"λ₁":2.1261002644288354,"λ₂":1.7731736859348644,"a₁":-0.561884049451681,"a₂":-1.1427832502344604,"b₁":-1.0759374513865296},">":{"γ":0.0,"b₂":0.0,"λ₁":0.0,"λ₂":0.0,"a₁":9.21034037197618,"a₂":0.0,"b₁":9.21034037197618}}},"pair0088":{"4":{"<":{"γ":-1.0764157963385017,"b₂":-0.43377850567706666,"λ₁":0.6239183212332744,"λ₂":0.7429685276773501,"a₁":1.2134951178018927,"a₂":0.4593300008869008,"b₁":0.6609456324830685},"^":{"γ":1.8149260688925999,"b₂":1.9232651828281373,"λ₁":-1.2964996140934613,"λ₂":-0.5337323997216306,"a₁":0.021285771646711638,"a₂":13.78687065618864,"b₁":-1.0037610381116906},">":{"γ":-2.6026413492294758,"b₂":-1.179671737848567,"λ₁":0.29260426482971447,"λ₂":1.0083836759777434,"a₁":0.35688739646923473,"a₂":0.024532880973037408,"b₁":-0.6386689032243087}},"2":{"<":{"γ":12.280453829301575,"b₂":0.0,"λ₁":0.0,"λ₂":0.0,"a₁":0.0,"a₂":0.0,"b₁":0.0},"^":{"γ":6.067083662150573,"b₂":-13.321579243013003,"λ₁":0.9030364515755629,"λ₂":-0.4838402814197398,"a₁":-0.23612340898515605,"a₂":-13.815510557964274,"b₁":-1.254143177330528},">":{"γ":8.61690533615976,"b₂":-0.9913633339289163,"λ₁":0.09786669888615585,"λ₂":1.1841490866738535,"a₁":0.2527293986702901,"a₂":0.06896029427821126,"b₁":-1.3193487115406448}},"3":{"<":{"γ":-0.013579998535986348,"b₂":-0.04193240772800522,"λ₁":-0.12149540385663293,"λ₂":0.39568219864189125,"a₁":-0.23593044634666427,"a₂":0.7936566717056053,"b₁":-2.331077494674169},"^":{"γ":13.815510557964274,"b₂":-13.815510557964274,"λ₁":-0.964355819046947,"λ₂":0.04241528476763712,"a₁":0.2248730790028013,"a₂":13.815510557964274,"b₁":-0.6654845944114793},">":{"γ":-1.2139398693066017,"b₂":0.2415111730693944,"λ₁":-0.6104768006818819,"λ₂":0.9447418774391032,"a₁":-0.15113498223154664,"a₂":0.26110979988831673,"b₁":-0.3997951699046851}},"5":{"<":{"γ":-1.586164232009299,"b₂":-8.450650430927462,"λ₁":-13.23610430894682,"λ₂":-2.165269087263111,"a₁":5.828470467180022,"a₂":-2.183461452721909,"b₁":5.148158476032048},"^":{"γ":-1.875612031372114,"b₂":1.105354478191872,"λ₁":-0.6697768506235491,"λ₂":0.7002513231438776,"a₁":-0.030955232613218087,"a₂":1.0440402568319946,"b₁":-0.03970443985713956},">":{"γ":-13.81237762879647,"b₂":13.815121600730023,"λ₁":13.814548084294437,"λ₂":0.3849654458534335,"a₁":-13.812350002498878,"a₂":13.815510557964274,"b₁":-13.813092506911348}},"1":{"<":{"γ":-0.04364603535472966,"b₂":-0.20580913976664839,"λ₁":-0.01747522330253659,"λ₂":0.5004523625033901,"a₁":-0.0008913613110195229,"a₂":-0.08159917592388055,"b₁":-0.021698707056089006},"^":{"γ":1.691975296422422,"b₂":5.248037745394452,"λ₁":13.815510557964274,"λ₂":13.13643428430149,"a₁":-0.3243173441468805,"a₂":0.7318612154344013,"b₁":-0.6505362684408453},">":{"γ":1.413203689469718,"b₂":-0.37966807769490885,"λ₁":5.2311903244440074,"λ₂":0.14059712054080364,"a₁":-1.6184128925431729,"a₂":0.028163136667746613,"b₁":-0.2763532144540708}}},"pair0089":{"4":{"<":{"γ":-0.678126523274603,"b₂":-0.3527610636739169,"λ₁":-0.3681120910015441,"λ₂":0.058925429178687594,"a₁":-0.8605611559688207,"a₂":-0.05189472852636712,"b₁":-0.6846568645897637},"^":{"γ":0.9656305171177522,"b₂":-1.1565279332222325,"λ₁":-0.0775253973788228,"λ₂":-0.8874648108323289,"a₁":0.10524661984475081,"a₂":-1.7217371811167634,"b₁":-1.1173821385956622},