{"likelihoods":{"pair0066":{"4":{"<":2234.386197302877,"^":2348.0243271025774,">":2244.5607472080032},"2":{"<":2244.316159056304,"^":2700.1703343212826,">":2247.3257901355473},"3":{"<":2230.024183110775,"^":2442.6926644132814,">":2227.7114314513237},"5":{"<":2242.2504445660124,"^":2304.8856944479658,">":2246.3848737962285},"1":{"<":0.0,"^":2849.909936112991,">":2290.3327975100906}},"pair0068":{"4":{"<":-1404.0456379345676,"^":-854.1218142954426,">":-1826.89533515319},"2":{"<":-1764.9079233709713,"^":-1519.7412054409579,">":-1748.729637627222},"3":{"<":-1738.7525006627532,"^":-1987.3611242313016,">":-1746.0315207818337},"5":{"<":-1960.52192077688,"^":-1713.5359693072323,">":-1806.2573507791278},"1":{"<":1230.9724466456366,"^":0.0,">":1234.1305380776203}},"pair0069":{"4":{"<":2618.1503542559835,"^":2637.719156310465,">":2623.0480603945507},"2":{"<":2634.159050080596,"^":2675.660310153885,">":2631.128416693151},"3":{"<":2632.065620034686,"^":2637.8270478074705,">":2617.728817106928},"5":{"<":2624.3613505027424,"^":2635.3268667743046,">":2611.7618944498886},"1":{"<":2785.805589830482,"^":2848.119256399533,">":2784.597155347322}},"pair0067":{"4":{"<":2463.8365935487072,"^":2494.015282036516,">":2463.8845145187797},"2":{"<":2441.184063304306,"^":2727.384264073611,">":2439.1586362278113},"3":{"<":2450.9767589021644,"^":2553.103096704894,">":2449.171325604638},"5":{"<":2224.1101461283174,"^":2479.9281513587334,">":2469.1516730258368},"1":{"<":2537.343206930707,"^":2849.0441950834415,">":2540.5077718732}},"pair0065":{"4":{"<":2568.01546139274,"^":2566.6861738099306,">":2513.018070883155},"2":{"<":2534.6744358947917,"^":2668.177323705813,">":2534.6744358947913},"3":{"<":2541.397584706461,"^":2607.487969140498,">":2552.5847188490106},"5":{"<":2562.942219749892,"^":0.0,">":2557.0399349675204},"1":{"<":2674.613296945263,"^":0.0,">":2670.3334034050526}}}}