{"parameters":{"pair0066":{"4":{"<":{"m₁":-0.12703591581660412,"γ":0.16674477596623483,"b₂":-0.4425889303223851,"λ₁":0.020375655468356513,"λ₂":-0.3057643987984928,"a₁":-0.05344516584396253,"a₂":-0.1822654390535714,"m₂":0.11016951180795864,"b₁":0.30894840658010203},"^":{"m₁":0.46770903899368577,"γ":1.4758794321430848,"b₂":0.415910402600014,"λ₁":-1.3756867652819054,"λ₂":-0.7765881998840705,"a₁":-0.017723232210824946,"a₂":-1.628057700583355,"m₂":0.07437329522071146,"b₁":-1.4744649756103385},">":{"m₁":0.3520138474391654,"γ":0.013150253330904249,"b₂":-0.27849499195414573,"λ₁":-4.19856285443969,"λ₂":-0.8314317440881744,"a₁":-0.7106144305401738,"a₂":-0.193356111809873,"m₂":0.17702221900631088,"b₁":0.7741964799704046}},"2":{"<":{"m₁":0.08328390756445359,"γ":-0.14919075148133132,"b₂":-0.718391568080758,"λ₁":0.35969411045688204,"λ₂":0.47183867659180834,"a₁":-0.025998175321886308,"a₂":0.10557927744714135,"m₂":0.184453889026992,"b₁":0.26896726949329874},"^":{"m₁":-9.888743661031336,"γ":1.2850088124656498,"b₂":11.37196579728263,"λ₁":-8.78102604385614,"λ₂":-6.738886179877684,"a₁":-1.329628620605403,"a₂":-13.501052037750283,"m₂":3.303464629087884,"b₁":-1.8943462599756167},">":{"m₁":-0.35526625828894964,"γ":-0.2618948202503155,"b₂":0.0691069486277005,"λ₁":0.5673387095904285,"λ₂":-0.09189729806141145,"a₁":0.7916154512138736,"a₂":0.2535610010610174,"m₂":0.36451579487810903,"b₁":0.15350747789317154}},"3":{"<":{"m₁":-0.06638671933008489,"γ":0.0074538972451598795,"b₂":-0.06586122010485695,"λ₁":1.307025882771958,"λ₂":-0.45392004627030325,"a₁":-0.04085995001307907,"a₂":-0.4383260766918031,"m₂":0.4904289893136884,"b₁":0.546604994478475},"^":{"m₁":0.1148155322593567,"γ":1.3402097732446894,"b₂":-0.0025280018776019375,"λ₁":-0.5183306847483884,"λ₂":-0.6797984518711768,"a₁":0.016139547775209095,"a₂":-0.06641392749614283,"m₂":0.03796522648557499,"b₁":-0.8223662740747031},">":{"m₁":0.11026863964486999,"γ":-0.178646560089204,"b₂":0.07199835523191389,"λ₁":0.19672829306983708,"λ₂":0.3199984475854958,"a₁":0.11482891905711945,"a₂":-0.11109661254004344,"m₂":0.37206833491176994,"b₁":0.054865467838279613}},"5":{"<":{"m₁":-0.3438535793852573,"γ":-0.5313873173215686,"b₂":-0.023125379598171847,"λ₁":0.0545916016307153,"λ₂":-0.6496283422618525,"a₁":-0.6099134034822828,"a₂":0.0018887529344038256,"m₂":-0.3917891040734105,"b₁":0.529464213689943},"^":{"m₁":-1.1500274813436633,"γ":-0.04379705162065761,"b₂":-0.45241183896500026,"λ₁":-2.155262874647528,"λ₂":-0.06948489669922076,"a₁":-0.19552699171670263,"a₂":1.4560735856759042,"m₂":0.07162985111548892,"b₁":-1.8759686058171283},">":{"m₁":-1.0828790595413285,"γ":-2.9307466267707927,"b₂":0.20600721800687616,"λ₁":-0.42467404376756157,"λ₂":-1.0197841888110375,"a₁":-0.5491528305091116,"a₂":-0.1330142347638077,"m₂":0.3081962754763641,"b₁":-1.1307544990686065}},"1":{"<":{"m₁":0.0,"γ":0.0,"b₂":0.0,"λ₁":0.0,"λ₂":0.0,"a₁":0.0,"a₂":0.0,"m₂":0.0,"b₁":0.0},"^":{"m₁":0.25508610117955755,"γ":-0.3012055197973478,"b₂":0.8942916785990853,"λ₁":-0.23897071701295403,"λ₂":0.8177344917159513,"a₁":0.007127018867803869,"a₂":0.06476909711635415,"m₂":0.1208430154105038,"b₁":0.039690281213328404},">":{"m₁":0.16534363186550038,"γ":0.24588691366990822,"b₂":-1.0131402461303853,"λ₁":-0.6450855805573354,"λ₂":0.16794592138339937,"a₁":0.05629827072435489,"a₂":-0.01097909698093602,"m₂":0.14041248323092148,"b₁":-0.32531178532397576}}},"pair0068":{"4":{"<":{"m₁":0.6095728287654723,"γ":0.06408566874173793,"b₂":-4.376893937362722,"λ₁":-3.73927461106177,"λ₂":-1.5279572277201687,"a₁":-1.1325220926911257,"a₂":-7.616385850073375,"m₂":-2.1071216183318437,"b₁":-12.957296754352342},"^":{"m₁":0.21647661019229325,"γ":13.676867626313495,"b₂":9.388367378227247,"λ₁":-13.697934329928412,"λ₂":13.815510557964274,"a₁":-0.35526311846953895,"a₂":13.779707386614337,"m₂":0.866000399184534,"b₁":-13.793277859484464},">":{"m₁":3.9951447797075055,"γ":-3.8415668802312215,"b₂":-5.034586546031024,"λ₁":-13.522331434081462,"λ₂":-1.8069562623672617,"a₁":-10.977970926631889,"a₂":-0.1668048303970302,"m₂":0.7287454624590861,"b₁":-11.220658735150867}},"2":{"<":{"m₁":-0.1987240922546345,"γ":-0.7210566935542868,"b₂":-5.206684070192667,"λ₁":0.18197713462070197,"λ₂":-12.188166319466678,"a₁":-0.5753659410544145,"a₂":-0.3376746477783037,"m₂":-0.5327639195281968,"b₁":-13.815510557964274},"^":{"m₁":-0.2148508192728329,"γ":10.939090799998507,"b₂":-1.1318967401745752,"λ₁":-6.941463481345223,"λ₂":-7.018521822511768,"a₁":-0.17485806659611214,"a₂":13.815510557964274,"m₂":-2.71105810856484,"b₁":-10.52269444398833},">":{"m₁":-0.16899779608095145,"γ":-0.250520603733845,"b₂":-5.653187116842494,"λ₁":-6.422892432640988,"λ₂":-9.30851235564354,"a₁":-3.878993668715278,"a₂":-0.2541738342062949,"m₂":-5.601016400028142,"b₁":-10.397138590698807}},"3":{"<":{"m₁":4.947011724719747,"γ":-13.795395784223341,"b₂":-8.843604937028775,"λ₁":-13.801034574556994,"λ₂":-11.598408347933399,"a₁":-8.812517367773202,"a₂":-10.403521719101256,"m₂":9.999566064287933,"b₁":-13.794066623815098},"^":{"m₁":-5.571723933166077,"γ":6.005565430832657,"b₂":-13.704608102324292,"λ₁":-13.781426111621462,"λ₂":-13.777104556350757,"a₁":-3.394427090689229,"a₂":-13.788660149909818,"m₂":-9.942641601587896,"b₁":-13.750064201801848},">":{"m₁":0.7722851902098498,"γ":-5.547918802687789,"b₂":-13.777137832804563,"λ₁":-11.113585151276878,"λ₂":-9.109831182378421,"a₁":-13.400803589756144,"a₂":-13.784687477358906,"m₂":9.997657006812034,"b₁":-13.683195609297965}},"5":{"<":{"m₁":2.6268914583330254,"γ":-2.8257064845673963,"b₂":-13.443012658209735,"λ₁":-13.653217942539412,"λ₂":-9.695064248809576,"a₁":-11.666600486546681,"a₂":-4.074268531227585,"m₂":3.8536226971651004,"b₁":-13.805362237154128},"^":{"m₁":4.105990114805397,"γ":2.8066468600549754,"b₂":11.849429628678791,"λ₁":-13.53280057589695,"λ₂":-13.769178426262703,"a₁":-13.749320258275668,"a₂":2.660668184509767,"m₂":3.781110295649375,"b₁":-13.750990108004483},">":{"m₁":0.5554415625822777,"γ":-7.611859801404174,"b₂":-10.672024657613331,"λ₁":-5.665125746115097,"λ₂":-13.787879555420334,"a₁":-5.970690258903997,"a₂":-13.258806820577107,"m₂":-10.0,"b₁":-13.792924307595165}},"1":{"<":{"m₁":0.14161242970374843,"γ":0.2992075682834905,"b₂":-0.6447365026777128,"λ₁":-0.022065337768601978,"λ₂":-0.20048391687248568,"a₁":-0.005402781111152777,"a₂":-0.050450955765869665,"m₂":0.40489214157149434,"b₁":-0.3686173668208408},"^":{"m₁":0.0,"γ":0.0,"b₂":0.0,"λ₁":0.0,"λ₂":0.0,"a₁":0.0,"a₂":0.0,"m₂":0.0,"b₁":0.0},">":{"m₁":0.0,"γ":0.0,"b₂":0.0,"λ₁":-3.070113479356614,"λ₂":0.0,"a₁":0.0,"a₂":1.7269388197455342,"m₂":0.0,"b₁":0.0}}},"pair0069":{"4":{"<":{"m₁":0.0,"γ":0.0,"b₂":0.0,"λ₁":0.0,"λ₂":0.0,"a₁":0.0,"a₂":0.0,"m₂":0.0,"b₁":0.0},"^":{"m₁":-0.02539179448600315,"γ":-0.03290174497767495,"b₂":0.021945888208316333,"λ₁":-0.018295215741678916,"λ₂":-0.01655236641906832,"a₁":0.02999822984797973,"a₂":6.939425004211049,"m₂":-0.024936511079966195,"b₁":0.0217419165185202},">":{"m₁":0.0,"γ":0.0,"b₂":0.0,"λ₁":0.0,"λ₂":0.0,"a₁":0.0,"a₂":0.0,"m₂":0.0,"b₁":0.0}},"2":{"<":{"m₁":-0.004880179827349451,"γ":0.12154967192183541,"b₂":-0.025691466297008247,"λ₁":-0.012735410700175365,"λ₂":-0.02692439383101508,"a₁":0.012617535564070081,"a₂":0.016164671845306344,"m₂":-0.01143597529413043,"b₁":0.03704315380416112},"^":{"m₁":-0.2966185844651861,"γ":1.539522093877693,"b₂":-0.6863429826573828,"λ₁":0.4503842559220086,"λ₂":0.2712913069996059,"a₁":-0.033527771653417915,"a₂":1.9663978190748193,"m₂":-0.3394416752693221,"b₁":-1.3415402411147408},">":{"m₁":-0.339601813787219,"γ":-0.02963700180296236,"b₂":-0.636583953026781,"λ₁":0.015314340066399978,"λ₂":0.14948440126920914,"a₁":0.13379210716354706,"a₂":-0.008472046409629286,"m₂":-0.0064801421751194965,"b₁":0.04946999623083137}},"3":{"<":{"m₁":0.0,"γ":0.0,"b₂":-9.210340371976182,"λ₁":0.0,"λ₂":0.0,"a₁":0.0,"a₂":0.0,"m₂":0.0,"b₁":0.0},"^":{"m₁":2.9490585793616084,"γ":1.2418365969606011,"b₂":3.015309255543947,"λ₁":-3.7183835716350604,"λ₂":-3.189790959649672,"a₁":-0.5924527318484181,"a₂":4.441730088209923,"m₂":-2.9172945545854487,"b₁":-1.7926013448922529},