{"likelihoods":{"pair0043":{"<":189.97498784325387,"^":960.7049765087174,">":106.55495313200734},"pair0045":{"<":1504.598479677076,"^":1716.155418192583,">":1530.7275562087113},"pair0044":{"<":-1336.1481619665806,"^":-246.5454700778137,">":-1198.7239628503514}}}