{"parameters":{"pair0043":{"<":{"γ":11.450465995494937,"b₂":-13.815510557964274,"λ₁":-3.021666869820706,"λ₂":-4.75447958380864,"a₁":13.815510557964274,"a₂":-4.115885899849211,"b₁":11.619520033693789},"^":{"γ":2.5713927545151947,"b₂":13.815510557964274,"λ₁":-4.03210341191506,"λ₂":-3.4702867476416035,"a₁":0.4630940411725799,"a₂":-13.608721976936021,"b₁":-3.115659245964311},">":{"γ":2.447299764037947,"b₂":-11.383743242891379,"λ₁":-5.047296821406361,"λ₂":-2.990906116398806,"a₁":2.618282211198462,"a₂":-5.039594972915596,"b₁":-0.19245483082453596}},"pair0045":{"<":{"γ":1.3243201181365922,"b₂":-7.193086558808724,"λ₁":-2.3745781666009744,"λ₂":-4.923978432749124,"a₁":-0.3031719034817151,"a₂":-1.55060361851584,"b₁":-4.201321718916036},"^":{"γ":1.5686550904916565,"b₂":4.691177618274228,"λ₁":-2.35271847248481,"λ₂":-2.586577861350266,"a₁":-0.4006897923256858,"a₂":8.150619209013659,"b₁":-1.7403702720708232},">":{"γ":2.1570750707880926,"b₂":-2.698915173586016,"λ₁":-0.34328969515325625,"λ₂":-6.858065499064908,"a₁":0.5749986174618513,"a₂":0.5196280653478293,"b₁":0.468105136067658}},"pair0044":{"<":{"γ":5.166860298950539,"b₂":-6.400096951341578,"λ₁":-4.9361288092452345,"λ₂":-5.568556012504086,"a₁":-2.6198671108299045,"a₂":0.09052882644636284,"b₁":-3.2842194726393394},"^":{"γ":0.12990068019462875,"b₂":-12.586690313942611,"λ₁":-2.9429637034022775,"λ₂":-2.290594261785815,"a₁":-2.163628380540551,"a₂":-8.676298906880753,"b₁":-7.933580034840674},">":{"γ":0.8778805589697338,"b₂":7.086364762898004,"λ₁":-12.098080685953688,"λ₂":-13.813962452665997,"a₁":-4.1331467995909,"a₂":13.815113744213775,"b₁":-7.09857220869192}}}}