{"likelihoods":{"pair0070":{"4":{"<":-31303.32510636937,"^":-32003.687472177142,">":-31246.714660878082},"2":{"<":-30842.210050876085,"^":-31352.765532526002,">":-31254.28799574517},"3":{"<":-23772.272343405883,"^":-32047.561302187434,">":-31287.379194966343},"5":{"<":-31249.155544261226,"^":-31368.25765812032,">":-32083.430641454004},"1":{"<":11632.300749569109,"^":12770.895633001359,">":11631.882476294464}},"pair0074":{"4":{"<":289.24914694512006,"^":312.1782254814312,">":321.32179633414773},"2":{"<":335.8811413661132,"^":361.24069366147313,">":326.3379979468094},"3":{"<":319.8507663823096,"^":291.7975305081609,">":332.41965948891385},"5":{"<":300.8582323855282,"^":257.2555916364734,">":296.22549386867615},"1":{"<":501.7658664376536,"^":554.0054224675921,">":501.7658664376536}},"pair0075":{"4":{"<":279.8103113346882,"^":240.03370895518597,">":265.6578400522645},"2":{"<":306.35601729319706,"^":343.9589578898302,">":323.8875586014424},"3":{"<":291.4506019135232,"^":243.99521741775072,">":254.66418962696093},"5":{"<":225.12308962575767,"^":211.05493337279503,">":243.96783708688562},"1":{"<":539.8649649218231,"^":584.5943073016351,">":539.5281115370443}},"pair0073":{"4":{"<":1211.39374783856,"^":2852.317712682592,">":1212.6101027149907},"2":{"<":3685.787849142314,"^":7069.363154837391,">":3650.358768460833},"3":{"<":1815.438125937582,"^":4404.590888650133,">":1810.969375523217},"5":{"<":1000.5852747053973,"^":2147.623044776665,">":980.6049390047831},"1":{"<":10103.093168495445,"^":14436.90260952011,">":0.0}},"pair0072":{"4":{"<":4255.152875079409,"^":4220.226110721791,">":4228.672587872564},"2":{"<":4347.79835296345,"^":4378.290748694677,">":4355.230955424317},"3":{"<":4238.430828876927,"^":4258.841231149075,">":4249.26804652808},"5":{"<":4236.242912930974,"^":4254.69561557674,">":4285.711223034674},"1":{"<":4624.7643810140335,"^":4641.081154798463,">":4627.7206573750445}}}}