{"parameters":{"pair0070":{"4":{"<":{"γ":-9.847182809977731,"b₂":-13.815510557964274,"λ₁":-6.534900910821986,"λ₂":-13.815253541139494,"a₁":-8.867221242886206,"a₂":1.9294676407369877,"b₁":3.128487061582046},"^":{"γ":-9.535134221504393,"b₂":13.815510557964274,"λ₁":-9.609509352920908,"λ₂":-13.815510557964274,"a₁":2.2752864456553397,"a₂":-0.6935727080324536,"b₁":-13.815510557964274},">":{"γ":-3.6085789806754924,"b₂":-13.815510557964274,"λ₁":-12.853202089041197,"λ₂":-13.815510557964274,"a₁":9.926286448762667,"a₂":-13.796382831639727,"b₁":9.542115473452931}},"2":{"<":{"γ":-1.939732205633062,"b₂":-13.812601526668546,"λ₁":-0.9517775999372713,"λ₂":-13.815510557964274,"a₁":-11.130305238979268,"a₂":-12.4434360412894,"b₁":4.939378587251994},"^":{"γ":-1.2474956452347943,"b₂":6.958341754078049,"λ₁":3.565186984681887,"λ₂":-13.815510557964274,"a₁":-4.166017439136109,"a₂":-5.129648585566821,"b₁":-13.811580594700143},">":{"γ":-13.812838686961932,"b₂":-13.812756642163452,"λ₁":-13.812748073433474,"λ₂":-13.812751002066097,"a₁":-10.487258972420227,"a₂":-13.81275119624984,"b₁":0.03512902262022166}},"3":{"<":{"γ":-0.8568473981031506,"b₂":-10.98607533865636,"λ₁":1.2876479494139854,"λ₂":-9.825656687158123,"a₁":-10.057625034472533,"a₂":-11.875225302862734,"b₁":-5.445307075671721},"^":{"γ":4.160776993523953,"b₂":0.864351263890919,"λ₁":-9.672437701648036,"λ₂":-13.815510557964274,"a₁":-13.305145305333545,"a₂":3.4652621134219643,"b₁":-13.815510557964274},">":{"γ":-2.590048816462968,"b₂":-13.81548086049629,"λ₁":-13.365010580954568,"λ₂":-13.815510557964274,"a₁":9.399131230565146,"a₂":-1.831799337343341,"b₁":8.913099743327919}},"5":{"<":{"γ":-13.807198867108896,"b₂":-13.815510557964274,"λ₁":-11.51183539605147,"λ₂":-13.815510557964274,"a₁":13.616692993406218,"a₂":-13.815510557964274,"b₁":13.11827898817096},"^":{"γ":-3.772782185700237,"b₂":-9.049542516661557,"λ₁":-2.330324712751734,"λ₂":-13.814923859794336,"a₁":-6.462601992932917,"a₂":-8.390416907854032,"b₁":-13.815348724426698},">":{"γ":1.864882048293934,"b₂":-13.815510557964274,"λ₁":-3.404102967851996,"λ₂":-13.815510557964274,"a₁":-2.817338606696092,"a₂":6.541350948205331,"b₁":5.831313457216229}},"1":{"<":{"γ":0.0,"b₂":0.0,"λ₁":0.0,"λ₂":0.0,"a₁":0.0,"a₂":0.0,"b₁":0.0},"^":{"γ":13.815255078696786,"b₂":0.8660157873635104,"λ₁":13.815360413212279,"λ₂":-0.15280599290844954,"a₁":13.814931312805193,"a₂":13.814842280245124,"b₁":13.814816072328359},">":{"γ":1.2975233724030613,"b₂":0.2834222571032221,"λ₁":4.288920713632866,"λ₂":-0.3725499450245753,"a₁":0.34073487660449153,"a₂":-0.1724175860914663,"b₁":-1.0044056120245095}}},"pair0074":{"4":{"<":{"γ":3.580650448385427,"b₂":-11.791766711613432,"λ₁":-13.32664102627046,"λ₂":-0.500288077321354,"a₁":-3.4456465867198602,"a₂":-5.264484229782479,"b₁":-12.80848003232299},"^":{"γ":5.837259864656115,"b₂":0.6602307958978564,"λ₁":-2.6863517517577584,"λ₂":-2.3356113444940867,"a₁":-0.3515708898432788,"a₂":-5.626689590445189,"b₁":-7.878434378600091},">":{"γ":-10.81044860746867,"b₂":-13.801007740716102,"λ₁":-1.8178572901632837,"λ₂":-4.157415889664138,"a₁":-3.443364547691484,"a₂":-3.861879247095752,"b₁":-13.815510557964274}},"2":{"<":{"γ":0.46977177419543636,"b₂":-4.197551650092674,"λ₁":-1.8427137410331245,"λ₂":-2.9421652596395518,"a₁":-13.781688774399756,"a₂":-0.06762257117173931,"b₁":-9.911053898335634},"^":{"γ":1.1915037753850797,"b₂":2.460744738324383,"λ₁":-1.2754473644132815,"λ₂":-0.029734043051501402,"a₁":-0.5125981544171143,"a₂":-4.339820951801464,"b₁":-2.580077416407672},">":{"γ":2.5228474317102823,"b₂":-12.796018259797322,"λ₁":-2.1062858347707625,"λ₂":-6.478530016188508,"a₁":-0.49796297812705603,"a₂":-1.972214885007098,"b₁":-7.838606251601852}},"3":{"<":{"γ":8.296863257741041,"b₂":-5.657668504690696,"λ₁":-5.385972065539589,"λ₂":-2.160555670265362,"a₁":-2.6405047652248435,"a₂":-1.6729280466854988,"b₁":-2.1856674639319316},"^":{"γ":1.5574461768430723,"b₂":13.815510557964274,"λ₁":-4.2269411613336025,"λ₂":-3.9454938381493267,"a₁":-0.8087412256731437,"a₂":13.47066900544787,"b₁":-4.228351370476309},">":{"γ":-11.659313533402305,"b₂":8.8567763823137,"λ₁":-5.090887341312197,"λ₂":-1.0484019618528126,"a₁":-1.2839452842788681,"a₂":10.383670039328582,"b₁":-5.607245838027719}},"5":{"<":{"γ":-0.0075744855002515266,"b₂":-2.0803432128797414,"λ₁":-0.042352738785444544,"λ₂":-1.2524174668728527,"a₁":-0.34898751416969276,"a₂":-0.6274208380107869,"b₁":-3.527383095097509},"^":{"γ":2.4569723618436576,"b₂":-11.426938259159769,"λ₁":-4.072519113774463,"λ₂":-4.390207042515957,"a₁":-2.071539656783223,"a₂":-12.953397168093918,"b₁":-9.154566852680206},">":{"γ":3.8362271664677543,"b₂":10.598710314192253,"λ₁":-4.497166393339295,"λ₂":-2.831029515529705,"a₁":-3.394123299083674,"a₂":13.100504913091903,"b₁":-4.979726391159577}},"1":{"<":{"γ":0.0,"b₂":0.0,"λ₁":0.0,"λ₂":0.0,"a₁":0.0,"a₂":0.0,"b₁":0.0},"^":{"γ":-13.815510557964274,"b₂":-1.004697573812976,"λ₁":10.224354453965269,"λ₂":13.75996499278229,"a₁":0.2658735906229772,"a₂":13.808386726877337,"b₁":0.17045469202532715},">":{"γ":0.0,"b₂":0.0,"λ₁":0.0,"λ₂":0.0,"a₁":0.0,"a₂":0.0,"b₁":0.0}}},"pair0075":{"4":{"<":{"γ":-0.6293703890949534,"b₂":-7.350657972597307,"λ₁":-1.1596899501741387,"λ₂":-3.1249094616764346,"a₁":-13.277217568807655,"a₂":-0.709685862517972,"b₁":-3.852127338619761},"^":{"γ":-2.42852058167877,"b₂":6.0615926113780105,"λ₁":-1.8703415275148583,"λ₂":-7.16776794738174,"a₁":-1.0013500542669984,"a₂":-0.1957921723158833,"b₁":-7.7751727004755775},">":{"γ":-1.2920514213291074,"b₂":-1.9643030744809753,"λ₁":-4.943400876919858,"λ₂":0.226542207026462,"a₁":0.5452163969090602,"a₂":-1.7591253060632823,"b₁":-4.207294666708739}},"2":{"<":{"γ":1.1950812072231152,"b₂":-2.7553229847409533,"λ₁":-2.658589009153655,"λ₂":-0.8643454550200467,"a₁":0.5491138865474952,"a₂":0.2194793745716055,"b₁":-2.068871117928282},"^":{"γ":13.463352689610698,"b₂":13.81488076827559,"λ₁":-4.202846534034711,"λ₂":-5.5198714883542035,"a₁":-5.741911842097149,"a₂":13.814924965431622,"b₁":-13.815510557964274},">":{"γ":0.43463047841173896,"b₂":-5.762732125110627,"λ₁":-3.4379119811446035,"λ₂":0.04584449024541648,"a₁":-5.289593072236581,"a₂":-7.106335746198769,"b₁":-4.939902915056141}},"3":{"<":{"γ":1.4121926671696645,"b₂":-9.061848681165461,"λ₁":-5.174220031704207,"λ₂":-2.1885089827169644,"a₁":-11.59727495613826,"a₂":-5.882528188658628,"b₁":-7.9290489920795855},"^":{"γ":2.078720763846368,"b₂":13.752293881254491,"λ₁":-4.72989544598482,"λ₂":-5.325631953356588,"a₁":-2.708297683311347,"a₂":-13.815510557964274,"b₁":-13.80525570513951},">":{"γ":2.0880041591483014,"b₂":-5.071242048178348,"λ₁":-5.1676295600012505,"λ₂":-1.8874826925981978,"a₁":-0.703314616759684,"a₂":-0.027545724718001097,"b₁":-5.919642839489057}},"5":{"<":{"γ":-1.01634475086483,"b₂":-12.925632589134345,"λ₁":-5.189348590920154,"λ₂":-1.9182981879995662,"a₁":-4.756774275703181,"a₂":-2.8193061285051275,"b₁":-6.387324739147595},"^":{"γ":0.16150836092230492,"b₂":2.0849856708690293,"λ₁":-2.2412706250711487,"λ₂":-2.967047444668937,"a₁":-0.0018302950987507671,"a₂":1.0288386359092243,"b₁":-5.471460522608043},">":{"γ":-0.38299084093703684,"b₂":-7.15139886197836,"λ₁":-2.7185596310244655,"λ₂":-2.8424351253985964,"a₁":-9.336551175495273,"a₂":-1.337065422681663,"b₁":-7.263301483267355}},"1":{"<":{"γ":0.0,"b₂":0.0,"λ₁":0.0,"λ₂":0.0,"a₁":0.0,"a₂":0.0,"b₁":0.0},"^":{"γ":-13.798498133582163,"b₂":13.77843478385552,"λ₁":13.79157806087678,"λ₂":13.808224082596858,"a₁":1.0947918342870633,"a₂":13.807177053896574,"b₁":0.8063230337455138},">":{"γ":0.3641415522026801,"b₂":-0.6269137769332556,"λ₁":1.3542497834193306,"λ₂":0.028851106601310406,"a₁":-0.5532889204926512,"a₂":-0.13695841102509654,"b₁":0.03243811682424891}}},"pair0073":{"4":{"<":{"γ":3.547633784825912,"b₂":-12.304022590062559,"λ₁":-2.721922835334553,"λ₂":-5.732986890838916,"a₁":-2.588088703319947,"a₂":-3.6695613590587275,"b₁":-11.231143785092788},"^":{"γ":-13.815510557964274,"b₂":3.3282377807247236,"λ₁":-3.2793447165843332,"λ₂":-13.815510557964274,"a₁":-1.465967264648219,"a₂":-13.815510557964274,"b₁":-13.815510557964274},