{"likelihoods":{"pair0012":{"4":{"<":2277.7844319388823,"^":2256.628610634891,">":2252.4730076810047},"2":{"<":2440.3293286440894,"^":2495.6892841046665,">":2438.6584886370574},"3":{"<":2308.679067845644,"^":2337.927515804938,">":2289.634175898835},"5":{"<":2255.481382301671,"^":2221.9792528555818,">":2241.462767163675},"1":{"<":2802.436224154716,"^":2843.615505623032,">":2802.853545983681}},"pair0011":{"4":{"<":2269.4655209344464,"^":2464.804172003018,">":1983.4858611347458},"2":{"<":2474.4291445426556,"^":2646.7834492356037,">":2529.506293839324},"3":{"<":2437.3702691593016,"^":2526.31976229328,">":2397.31317840683},"5":{"<":1946.361388448445,"^":2081.500696296855,">":1313.6587348506937},"1":{"<":2664.6328030318655,"^":2837.0211437366333,">":2644.863727759326}},"pair0013":{"4":{"<":737.8633631689416,"^":729.8431404039046,">":737.3695534019387},"2":{"<":755.9409145826789,"^":814.3444294834756,">":751.2668146192493},"3":{"<":733.1393080565211,"^":780.1169604570057,">":736.8839606693101},"5":{"<":731.7891139615933,"^":733.6544684694845,">":735.2781876153741},"1":{"<":839.9714870264506,"^":1116.988854786634,">":903.7130843743308}},"pair0014":{"4":{"<":819.5576732734567,"^":819.1828067006998,">":802.1342154729224},"2":{"<":816.708478873609,"^":901.5546121327665,">":803.9877641643191},"3":{"<":825.0586577745365,"^":823.9019409394499,">":798.2549577765594},"5":{"<":816.2592047892222,"^":809.2908397056774,">":804.6668591450274},"1":{"<":869.4244728443723,"^":1116.6521653119214,">":904.3175116203181}}}}