{"parameters":{"pair0012":{"4":{"<":{"γ":-1.3383995654126748,"b₂":-1.2859383320607156,"λ₁":-0.4965556496306629,"λ₂":-1.9933144264669052,"a₁":0.15693619599632136,"a₂":-2.0013991431061546,"b₁":-0.07853364436939891},"^":{"γ":0.5324554766414167,"b₂":-7.295215435679442,"λ₁":-1.9577027094818718,"λ₂":-1.407344804069651,"a₁":-1.3782178372027936,"a₂":3.206709430057513,"b₁":-2.0309195859874736},">":{"γ":-0.06253813425336574,"b₂":-2.12599691939337,"λ₁":-0.47320049164854616,"λ₂":0.4189493996491329,"a₁":-0.2336728310780387,"a₂":-0.01891715604972788,"b₁":-0.6908232182006646}},"2":{"<":{"γ":3.08563297784878,"b₂":-0.9339785662157727,"λ₁":0.005573058602642789,"λ₂":0.9644309755530749,"a₁":-1.6506256385674716,"a₂":-0.23240261504869508,"b₁":-1.8649824832696158},"^":{"γ":0.5571479080960753,"b₂":2.004241584679942,"λ₁":1.6386677095968878,"λ₂":-0.9437991902822311,"a₁":0.4497658926372754,"a₂":1.3549821584262833,"b₁":-0.08486832419234247},">":{"γ":-0.3426423288617464,"b₂":-4.93420273179714,"λ₁":1.6856132219895184,"λ₂":0.9881008969475751,"a₁":0.3810354636593889,"a₂":-0.04102736167450516,"b₁":-0.12841142962685304}},"3":{"<":{"γ":-0.7979097740021608,"b₂":0.06849197962905684,"λ₁":-0.4038737752171766,"λ₂":0.6957917022787345,"a₁":-1.496177439402385,"a₂":-0.03514797448093532,"b₁":-2.1389828804787507},"^":{"γ":-0.36177387958500873,"b₂":0.870561749994474,"λ₁":-0.10537168807779551,"λ₂":-0.5858652541585041,"a₁":-0.3495560356193277,"a₂":0.19362541708883718,"b₁":-1.4505227263756266},">":{"γ":-0.5527051805183252,"b₂":-2.356665887351566,"λ₁":0.24613053913281568,"λ₂":-0.2537971651462332,"a₁":-0.055315064368395284,"a₂":-0.11526090251034304,"b₁":-0.8613196943493087}},"5":{"<":{"γ":-0.9238951082583373,"b₂":-3.3240358402807093,"λ₁":0.058280982685790406,"λ₂":-0.3770464055186036,"a₁":-1.4252220970985148,"a₂":-1.074887956859163,"b₁":-1.0215599308872108},"^":{"γ":0.29804702918923454,"b₂":-9.2102238045595,"λ₁":-2.3065173550830282,"λ₂":-1.824265831052104,"a₁":-0.7369667540730553,"a₂":9.204458513730623,"b₁":-3.8101904503292037},">":{"γ":0.4440451870452886,"b₂":-2.883929170408778,"λ₁":-0.2780939871714967,"λ₂":0.56672858820248,"a₁":-0.23004014388295602,"a₂":-0.6900431731705385,"b₁":-3.16905919921118}},"1":{"<":{"γ":-8.576930978422254,"b₂":0.7028204621207195,"λ₁":0.4714156875939697,"λ₂":1.1255915124395468,"a₁":0.09677460125231896,"a₂":0.5630203320930232,"b₁":0.3798336747354121},"^":{"γ":9.210340371976185,"b₂":-9.210340371976182,"λ₁":9.210340371976182,"λ₂":9.210340371976185,"a₁":-0.11433575218382686,"a₂":9.210340371976185,"b₁":-0.5275693965530746},">":{"γ":-4.415743094606256,"b₂":-3.596523758298402,"λ₁":9.210237372065711,"λ₂":3.4930410581586706,"a₁":-0.5216285064954889,"a₂":-0.8818659381046903,"b₁":-2.566688606237318}}},"pair0011":{"4":{"<":{"γ":-7.365953243936173,"b₂":-9.125758784352389,"λ₁":6.766084825977304,"λ₂":2.036145228189273,"a₁":-2.6286713532512938,"a₂":0.6999495682263444,"b₁":-0.4312871519623993},"^":{"γ":1.2029876632296634,"b₂":-0.14208547361874757,"λ₁":-2.011024340695518,"λ₂":-3.1200251139071993,"a₁":-0.47083900677127843,"a₂":0.44895817481824274,"b₁":-2.1684950606852116},">":{"γ":-2.69718600781741,"b₂":-5.758710381903963,"λ₁":-9.210340371976182,"λ₂":5.439749192845378,"a₁":-8.14924564330116,"a₂":-2.820405935786911,"b₁":-9.210340371976182}},"2":{"<":{"γ":-0.7614413217486575,"b₂":-0.8246109309072764,"λ₁":1.5604934638708858,"λ₂":-0.4013428329630724,"a₁":-0.49547147816308446,"a₂":0.09709197656863466,"b₁":-0.06290642987604755},"^":{"γ":0.9920961542092392,"b₂":0.9904133849357031,"λ₁":-1.0649954111709796,"λ₂":-1.639459569124175,"a₁":0.036822382788372465,"a₂":-0.6125994045977841,"b₁":-0.2880691063242189},">":{"γ":2.5055736684229224,"b₂":-2.3186939625202756,"λ₁":1.2989777564706682,"λ₂":-0.3645871919622845,"a₁":1.9520485287894456,"a₂":-0.08161742006393169,"b₁":1.5730220969022568}},"3":{"<":{"γ":2.2244380761640876,"b₂":-0.1470528287038313,"λ₁":0.10469018601587265,"λ₂":0.7302955141012415,"a₁":-0.7585839088791211,"a₂":-0.3905970910351826,"b₁":-1.4725887533478454},"^":{"γ":2.2310181931111703,"b₂":-1.2074925250874582,"λ₁":-0.8415291401252887,"λ₂":-1.2035782494573084,"a₁":0.1601275901457626,"a₂":0.9453987455320689,"b₁":-1.3283946663640274},">":{"γ":-9.210340371976182,"b₂":-9.210340371976182,"λ₁":-9.182167536248832,"λ₂":9.203530796086346,"a₁":0.9236736307865243,"a₂":-1.1737263964619657,"b₁":-9.210340371976182}},"5":{"<":{"γ":-1.0168265712335494,"b₂":-7.596562372276015,"λ₁":-0.3853397530297915,"λ₂":-0.30228902670688207,"a₁":-0.46448967484699644,"a₂":2.3420814294407695,"b₁":-4.7290916523897595},"^":{"γ":-9.20863871642297,"b₂":9.209619200269573,"λ₁":-9.208682434095326,"λ₂":9.209888131901073,"a₁":1.7992957580722369,"a₂":-9.208806151137697,"b₁":-9.080057579762249},">":{"γ":2.434850338983111,"b₂":-9.208548222733873,"λ₁":-9.165047862117452,"λ₂":6.118444915816973,"a₁":-0.8378102046328557,"a₂":-9.200111330756393,"b₁":-9.20839613568954}},"1":{"<":{"γ":-8.395670648029043,"b₂":-4.124942788363263,"λ₁":0.7663349243428677,"λ₂":0.002719992178780828,"a₁":9.082560582134965,"a₂":-2.9719823098945515,"b₁":9.133022471080162},"^":{"γ":-9.208103685964538,"b₂":9.20387242444468,"λ₁":9.210340371976182,"λ₂":9.210340371976185,"a₁":9.210340371976185,"a₂":9.202800525255844,"b₁":9.210340371976185},">":{"γ":1.7763568394002505e-15,"b₂":1.7763568394002505e-15,"λ₁":1.7763568394002505e-15,"λ₂":1.7763568394002505e-15,"a₁":1.7763568394002505e-15,"a₂":1.7763568394002505e-15,"b₁":1.7763568394002505e-15}}},"pair0013":{"4":{"<":{"γ":-1.2019518612219802,"b₂":-2.7479725713873453,"λ₁":-0.49733335417519875,"λ₂":-1.0869557053940877,"a₁":-0.3053988548483204,"a₂":0.019134320881285305,"b₁":0.25199170196914267},"^":{"γ":4.61213368551422,"b₂":-3.180121462592709,"λ₁":-3.0680297466037354,"λ₂":-2.855478056166202,"a₁":-0.20926512603619507,"a₂":-3.8773845593178446,"b₁":-3.144670729729185},">":{"γ":-0.8257002108213793,"b₂":-3.069353236284557,"λ₁":0.2579484512323944,"λ₂":-0.10294211366193196,"a₁":-0.35744588408328326,"a₂":0.030317901489787857,"b₁":-2.4763003750209256}},"2":{"<":{"γ":9.210340371976185,"b₂":-8.012289373649748,"λ₁":-1.6529083715474897,"λ₂":-0.05792329310830979,"a₁":-0.9883190946439679,"a₂":-1.342393375975652,"b₁":-3.9909011775263306},"^":{"γ":4.209920884296947,"b₂":-9.171659951789849,"λ₁":-1.5626924022658102,"λ₂":-0.5753732069494433,"a₁":0.30076517188185115,"a₂":9.205817368930068,"b₁":-1.399827530792698},">":{"γ":2.491358588677116,"b₂":-0.5703369831812743,"λ₁":-5.905900210684635,"λ₂":0.728761360673138,"a₁":-1.8517981686342733,"a₂":-0.32043379326371024,"b₁":-9.208499473827791}},"3":{"<":{"γ":1.4881593341323107,"b₂":-1.8069718767058065,"λ₁":-0.7887695373198174,"λ₂":-3.8125896473775303,"a₁":-0.15868311665276913,"a₂":0.4508306400416835,"b₁":0.26997083050564363},"^":{"γ":-2.988236851688611,"b₂":0.4932382143688194,"λ₁":-2.254030419059209,"λ₂":-2.466518543893854,"a₁":-1.6011618434956576,"a₂":8.480443539537463,"b₁":-3.9838544035607217},">":{"γ":-0.3862081947816538,"b₂":-1.2814203452841308,"λ₁":-2.3355979166041765,"λ₂":-0.36248321426500674,"a₁":-3.1934958968156897,"a₂":-0.5590410258074954,"b₁":-2.634736492758141}},"5":{"<":{"γ":2.530127124590095,"b₂":-2.864091020954392,"λ₁":-0.5608945868471924,"λ₂":-1.7211155564524185,"a₁":-0.655185571871586,"a₂":-0.15307613354233673,"b₁":-1.7502135007624702},"^":{"γ":1.7443273885935362,"b₂":7.535351888906947,"λ₁":-4.305041625772362,"λ₂":-4.035052309892207,"a₁":-1.9827247643791344,"a₂":-9.209580389434276,"b₁":-6.100163588769675},">":{"γ":-0.6805716032580342,"b₂":-0.1571325136129662,"λ₁":-2.912548829271537,"λ₂":0.15221736679026066,"a₁":0.6425716639785755,"a₂":0.08240909146578446,"b₁":-1.9611999692430953}},"1":{"<":{"γ":-1.3907581159264257,"b₂":-1.3192039794044055,"λ₁":7.65154973107555,"λ₂":0.2617878244148901,"a₁":-2.7792249357679326,"a₂":-1.3155600266078782,"b₁":-2.8650526203803057},"^":{"γ":-9.210340371976182,"b₂":-9.198044197233342,"λ₁":9.208698820839386,"λ₂":9.209212843466466,"a₁":0.06435186008170746,"a₂":-9.209517639718966,"b₁":-0.31428499508326624},">":{"γ":0.445933255932232,"b₂":-0.9970742931335046,"λ₁":-0.41763552726082764,