{"likelihoods":{"pair0085":{"4":{"<":2672.8769604389527,"^":2392.865813274252,">":2708.430676719582},"2":{"<":0.0,"^":2738.124725562844,">":2694.560506818719},"3":{"<":2685.4185380033005,"^":2683.342961493832,">":2672.79272470098},"5":{"<":2691.9280711539295,"^":2398.0005823704205,">":2675.059488982305},"1":{"<":2770.434939198865,"^":2829.7549503912714,">":2766.634067459673}},"pair0082":{"4":{"<":836.0929746601759,"^":814.7384111424673,">":845.4739396677877},"2":{"<":829.3384155290794,"^":855.7672646754263,">":831.1949241662919},"3":{"<":837.9137370373836,"^":0.0,">":821.6116922448708},"5":{"<":848.6265627239934,"^":823.2198163923342,">":833.6362276393533},"1":{"<":894.9725299891658,"^":1040.8039215292915,">":894.0294254517314}},"pair0083":{"4":{"<":672.3870924740198,"^":693.1754610069859,">":712.2519984053788},"2":{"<":682.6340849304073,"^":771.006439549343,">":683.4875100994503},"3":{"<":698.4740671772042,"^":703.4321575724877,">":667.0703110285866},"5":{"<":733.9529347515936,"^":674.9695506094713,">":689.7336332664679},"1":{"<":790.6407239692546,"^":1034.8256765050771,">":788.1750982348727}},"pair0084":{"4":{"<":1446.62171272203,"^":5716.320992586021,">":1426.418794872906},"2":{"<":1511.9926327193577,"^":0.0,">":1484.8637033701666},"3":{"<":1406.499441172976,"^":6590.534450688786,">":1409.8070620028993},"5":{"<":1451.8840357410654,"^":5012.938564543997,">":1567.7179605653498},"1":{"<":1713.7337470829136,"^":8804.696106560314,">":1704.4296523509267}},"pair0081":{"4":{"<":909.1330247090747,"^":919.4925657117369,">":915.684823955944},"2":{"<":905.5347129683671,"^":0.0,">":909.6412277593843},"3":{"<":910.0136964887664,"^":933.9513290027396,">":910.1793461968081},"5":{"<":921.6834365169663,"^":924.9336679033297,">":909.5683306851615},"1":{"<":923.4084730254858,"^":1040.8441643665312,">":920.3913122915178}}}}