{"parameters":{"pair0085":{"4":{"<":{"γ":1.2491926248737393,"b₂":1.6737982076804876,"λ₁":-4.120669809618086,"λ₂":4.6956856254533506,"a₁":-0.1567533348171981,"a₂":1.4890899254457626,"b₁":-0.6749489447817307},"^":{"γ":-13.813406158530393,"b₂":-13.812767014154462,"λ₁":-13.813001860841714,"λ₂":13.815358743020678,"a₁":-3.87016623250784,"a₂":13.814994521667145,"b₁":-13.815510557964274},">":{"γ":0.0,"b₂":0.0,"λ₁":0.0,"λ₂":0.0,"a₁":0.0,"a₂":0.0,"b₁":0.0}},"2":{"<":{"γ":0.0,"b₂":0.0,"λ₁":0.0,"λ₂":0.0,"a₁":0.0,"a₂":0.0,"b₁":0.0},"^":{"γ":0.6261184774173003,"b₂":0.34811837813667523,"λ₁":-0.6479824466782222,"λ₂":-0.2689368091633728,"a₁":0.01598080565369564,"a₂":1.356421933597174,"b₁":-1.4421077630982104},">":{"γ":13.698818909117431,"b₂":0.5204981246176477,"λ₁":-1.3176133791902895,"λ₂":2.242190957577545,"a₁":0.7929938191292099,"a₂":0.6778921203226975,"b₁":-0.7310327736463176}},"3":{"<":{"γ":-0.23961501375324268,"b₂":-0.47723220524702903,"λ₁":-0.4208295325893392,"λ₂":0.6612096992376344,"a₁":-0.06017635162935875,"a₂":0.5156108984972168,"b₁":-0.2386477012106809},"^":{"γ":1.412030443230174,"b₂":0.0030893298010497006,"λ₁":-2.883497360095058,"λ₂":0.42390570091916757,"a₁":0.015944250685187455,"a₂":0.03600601259750924,"b₁":-1.5528756692491577},">":{"γ":1.271194332789051,"b₂":-1.1170613811759278,"λ₁":-7.846802102793343,"λ₂":2.514731752500584,"a₁":1.7647728891340009,"a₂":0.04643103948933103,"b₁":-0.356706709528833}},"5":{"<":{"γ":8.256732894211154,"b₂":-1.6724084731800701,"λ₁":-11.967860716429884,"λ₂":3.538746228267712,"a₁":3.7674849524400464,"a₂":-4.318127342142192,"b₁":0.7642958187150501},"^":{"γ":-13.815510557964274,"b₂":-13.815510557964274,"λ₁":-13.815510557964274,"λ₂":13.81551055796427,"a₁":-3.8039721277175644,"a₂":13.815510557964274,"b₁":-13.815510557964274},">":{"γ":0.7619558012210668,"b₂":-0.528292287901948,"λ₁":-2.4897057171877837,"λ₂":0.04182649157779217,"a₁":0.46721243270881807,"a₂":0.20463953680576807,"b₁":-5.001634724678391}},"1":{"<":{"γ":1.2398366995194117,"b₂":-0.08087385879235676,"λ₁":-0.6138526170551746,"λ₂":1.8971842890408297,"a₁":-1.3526143950477678,"a₂":-0.0011913069850848501,"b₁":0.01249507792397786},"^":{"γ":-2.0658494335204214,"b₂":-2.491797232811928,"λ₁":1.1226378875857446,"λ₂":8.728287882683972,"a₁":0.17093706132669517,"a₂":4.0389045051122245,"b₁":-0.7555518091760423},">":{"γ":-3.7218998823906997,"b₂":0.17019018898803928,"λ₁":6.405373995228203,"λ₂":2.029564794631092,"a₁":-0.9316738059367928,"a₂":-0.06001702637432338,"b₁":-2.055120500632084}}},"pair0082":{"4":{"<":{"γ":-4.073512582532926,"b₂":-1.2972900660464646,"λ₁":-0.4986225439163672,"λ₂":0.14431236636240108,"a₁":0.3399967870508327,"a₂":0.07963347619180539,"b₁":0.8020619378415415},"^":{"γ":3.506787762588665,"b₂":4.0616579725457065,"λ₁":-1.6903130808516664,"λ₂":-2.867015410132675,"a₁":0.5504697450659428,"a₂":-2.5675373203423835,"b₁":-1.1445822814291642},">":{"γ":0.0,"b₂":0.0,"λ₁":0.0,"λ₂":0.0,"a₁":0.0,"a₂":0.0,"b₁":0.0}},"2":{"<":{"γ":-3.629560735211305,"b₂":-2.832986839445873,"λ₁":-1.2428017132082765,"λ₂":-1.764508352157307,"a₁":-1.1474944866205448,"a₂":-0.18256040085458025,"b₁":-2.164871928487635},"^":{"γ":1.5553462867312042,"b₂":-13.815510557964274,"λ₁":-0.8704466612777644,"λ₂":-1.6160347721243458,"a₁":-0.4003804209530415,"a₂":13.815510557964274,"b₁":-2.2154726591522547},">":{"γ":1.046837280942384,"b₂":-0.15759969885304947,"λ₁":-0.12081578779345925,"λ₂":-0.2573007908430185,"a₁":-0.3499481482779583,"a₂":0.8464104790631986,"b₁":-1.7388172672872795}},"3":{"<":{"γ":0.041168170273698124,"b₂":-0.09727743496508623,"λ₁":0.364386329973442,"λ₂":-1.1212360987036174,"a₁":-0.11182170632264565,"a₂":-1.0439549093194032,"b₁":-2.8718989357828164},"^":{"γ":0.0,"b₂":0.0,"λ₁":0.0,"λ₂":0.0,"a₁":0.0,"a₂":0.0,"b₁":0.0},">":{"γ":9.39410705895892,"b₂":-0.26936600265121236,"λ₁":-5.088809091645992,"λ₂":0.0038503055182168566,"a₁":1.3075484815467906,"a₂":1.0908204320745298,"b₁":0.011163367117060119}},"5":{"<":{"γ":-0.004437105945751085,"b₂":-0.0026286362777909744,"λ₁":-0.35069969562848335,"λ₂":-0.018413166851974694,"a₁":0.028835280871573943,"a₂":0.019179234226852415,"b₁":-0.020862351953272906},"^":{"γ":-2.0363232596394507,"b₂":3.076224518457373,"λ₁":-0.42588407135546547,"λ₂":0.10117283776096464,"a₁":-0.05347108033308956,"a₂":-0.206259785778661,"b₁":-1.6420048645446652},">":{"γ":2.030546057245582,"b₂":-2.5554234314998787,"λ₁":-3.200464895332553,"λ₂":-0.7414204694942459,"a₁":0.9038601658448826,"a₂":-1.2693837478788108,"b₁":-1.4106976736714998}},"1":{"<":{"γ":2.245552116065742,"b₂":0.09473452843719876,"λ₁":3.8982559303154574,"λ₂":0.5145135297860595,"a₁":-0.025026956272371947,"a₂":-0.028413949621166168,"b₁":0.23649819347472878},"^":{"γ":13.815031052627234,"b₂":-13.812960717073715,"λ₁":3.9341607833779975,"λ₂":13.815042048487495,"a₁":0.47288253592644125,"a₂":-13.812737766859515,"b₁":0.22663125285268038},">":{"γ":-0.6654126747128526,"b₂":0.16390881953351055,"λ₁":3.4966255737139385,"λ₂":0.44959748424089874,"a₁":-0.23112517289610324,"a₂":1.1067291181897652,"b₁":0.18401320163895107}}},"pair0083":{"4":{"<":{"γ":-0.0687799636838875,"b₂":-2.464388060266563,"λ₁":-1.6454495309993469,"λ₂":-1.5567940028110065,"a₁":0.11745765755496684,"a₂":1.1044633969444515,"b₁":-0.1655394466669442},"^":{"γ":13.815510557964274,"b₂":-13.815510557964274,"λ₁":-2.26291016469464,"λ₂":-3.439786772982968,"a₁":-3.2563166507195316,"a₂":-13.815510557964274,"b₁":-7.1398641890036805},">":{"γ":3.918503612287143,"b₂":-5.067407951964114,"λ₁":-3.979366130752192,"λ₂":-1.9918529747234075,"a₁":-5.49623033771554,"a₂":-7.2768981029550615,"b₁":-13.814731436583745}},"2":{"<":{"γ":2.730511286858043,"b₂":-3.8780643758774893,"λ₁":-0.3870898098523696,"λ₂":-1.5889229617939638,"a₁":-3.4830566371211322,"a₂":-0.23113790498232056,"b₁":-5.02285280433531},"^":{"γ":13.814862579884164,"b₂":6.607444231530575,"λ₁":-0.7790760267696424,"λ₂":-2.2962951097740802,"a₁":-0.03529916673040567,"a₂":-6.443472983659079,"b₁":-2.164925747900625},">":{"γ":-0.03861506085234012,"b₂":-5.839083537172555,"λ₁":-3.342930703921297,"λ₂":-1.4340433157562575,"a₁":0.5840724352250319,"a₂":0.03467181574148981,"b₁":0.2352609900608602}},"3":{"<":{"γ":2.674547578773673,"b₂":-0.7017347145408817,"λ₁":-1.5258505083339706,"λ₂":-2.533182388884816,"a₁":-1.4684036103487177,"a₂":-0.0062110119714624545,"b₁":-1.2034515595412039},"^":{"γ":5.294134653914973,"b₂":-3.8767751592254367,"λ₁":-1.626177876495687,"λ₂":-4.558952057515198,"a₁":-0.2614467173446826,"a₂":-0.4260766309205781,"b₁":-2.8566996150724844},">":{"γ":2.1475845999601404,"b₂":-8.300387451547653,"λ₁":-2.102731821585083,"λ₂":-1.971883334651496,"a₁":-1.4046558613320475,"a₂":-2.1749705295785837,"b₁":-7.046084075051413}},"5":{"<":{"γ":0.0,"b₂":0.0,"λ₁":0.0,"λ₂":0.0,"a₁":0.0,"a₂":0.0,"b₁":0.0},"^":{"γ":8.152751209039302,"b₂":13.747302087416678,"λ₁":-1.2102815317822877,"λ₂":-3.8040552876680884,"a₁":-0.6005454891911644,"a₂":11.432310442706186,"b₁":-3.684116859289057},">":{"γ":-1.719829162866752,"b₂":-1.7738141813468804,"λ₁":0.4906231475225873,"λ₂":-3.6085903354923694,"a₁":-0.311347365178424,"a₂":1.1887878488785262,"b₁":0.42170464467491264}},"1":{"<":{"γ":0.13554378155408742,"b₂":0.01541404730466489,"λ₁":0.04714929903860998,"λ₂":-0.1506829472533724,"a₁":0.4885134561035738,"a₂":-0.01571972602432048,"b₁":0.1654027576753201},"^":{"γ":13.815510557964274,"b₂":-0.3134061251675071,"λ₁":13.815510557964274,"λ₂":13.814979513450016,"a₁":13.815510557964274,"a₂":13.815141440901613,"b₁":13.815510557964274},">":{"γ":1.0819177893026044,"b₂":0.08106653842485123,"λ₁":5.534674983987614,"λ₂":0.027578111253632187,"a₁":-0.04317473821628148,"a₂":0.1916068223641627,"b₁":0.021197716577681547}}},"pair0084":{"4":{"<":{"γ":0.9267559475990392,"b₂":-10.13804270075272,"λ₁":0.004545403681881055,"λ₂":-3.3355015329604996,"a₁":-3.0720324715103864,"a₂":-5.688648542935175,"b₁":-10.610391937680943},"^":{"γ":-0.6616704787940026,"b₂":-2.772225328668032,"λ₁":-1.6041965265621396,"λ₂":-1.1051909590639912,"a₁":0.3691699946739533,"a₂":0.5845262844185495,"b₁":-2.067820635817368},">":{"γ":0.37525660129758265,