{"likelihoods":{"pair0007":{"<":1413.2484084163264,"^":2441.595561605371,">":2334.234003388302},"pair0009":{"<":2125.0050431104564,"^":2037.7658161133718,">":2356.3713879187217},"pair0010":{"<":2328.2086303636956,"^":2382.6032697476626,">":2277.9077419721652},"pair0006":{"<":2280.9446466377417,"^":1973.8307919936265,">":2387.231671204832},"pair0008":{"<":1791.6792190941192,"^":1975.3105556793405,">":1914.3134683756327}}}