{"parameters":{"pair0007":{"<":{"γ":-8.438430950451764,"b₂":-9.206052326841194,"λ₁":-8.33645922399603,"λ₂":0.4517469890046719,"a₁":-7.929101388630559,"a₂":-4.830606815639661,"b₁":-8.567327160479078},"^":{"γ":2.415415004242769,"b₂":-2.851737977936069,"λ₁":-0.8058586008795903,"λ₂":-3.0748044744778475,"a₁":-0.013139288513913883,"a₂":0.04102065456772941,"b₁":-2.181262839369915},">":{"γ":-9.209355241778079,"b₂":7.496079084773198,"λ₁":-9.208799207321542,"λ₂":-0.9438477079215986,"a₁":-9.208612811124352,"a₂":9.20963581406208,"b₁":-9.208781036364174}},"pair0009":{"<":{"γ":2.2054143648653213,"b₂":-2.4248444512118175,"λ₁":-5.534016169667009,"λ₂":8.138420601131413,"a₁":-9.195994085512488,"a₂":-9.207321680646714,"b₁":-9.20709417844607},"^":{"γ":-8.013191427446413,"b₂":3.5309329362571518,"λ₁":-9.195500703412714,"λ₂":5.146054634050946,"a₁":-2.0147581665076038,"a₂":3.780759513566464,"b₁":-9.204785522604128},">":{"γ":-4.9519116206173415,"b₂":-0.6970140135510103,"λ₁":-3.0230328444313948,"λ₂":5.265611212910876,"a₁":-6.962689950431606,"a₂":-7.331479443186425,"b₁":-5.252932356442564}},"pair0010":{"<":{"γ":-8.744632953244155,"b₂":1.7612382430558498,"λ₁":-9.188285639882883,"λ₂":0.668035605305505,"a₁":-8.127543934722357,"a₂":-9.20219478953058,"b₁":-7.302312722841869},"^":{"γ":-7.593861127716542,"b₂":9.210245905165218,"λ₁":-9.2087625183729,"λ₂":9.209511252328744,"a₁":-1.7450939014790645,"a₂":9.210230515361728,"b₁":-9.208520777422551},">":{"γ":-9.15398561161319,"b₂":9.166858149748252,"λ₁":-9.159385679082433,"λ₂":-9.189295958559132,"a₁":-4.383391414521901,"a₂":9.210340371976185,"b₁":-9.210340371976182}},"pair0006":{"<":{"γ":-0.3309485680595472,"b₂":-0.46352536989776993,"λ₁":3.4398774863091166,"λ₂":-9.208834005091859,"a₁":-2.363418768494099,"a₂":-9.208546780554503,"b₁":-9.208538888409974},"^":{"γ":-1.0223805298620938,"b₂":-9.19191807481462,"λ₁":-9.187999480892357,"λ₂":-0.0640572427511934,"a₁":2.9849028219129323,"a₂":-7.6423343226991856,"b₁":-9.200686515918761},">":{"γ":1.7763568394002505e-15,"b₂":1.7763568394002505e-15,"λ₁":1.7763568394002505e-15,"λ₂":1.7763568394002505e-15,"a₁":1.7763568394002505e-15,"a₂":1.7763568394002505e-15,"b₁":1.7763568394002505e-15}},"pair0008":{"<":{"γ":3.0632574746070222,"b₂":-8.63092486023382,"λ₁":-2.1822165889852956,"λ₂":-2.6312436537943134,"a₁":0.4859345943250446,"a₂":-4.448716213594618,"b₁":-9.202026817564935},"^":{"γ":1.1687337656186028,"b₂":0.5862166727477476,"λ₁":-2.764949471278059,"λ₂":1.5178247163447764,"a₁":-0.9222647702604103,"a₂":-2.5354728076463617,"b₁":-8.352802772796318},">":{"γ":-4.303236964295267,"b₂":-5.124510055386983,"λ₁":-5.937033089430194,"λ₂":2.5958341755820875,"a₁":-8.998187134644988,"a₂":-4.25330845479764,"b₁":-9.210340371976182}}}}