{"likelihoods":{"pair0061":{"4":{"<":526.4937307317053,"^":525.6205621113197,">":529.2880142959052},"2":{"<":519.8980883174326,"^":529.7471620932843,">":518.1737990674253},"3":{"<":528.3007911253716,"^":0.0,">":521.9949887822578},"5":{"<":536.2215837613015,"^":527.3841847861968,">":530.1122092225462},"1":{"<":543.8551798131394,"^":543.8739361133621,">":543.0757977990074}},"pair0058":{"4":{"<":515.9958169379701,"^":507.8628713858211,">":510.1241936830513},"2":{"<":503.4531869797706,"^":505.6393587204802,">":502.28210114551996},"3":{"<":509.89212162469784,"^":507.73413008648595,">":507.85771542732306},"5":{"<":525.7971565745715,"^":511.77858739162303,">":510.42091011429744},"1":{"<":538.6981392321272,"^":550.5842019469782,">":538.9724221576381}},"pair0060":{"4":{"<":525.0328146858228,"^":520.9652228118994,">":522.7823473553284},"2":{"<":0.0,"^":516.9725457262242,">":513.2472394697263},"3":{"<":524.351337350062,"^":515.0222607513473,">":519.9717169313717},"5":{"<":523.645040810654,"^":523.5914192299421,">":532.318794102458},"1":{"<":545.3645795150421,"^":548.1747769186779,">":538.8135823543695}},"pair0062":{"4":{"<":532.7029217812951,"^":523.1915411727861,">":528.9631247600497},"2":{"<":518.9580800205962,"^":517.6359165855905,">":518.0443999301588},"3":{"<":524.4360128239399,"^":521.5861444762023,">":528.5976329318199},"5":{"<":536.0975362464018,"^":0.0,">":534.9244758629903},"1":{"<":543.2228981402809,"^":0.0,">":540.7399197953113}},"pair0063":{"4":{"<":531.5807192912324,"^":516.6467197640025,">":530.6839915817527},"2":{"<":516.8271064246638,"^":515.5035774924157,">":522.4388636670355},"3":{"<":529.147465968486,"^":515.0766204243299,">":525.0269065858042},"5":{"<":527.1630272406014,"^":525.3383612741849,">":533.8108882063219},"1":{"<":541.7154998868405,"^":551.3273196301003,">":541.89433287835}},"pair0051":{"4":{"<":1016.3350463542552,"^":1012.2892815219627,">":1010.73772472147},"2":{"<":1002.7947535068304,"^":1008.2656278404927,">":1011.0830623377299},"3":{"<":1013.1059967640546,"^":1010.9285370418961,">":1009.1800329779713},"5":{"<":1014.7691623287196,"^":1040.545009372627,">":1016.1745038108055},"1":{"<":1019.2917346462173,"^":0.0,">":1019.5554410534812}},"pair0059":{"4":{"<":509.9640475214949,"^":520.3864738501136,">":527.2105474531724},"2":{"<":509.74012164495673,"^":509.0152967157771,">":505.1803737731298},"3":{"<":0.0,"^":510.8444980972893,">":511.586279408522},"5":{"<":517.104439362183,"^":509.65937207199613,">":0.0},"1":{"<":541.8982476902014,"^":548.7960081481328,">":539.6705452041133}},"pair0057":{"4":{"<":517.853237273821,"^":508.70387244836564,">":511.096987772778},"2":{"<":502.28518594063485,"^":508.23483428514237,">":506.25476509117266},"3":{"<":513.7464590916087,"^":502.8039055162786,">":512.300072832897},"5":{"<":521.6774509631288,"^":511.66189795799556,">":516.3127409713502},"1":{"<":539.0390374398821,"^":546.3862785553407,">":539.5309516025732}},"pair0056":{"4":{"<":502.980596122031,"^":0.0,">":503.13240371800595},"2":{"<":490.74733115605903,"^":497.94804991363367,">":495.9133088376456},"3":{"<":498.95113547404907,"^":495.13057677657065,">":503.8983035003976},"5":{"<":507.7165336364467,"^":507.12795779181295,">":505.71997867689663},"1":{"<":537.3935076899786,"^":548.3253601069202,">":535.0995474992703}},"pair0064":{"4":{"<":280.5099487376075,"^":188.88832351931384,">":250.61048883805833},"2":{"<":301.92854353982165,"^":0.0,">":299.5599713701245},"3":{"<":328.80299218496356,"^":286.67260115363183,">":297.2540305153292},"5":{"<":336.83058161405825,"^":175.3887196529828,">":329.79112537679725},"1":{"<":389.7393794042523,"^":0.0,">":385.30659192580873}}}}