{"likelihoods":{"pair0015":{"4":{"<":807.7343825597998,"^":806.5553864035222,">":804.9153157238878},"2":{"<":806.3424739560655,"^":903.7798995499023,">":809.0347543583697},"3":{"<":808.2311326137161,"^":844.2280528194793,">":800.0008177453642},"5":{"<":809.0982949955811,"^":827.2263738443736,">":829.3522588272158},"1":{"<":818.69148499844,"^":1111.5070036820955,">":884.8837366368356}},"pair0017":{"4":{"<":892.2573599156876,"^":924.3355406247534,">":941.8059804847974},"2":{"<":1387.6088359350902,"^":1377.5862848478807,">":1384.9316157020373},"3":{"<":990.6370506392335,"^":1008.1518005817816,">":1001.546465398146},"5":{"<":829.0211086387955,"^":834.7616278368534,">":842.2565617270019},"1":{"<":2828.6911482361866,"^":2837.023769800426,">":2841.28429400044}},"pair0016":{"4":{"<":953.1407428193268,"^":947.0304139952999,">":939.779634705974},"2":{"<":941.7133985176649,"^":970.513774700964,">":935.1836926216967},"3":{"<":943.4998970468769,"^":949.0348090817887,">":940.7391440247758},"5":{"<":953.2897313883149,"^":947.8034588371676,">":951.4798691897076},"1":{"<":974.9490577656195,"^":1119.997918606461,">":1000.5860628045609}},"pair0020":{"4":{"<":866.843876019317,"^":882.2018142847618,">":846.7440962196765},"2":{"<":903.5225064739443,"^":904.3968968005101,">":883.6023556424617},"3":{"<":869.7656987234307,"^":885.7212909371386,">":855.3625261816629},"5":{"<":865.1841123517141,"^":863.8696662950636,">":865.9288393189527},"1":{"<":993.1375318108285,"^":994.1910128014266,">":982.6205675063053}},"pair0019":{"4":{"<":333.07237807316926,"^":317.24275162547866,">":328.6698195764863},"2":{"<":330.2533488388307,"^":330.8129521579863,">":327.634775060556},"3":{"<":336.46694702283094,"^":323.1381315264112,">":332.15657510744904},"5":{"<":349.0732887027582,"^":329.3596346169,">":326.1952258731741},"1":{"<":397.5336663412503,"^":549.5750624621272,">":416.71779432187435}},"pair0018":{"4":{"<":525.2100218810488,"^":552.248291124826,">":530.6543162322463},"2":{"<":542.572277973746,"^":646.2381763476243,">":565.8347563781797},"3":{"<":528.8671984364004,"^":577.4364822164362,">":538.5833078374144},"5":{"<":524.8478561686399,"^":534.5849141147057,">":535.4432108752106},"1":{"<":690.4722201229615,"^":892.4867686960918,">":718.2538724602293}}}}