{"parameters":{"pair0015":{"4":{"<":{"γ":-1.5951842838270016,"b₂":-3.2051163808122434,"λ₁":-1.3712378000301655,"λ₂":-0.6562847091523558,"a₁":0.20731950365107465,"a₂":0.14746427132367224,"b₁":0.3406076808100025},"^":{"γ":4.333392171598424,"b₂":9.210340371976185,"λ₁":-1.9150641942604851,"λ₂":-1.1022324089833049,"a₁":0.41373457394070456,"a₂":8.562441982699257,"b₁":-1.8975265078448293},">":{"γ":9.210340371976185,"b₂":-3.0630943493915783,"λ₁":-2.2855853139810254,"λ₂":-0.23921823066348402,"a₁":-1.777689984908414,"a₂":-0.5388535263656244,"b₁":-4.377785447059111}},"2":{"<":{"γ":1.0217774853481068,"b₂":0.2261595231855278,"λ₁":0.05615367638673696,"λ₂":-0.31904120159431315,"a₁":0.8489330255953504,"a₂":0.4761065294580096,"b₁":0.08917605570276166},"^":{"γ":4.9810748333244135,"b₂":9.210298094234679,"λ₁":-1.1108635413421695,"λ₂":-1.5230772549534892,"a₁":-2.036001914242842,"a₂":-1.4401688073719257,"b₁":-2.924091146155839},">":{"γ":-0.30444270254332295,"b₂":-3.087846256163348,"λ₁":-0.10985509760724455,"λ₂":0.37384784555303874,"a₁":-0.335088988594773,"a₂":-0.9451147560489179,"b₁":0.011119187507727446}},"3":{"<":{"γ":3.0467401421579225,"b₂":-6.38609877982575,"λ₁":-1.7640674697986753,"λ₂":-1.3530568488010548,"a₁":7.797787481254494,"a₂":-2.436372981318967,"b₁":6.217522593933584},"^":{"γ":2.8353419156877298,"b₂":-0.2005636323955322,"λ₁":-1.3029424339480684,"λ₂":-1.3971448605262893,"a₁":-0.9062062756376665,"a₂":3.6732158841153577,"b₁":-3.2068699025723157},">":{"γ":7.208252459684344,"b₂":-2.1703597566806847,"λ₁":-2.128971029623676,"λ₂":-0.1670513767977866,"a₁":-0.12919348512662943,"a₂":-0.15547304815182805,"b₁":-3.4080532058745447}},"5":{"<":{"γ":-2.3434356234601594,"b₂":-1.2962778217992845,"λ₁":-0.3161689308001723,"λ₂":0.2824536717153716,"a₁":0.7280082171069857,"a₂":-0.5336165726990725,"b₁":-0.18865753078630476},"^":{"γ":9.156913370400398,"b₂":-9.201945177045468,"λ₁":-3.417993472462035,"λ₂":-3.69906481562335,"a₁":-1.8689118418269315,"a₂":9.205903351230363,"b₁":-8.691642606734533},">":{"γ":0.9913413104263729,"b₂":-7.9610667431788755,"λ₁":-1.5919376141639656,"λ₂":-0.11598197966629975,"a₁":7.677805237988581,"a₂":-5.125176544440283,"b₁":5.730178185206428}},"1":{"<":{"γ":0.0732716879473756,"b₂":-0.6834088215111702,"λ₁":2.931981555527992,"λ₂":-0.10779657683607091,"a₁":0.07652766631844088,"a₂":0.07638497086156448,"b₁":-0.22677916195035408},"^":{"γ":8.230497867256853,"b₂":9.203057480385015,"λ₁":9.182355707185893,"λ₂":9.16768229095336,"a₁":9.210340371976185,"a₂":9.197389429065323,"b₁":9.210340371976185},">":{"γ":-0.33248194358999683,"b₂":-0.5330829086572582,"λ₁":9.209602512592861,"λ₂":0.10409986593650622,"a₁":-1.3031978212722768,"a₂":0.48694361404203335,"b₁":-0.4957012468805466}}},"pair0017":{"4":{"<":{"γ":-0.6894762603207347,"b₂":0.7615857482995043,"λ₁":-9.20766734577751,"λ₂":2.892791049636882,"a₁":-1.1599034639075487,"a₂":0.9282171758658766,"b₁":-8.222184439543579},"^":{"γ":-0.6092742286789559,"b₂":-3.0756072837733566,"λ₁":-0.17289834080045097,"λ₂":-3.289634924328796,"a₁":-9.167292748852379,"a₂":8.749823353377375,"b₁":-9.184108857558476},">":{"γ":-9.200380966068286,"b₂":-9.07914186917539,"λ₁":-7.383324134985549,"λ₂":-2.5017136650170206,"a₁":0.7917541946375142,"a₂":-3.242543403982463,"b₁":0.7389591863354994}},"2":{"<":{"γ":0.002164869322463403,"b₂":-1.0135769336986975,"λ₁":-3.342126381185458,"λ₂":0.30100028158576286,"a₁":-0.23164829610178828,"a₂":-2.0886167824534096,"b₁":-3.484375395085933},"^":{"γ":0.7556658102155982,"b₂":-6.039955360716477,"λ₁":2.3899975135903144,"λ₂":-1.6235142268471394,"a₁":-1.7720655812704251,"a₂":6.5624923467600915,"b₁":-5.917288230139835},">":{"γ":0.0067981135734935805,"b₂":-4.0138734347969605,"λ₁":2.474266997878358,"λ₂":-0.2605357088705418,"a₁":-0.5433463081107277,"a₂":-0.5217379163037474,"b₁":-1.4665620327087403}},"3":{"<":{"γ":1.5473369110949413,"b₂":-9.205789135952047,"λ₁":-7.619014557274958,"λ₂":3.4516864614359513,"a₁":-5.796427051159368,"a₂":-3.582698739542317,"b₁":-7.754001539340744},"^":{"γ":-5.702897430093838,"b₂":9.195922222612525,"λ₁":9.210340371976185,"λ₂":-3.5797286943238023,"a₁":-3.7736793308527243,"a₂":9.133680723825089,"b₁":-9.210340371976182},">":{"γ":0.9978179730150885,"b₂":-8.793326430863864,"λ₁":3.1406179900225624,"λ₂":-1.7774143310443078,"a₁":-0.6656185745880006,"a₂":-0.820294603988577,"b₁":-0.000837137629343232}},"5":{"<":{"γ":-0.2566103613931645,"b₂":-9.19119492225238,"λ₁":-4.45953066232373,"λ₂":-2.555939280662739,"a₁":-2.9210434425974565,"a₂":-1.7975939610858216,"b₁":-8.380154976872502},"^":{"γ":-0.469510704713624,"b₂":-5.120164462492038,"λ₁":1.1744447235944726,"λ₂":-9.076525961362131,"a₁":-7.881115751266988,"a₂":8.952882374648064,"b₁":-9.201581415494468},">":{"γ":-2.063948307903094,"b₂":-9.186492125216587,"λ₁":2.2128164713963,"λ₂":-4.201622940379008,"a₁":-2.4152359988183125,"a₂":-1.7254977424958096,"b₁":-2.3586676751830558}},"1":{"<":{"γ":1.8787595119089016,"b₂":0.0905659376377308,"λ₁":0.45513476020558663,"λ₂":1.1485267560159578,"a₁":-0.3858371166897445,"a₂":0.3518661221760393,"b₁":-0.7132828316790629},"^":{"γ":2.34886419580487,"b₂":9.203009213138236,"λ₁":9.20875820484502,"λ₂":9.155536085724075,"a₁":9.210340371976185,"a₂":-9.206081467894043,"b₁":9.210340371976185},">":{"γ":0.5508477517741994,"b₂":-0.4867755267235996,"λ₁":2.2426604121084797,"λ₂":5.636860386017812,"a₁":0.45173449274022737,"a₂":-1.068159021451553,"b₁":0.2787143161496122}}},"pair0016":{"4":{"<":{"γ":-1.3536401626679302,"b₂":0.3149445294980264,"λ₁":-0.09769829406914887,"λ₂":0.8230815782776819,"a₁":0.6157746571173117,"a₂":-0.30249655891956984,"b₁":0.11578515653754629},"^":{"γ":0.808732161531724,"b₂":3.2455286595830906,"λ₁":-1.3905750803336883,"λ₂":-0.9823599435894597,"a₁":0.06748778921566334,"a₂":0.01169489868737017,"b₁":-0.25903621625208295},">":{"γ":2.8166920046435493,"b₂":-1.164297293429943,"λ₁":-0.046159126154298846,"λ₂":1.6120853684056993,"a₁":1.4269786236286013,"a₂":0.13424592808471836,"b₁":-0.6183310325367817}},"2":{"<":{"γ":1.7763568394002505e-15,"b₂":1.7763568394002505e-15,"λ₁":1.7763568394002505e-15,"λ₂":1.7763568394002505e-15,"a₁":1.7763568394002505e-15,"a₂":1.7763568394002505e-15,"b₁":1.7763568394002505e-15},"^":{"γ":0.9974628911375945,"b₂":1.2218670954902446,"λ₁":-0.4633857815189941,"λ₂":-0.7031506766743902,"a₁":-0.026564957371677522,"a₂":0.09761293066022603,"b₁":-0.7722514956121191},">":{"γ":1.001998724404391,"b₂":0.057161439574571205,"λ₁":0.09486231147018742,"λ₂":1.703966176024327,"a₁":-0.24156175922231782,"a₂":0.009497649967356026,"b₁":0.27650133617975214}},"3":{"<":{"γ":0.46998173951603306,"b₂":-1.995848726398826,"λ₁":-3.6331269538839575,"λ₂":0.010217860796611689,"a₁":0.016551533188795986,"a₂":0.2278015971236247,"b₁":-0.46233813576999694},"^":{"γ":0.9456145566815657,"b₂":-0.7659627330874521,"λ₁":-1.5992831806749237,"λ₂":-0.5243249645311892,"a₁":0.2685759083582884,"a₂":0.5600252894384017,"b₁":-1.2096408073859681},">":{"γ":-1.6627767463135061,"b₂":0.980205476261899,"λ₁":0.5716787475148255,"λ₂":1.540319364941741,"a₁":-0.13720609780434323,"a₂":0.46270043532360994,"b₁":0.13232478604416897}},"5":{"<":{"γ":-0.9038182492654467,"b₂":-0.18946613449764627,"λ₁":-0.35971591488946686,"λ₂":-0.19913316612355203,"a₁":-0.23027361391866918,"a₂":-0.05704217457848593,"b₁":-0.20836143418350694},"^":{"γ":0.408770707033419,"b₂":3.434149779451909,"λ₁":-1.4332480423506322,"λ₂":-3.1326229054602495,"a₁":0.011717090042470346,"a₂":-7.467696902915369,"b₁":-1.3384048329163916},">":{"γ":-1.3731040369984022,"b₂":0.6858141208641015,"λ₁":0.169956892584473,"λ₂":-1.0190341844655144,"a₁":-0.06783121382400736,"a₂":-0.9166026911646181,"b₁":-0.5417035294137182}},"1":{"<":{"γ":1.7763568394002505e-15,"b₂":1.7763568394002505e-15,"λ₁":1.7763568394002505e-15,"λ₂":1.7763568394002505e-15,"a₁":1.7763568394002505e-15,"a₂":1.7763568394002505e-15,"b₁":1.7763568394002505e-15},"^":{"γ":9.204276710188518,"b₂":-9.207918947782632,"λ₁":0.2429891053099933,"λ₂":9.210340371976185,"a₁":0.16425825650121517,"a₂":-9.181356254439777,"b₁":-0.4927138215854967},">":{"γ":-8.002380213339512,"b₂":0.1626489612312767,