{"likelihoods":{"pair0085":{"<":2454.7758326800463,"^":2522.7971718363615,">":2486.0338193939842},"pair0082":{"<":814.2029573822939,"^":806.5869854640686,">":824.0824802510756},"pair0083":{"<":669.0851433589726,"^":680.8588757551744,">":671.8258100733707},"pair0084":{"<":487.4010711294301,"^":1630.9298964772308,">":506.605224297489},"pair0081":{"<":908.1361716389347,"^":928.2297138145132,">":912.4910051253211}}}