{"parameters":{"pair0085":{"<":{"γ":-1.3936046830809437,"b₂":-4.52426029292573,"λ₁":-9.209811419950519,"λ₂":4.574420608998107,"a₁":-1.637654507768893,"a₂":-2.8278525331931847,"b₁":-9.210023010204987},"^":{"γ":-9.210340371976182,"b₂":-9.210340371976182,"λ₁":-9.210340371976182,"λ₂":9.210340371976185,"a₁":-2.8411813824593306,"a₂":9.210340371976185,"b₁":-9.210340371976182},">":{"γ":-9.193355800568591,"b₂":-9.185304468847313,"λ₁":-9.205133225107492,"λ₂":3.2285685044709638,"a₁":-1.7301816506312102,"a₂":-2.500643607855861,"b₁":-9.20680140683605}},"pair0082":{"<":{"γ":2.3982851301379444,"b₂":-1.8572080027498572,"λ₁":-0.778928073388645,"λ₂":-0.40863321941589703,"a₁":0.4039109158501475,"a₂":0.2842048227709757,"b₁":-1.667532255747541},"^":{"γ":9.210340371976185,"b₂":0.5635542385076668,"λ₁":-1.330057728203574,"λ₂":-2.36269584344039,"a₁":0.38922610530836366,"a₂":9.210340371976182,"b₁":-1.3609152438835954},">":{"γ":6.378972625235971,"b₂":-3.286347863719227,"λ₁":-1.0228989536259636,"λ₂":1.0113475462754966,"a₁":0.035914177626018784,"a₂":-0.7178467530855848,"b₁":-0.42776939416088844}},"pair0083":{"<":{"γ":3.8677241712845714,"b₂":-3.7978405277354588,"λ₁":0.21429259084070473,"λ₂":-2.7214573693510866,"a₁":-0.9415671258979312,"a₂":-0.1543053342502283,"b₁":-0.2325625131081548},"^":{"γ":8.997098972087292,"b₂":9.210340371976185,"λ₁":-2.3015994121451406,"λ₂":-4.264936874761452,"a₁":-2.1784768834657386,"a₂":7.114626410144618,"b₁":-5.647686941352821},">":{"γ":0.09561073785603469,"b₂":-3.2522182757676923,"λ₁":0.41917339424642996,"λ₂":-2.4357535308753917,"a₁":-0.4622021483684424,"a₂":0.29569994625015283,"b₁":0.19925644813511134}},"pair0084":{"<":{"γ":-3.5264572983929305,"b₂":-8.945592999004024,"λ₁":2.4139189779561594,"λ₂":-3.4057245576549287,"a₁":0.32119660104766723,"a₂":-1.5853391646933526,"b₁":-1.8480357509179903},"^":{"γ":3.2657315790408106,"b₂":-1.5778937922907232,"λ₁":-3.7628705427426405,"λ₂":-1.9859400293473666,"a₁":0.7346973789663487,"a₂":-9.203955241974029,"b₁":-2.2285855836898696},">":{"γ":0.5710331008388749,"b₂":-4.202605143399621,"λ₁":0.04965643505091322,"λ₂":-3.1553523929150087,"a₁":-3.015698165578237,"a₂":0.16593939810710978,"b₁":-3.006465782233528}},"pair0081":{"<":{"γ":-0.04304466937000839,"b₂":-0.0744485837407467,"λ₁":0.7968563623555074,"λ₂":0.0002547948567634961,"a₁":-0.9675704237994189,"a₂":-0.004051873078889656,"b₁":-0.017923108042003477},"^":{"γ":0.6471863953027661,"b₂":2.4110522539297765,"λ₁":-3.7507301053033677,"λ₂":-1.4604475231661018,"a₁":-0.012583578459176792,"a₂":-0.89562867149818,"b₁":-0.29998136599204983},">":{"γ":-0.2162781403999965,"b₂":-0.44872721792576087,"λ₁":0.011546756214764642,"λ₂":0.08569506796472304,"a₁":-0.10844969503980728,"a₂":-0.20399624777237158,"b₁":0.12184001811755074}}}}