{"likelihoods":{"pair0007":{"4":{"<":2385.188883001789,"^":2469.8921171941897,">":2307.5035822854015},"2":{"<":2370.430425816063,"^":2618.3313719689404,">":2374.136250049068},"3":{"<":2379.7418207046185,"^":2498.4970364163537,">":2374.0350961118356},"5":{"<":2223.8245328481216,"^":2436.885540701786,">":1458.5718675211165},"1":{"<":2466.605052721935,"^":2844.243363120336,">":2464.8888899356803}},"pair0023":{"4":{"<":1192.1621484436712,"^":1215.6630704046092,">":1189.3093882206192},"2":{"<":0.0,"^":1241.0012197531807,">":1186.0993725058067},"3":{"<":1190.6918252943124,"^":1230.3697692984183,">":1187.8623785654129},"5":{"<":1193.507390388223,"^":1204.3842685824247,">":1191.6682184022109},"1":{"<":1205.0035494537924,"^":0.0,">":1200.9476510385066}},"pair0020":{"4":{"<":848.2492838239342,"^":871.9005644160068,">":851.8279148732862},"2":{"<":874.7452122487997,"^":903.2765104586172,">":882.8812494628149},"3":{"<":854.9762976818278,"^":892.8976666956839,">":843.8815983418776},"5":{"<":870.2639631252423,"^":882.3438133146527,">":852.1001569266018},"1":{"<":978.5234532944199,"^":998.9382769493149,">":981.2521310920879}},"pair0024":{"4":{"<":1249.0710542827715,"^":1256.5358402210413,">":1262.0528921000705},"2":{"<":0.0,"^":1252.9072952295421,">":1248.035162703459},"3":{"<":1246.7842145255843,"^":1255.7034561074004,">":1256.9019675057375},"5":{"<":1244.7238931897707,"^":1261.8943861191092,">":1264.5448807183384},"1":{"<":1246.996208885843,"^":1287.1944485105907,">":1248.9736196626554}},"pair0025":{"4":{"<":2636.527562670117,"^":2634.717391247076,">":2633.5204261297836},"2":{"<":2661.737769831861,"^":2677.3917779279313,">":2656.7722374075647},"3":{"<":2649.1413562033854,"^":0.0,">":2652.728216701337},"5":{"<":2654.790240228537,"^":2655.77753369923,">":2657.9978175425263},"1":{"<":2719.4299599197616,"^":2846.5604022808616,">":2716.792185126682}},"pair0013":{"4":{"<":732.1752392388129,"^":737.5679359203986,">":732.593845294406},"2":{"<":740.3928990904416,"^":817.2619824596768,">":744.3687780030505},"3":{"<":741.5704864653641,"^":765.446293777298,">":736.5241496438508},"5":{"<":731.016014068836,"^":734.5494457054363,">":760.2946630409423},"1":{"<":903.3545819011697,"^":1116.9827326222794,">":0.0}},"pair0002":{"4":{"<":0.0,"^":691.213197398185,">":700.082475553087},"2":{"<":752.3503794928006,"^":781.5959374703623,">":755.2073255918516},"3":{"<":701.6585792974023,"^":724.306136365758,">":711.4556281953256},"5":{"<":705.4240262068535,"^":696.0157126283618,">":711.369586557852},"1":{"<":849.8406115504055,"^":989.5086809327146,">":848.5008038292517}},"pair0018":{"4":{"<":0.0,"^":554.505565254196,">":522.4147482858925},"2":{"<":560.5347261596291,"^":646.2833344830457,">":548.3254987153512},"3":{"<":537.4493666882187,"^":594.5633261287022,">":567.6209776811152},"5":{"<":535.2665145246648,"^":538.4585105098677,">":531.8808301239357},"1":{"<":721.0480000805286,"^":0.0,">":0.0}},"pair0019":{"4":{"<":339.0602992859982,"^":330.20135312898987,">":340.134608927443},"2":{"<":326.88881314429017,"^":344.3814701263381,">":333.9469033258519},"3":{"<":327.4961084563132,"^":323.706960395057,">":326.11798305108385},"5":{"<":0.0,"^":338.6905250957024,">":325.32228446610475},"1":{"<":418.5356245795822,"^":556.9903692996373,">":418.83783422340184}},"pair0009":{"4":{"<":2435.6396672775736,"^":2493.2198961980616,">":2430.7209660301305},"2":{"<":2499.449998186873,"^":2633.0148131424676,">":2520.107939637485},"3":{"<":2448.9831890580203,"^":2527.9424827971684,">":2437.3980715849566},"5":{"<":2233.3984059815602,"^":2399.4815870506777,">":2364.1223215586224},"1":{"<":2630.9137990030254,"^":2848.9297171965964,">":2628.0407870295676}},"pair0001":{"4":{"<":632.8464388691796,"^":671.9793223141227,">":619.3954787714313},"2":{"<":654.9734064351305,"^":805.8313098454363,">":651.1034270146398},"3":{"<":623.8067256933966,"^":724.505372283615,">":618.4755109872302},"5":{"<":625.6653721746324,"^":630.6331628210246,">":631.225151424606},"1":{"<":750.2188419932637,"^":993.3408699544278,">":744.5877245697993}},"pair0010":{"4":{"<":2461.83006050463,"^":0.0,">":2447.46555426519},"2":{"<":2532.4810999067386,"^":2675.442525532104,">":2539.8759694931773},"3":{"<":2466.22457856894,"^":2530.1146375347644,">":2466.493933399363},"5":{"<":0.0,"^":2469.4202062602694,">":1557.9651912796987},"1":{"<":2668.2215305443037,"^":2845.0325365222016,">":2668.8235618238596}},"pair0006":{"4":{"<":2341.374231771278,"^":2391.839112425999,">":2346.17797566411},"2":{"<":2417.0660750326097,"^":2606.92191045727,">":2417.8349933771683},"3":{"<":2353.977851794221,"^":2471.6611940979005,">":2359.060004490642},"5":{"<":2217.705570544689,"^":2284.8840112410107,">":2248.294744157982},"1":{"<":2557.643823199214,"^":2843.0561368328413,">":2555.2501302595306}},"pair0008":{"4":{"<":1607.4452459602844,"^":2295.6045595371957,">":2008.3787455688644},"2":{"<":2420.156222761416,"^":2383.9910253769185,">":2419.4336073895565},"3":{"<":2382.67130720107,"^":2288.3647232824496,">":2126.3606387137147},"5":{"<":1401.7224262468624,"^":1974.1586813955535,">":1964.3176993585328},"1":{"<":2541.677071611717,"^":2847.6186563832634,">":2543.884005664595}},"pair0003":{"4":{"<":0.0,"^":908.0631446764543,">":922.1496541862383},"2":{"<":926.3444836112742,"^":952.6098184259657,">":925.2221387182401},"3":{"<":915.8757686053269,"^":926.255423851578,">":928.5170014446715},"5":{"<":916.9919620514673,"^":921.1162716444004,">":930.8625853217903},"1":{"<":0.0,"^":1000.3335330347817,">":988.4980438364834}},"pair0011":{"4":{"<":2434.898507763771,"^":2478.2319820041107,">":2426.152705727983},"2":{"<":0.0,"^":2605.441586308175,">":2520.1119801914497},"3":{"<":2428.756042248333,"^":2511.253276785737,">":2436.243776976852},"5":{"<":1092.2610195981688,"^":2445.020890015447,">":1417.0587325816898},"1":{"<":2625.7514601692424,"^":2845.9628388648052,">":2624.226079679963}},"pair0014":{"4":{"<":801.2202023182366,"^":827.1893039648502,">":818.9340057319139},"2":{"<":796.9961445020782,"^":905.5932969593804,">":797.1206073954273},"3":{"<":802.7729019285456,"^":826.3450732347042,">":800.7542483769664},"5":{"<":812.8017657355455,"^":848.4765573769696,">":814.7986487009167},"1":{"<":906.9394410573045,"^":1116.373101024429,">":905.3527841182571}},"pair0012":{"4":{"<":2247.434375053194,"^":2255.7283872312873,">":2258.1200476856293},"2":{"<":2402.428169657169,"^":2470.271076526028,">":2409.0303572628345},"3":{"<":2274.402548080902,"^":2321.98405452882,">":2280.029488938036},"5":{"<":2256.9374115951437,"^":2257.05974484667,">":2237.4402616005273},"1":{"<":2814.7270120625967,"^":0.0,">":2814.7632960427013}},"pair0015":{"4":{"<":815.7887627552539,"^":822.0228423489687,">":818.7668798999623},"2":{"<":0.0,"^":904.0099704917975,">":808.0550956782073},"3":{"<":813.6454469924994,"^":866.948722807782,">":805.333731167655},"5":{"<":816.536439344799,"^":0.0,">":813.7386018759299},"1":{"<":882.6611390430305,"^":1111.5056474125495,">":885.4415750530643}},"pair0005":{"4":{"<":2122.65110001554,"^":2432.616026447589,">":2271.608666474785},"2":{"<":0.0,"^":2621.951872908087,">":2344.5368177313744},"3":{"<":2358.807001536378,"^":2489.3311162738037,">":2354.120244010713},"5":{"<":2112.9384191273193,"^":2428.246611553418,">":1293.1306340331016},"1":{"<":2467.935098812113,"^":2848.2806912162027,">":2467.462236653255}},"pair0017":{"4":{"<":1013.7468669144098,"^":985.6134966317715,">":1102.3994139018027},"2":{"<":1419.9680027303054,"^":1419.1556721636518,">":1425.8413745740104},"3":{"<":1142.1936101985714,"^":1085.2938437161713,">":1109.9997364436906},"5":{"<":1024.1271735314583,"^":882.2287658115438,">":1099.5846247417307},"1":{"<":2839.0693306658623,"^":2845.5222272598076,">":2833.143134220224}},"pair0016":{"4":{"<":948.0239708474528,"^":957.4540081011013,">":941.7729562263476},"2":{"<":935.3063369006676,"^":973.5815545041497,">":935.3063369006676},"3":{"<":938.9293756126501,"^":954.3065231900257,">":941.612225043024},"5":{"<":941.9594119509491,"^":949.4805215930554,">":940.2202229184455},"1":{"<":999.3570739331533,