{"likelihoods":{"pair0002":{"<":694.6704842692523,"^":686.5592950121102,">":700.3742851923779}}}