{"parameters":{"pair0002":{"<":{"γ":0.27637635113232406,"b₂":-3.4220927865136783,"λ₁":-0.23128074207725113,"λ₂":-1.5917498276205428,"a₁":0.6770942776907578,"a₂":-0.05798826401824009,"b₁":-0.6975641833615729},"^":{"γ":0.01953849193726498,"b₂":-1.0338942373152324,"λ₁":-2.2712520297670995,"λ₂":-0.7797000640656204,"a₁":0.12064147036679707,"a₂":2.62179044789562,"b₁":-1.9872370033861042},">":{"γ":-0.4777642889010636,"b₂":-2.6467409903182055,"λ₁":-0.908537277810419,"λ₂":-0.18222621618612678,"a₁":0.10457112995826456,"a₂":-0.25968890245265186,"b₁":-5.054976448623012}}}}