{"parameters":{"pair0005":{"<":{"γ":-2.8229599401861094,"b₂":-9.202943268507553,"λ₁":2.8780301822247694,"λ₂":-9.17587716884177,"a₁":-4.142939992259301,"a₂":-8.909365573080668,"b₁":-9.210340371976182},"^":{"γ":1.6358241621691825,"b₂":-2.149917065149368,"λ₁":-3.3147866023537187,"λ₂":-3.4602141835280094,"a₁":-2.434741933739507,"a₂":2.3415412132966598,"b₁":-7.067373152613246},">":{"γ":-8.611853720858528,"b₂":-8.134583295100168,"λ₁":-6.607409856402306,"λ₂":5.657217191461264,"a₁":-2.780839789603464,"a₂":-4.164779337369805,"b₁":-9.210340371976182}},"pair0001":{"<":{"γ":0.2193748689906947,"b₂":-0.08902839051918576,"λ₁":1.5495045173317177,"λ₂":-3.3330122787672636,"a₁":-0.8290835098154226,"a₂":3.3320005661058314,"b₁":-8.552941776938475},"^":{"γ":0.668077437761557,"b₂":-1.3262770645799735,"λ₁":-1.847793697551916,"λ₂":0.37044131778548994,"a₁":-0.2187581699103056,"a₂":-8.793239047949443,"b₁":-3.466775348816573},">":{"γ":1.0432146194210965,"b₂":-0.20039493443806222,"λ₁":-5.682956262299443,"λ₂":1.6191366715148536,"a₁":-0.09953825191437993,"a₂":0.39842134148444686,"b₁":-3.0532924732086846}},"pair0004":{"<":{"γ":-0.3242528255128665,"b₂":-2.3990694990153116,"λ₁":-1.0404169732274067,"λ₂":-1.0514568693660635,"a₁":0.007249085510272479,"a₂":-0.024860972524784586,"b₁":1.0676035041167662},"^":{"γ":-0.05045430061671752,"b₂":-0.43191960604391255,"λ₁":-2.2632562684390773,"λ₂":8.298675602159046,"a₁":-0.17801508503035635,"a₂":-2.329490966149641,"b₁":-2.1647971004289586},">":{"γ":-3.2848718818604574,"b₂":-2.478877431165162,"λ₁":-2.420514500507214,"λ₂":-1.385600449924648,"a₁":2.0346988011138425,"a₂":-3.7015622045945564,"b₁":0.5826568998709671}},"pair0002":{"<":{"γ":0.17477650708563708,"b₂":-2.481055531621882,"λ₁":-0.33990293358153423,"λ₂":-1.0902718573632146,"a₁":0.03488287192249473,"a₂":-0.8471107935215194,"b₁":-0.3677452695796859},"^":{"γ":0.5654671509934026,"b₂":-3.571251349440363,"λ₁":-7.487479597035647,"λ₂":-2.0239051831925803,"a₁":-3.153689783505066,"a₂":1.0065154114697155,"b₁":-8.307214510727361},">":{"γ":0.011871810355202683,"b₂":-1.6540197773529748,"λ₁":-2.8446389867913258,"λ₂":0.4094523233586589,"a₁":0.5728511100550389,"a₂":-1.5937412418324381,"b₁":-2.9011325017836684}},"pair0003":{"<":{"γ":0.07540418673886506,"b₂":0.27684466027588606,"λ₁":-0.3063142762562343,"λ₂":2.1239217214103903,"a₁":-0.9908986495840555,"a₂":-0.24918112854451735,"b₁":-3.2176596481604776},"^":{"γ":0.33616904511846,"b₂":-9.210340371976182,"λ₁":-0.4760556137778025,"λ₂":-0.8702063991256122,"a₁":0.1384305020854093,"a₂":0.5052471683329358,"b₁":-1.1679796323846308},">":{"γ":0.4897223359869436,"b₂":-0.05923235811888361,"λ₁":-0.2522016016648063,"λ₂":0.13957599886968275,"a₁":-0.026539337466763513,"a₂":0.23263310234065138,"b₁":-0.5369058957338169}}}}