{"likelihoods":{"pair0007":{"4":{"<":7714.141061477354,"^":10062.462759141803,">":7318.89264772059},"2":{"<":9754.188071510624,"^":10847.472285139647,">":9754.882168606948},"3":{"<":9534.952051228198,"^":10306.211221516112,">":9727.806522959449},"5":{"<":4672.193389356125,"^":9946.063547385516,">":5034.4187474209375},"1":{"<":10247.078940860316,"^":11852.81868570096,">":10251.288365803684}},"pair0005":{"4":{"<":9797.616850580143,"^":10097.147365529689,">":8281.659623467724},"2":{"<":9792.994005777071,"^":10880.405515264934,">":9791.305629470553},"3":{"<":9794.05175630973,"^":10347.100876627243,">":9783.776714811893},"5":{"<":9852.13027240021,"^":2901.732663240292,">":6116.660985140292},"1":{"<":10300.375721480425,"^":11861.867347273068,">":10299.922595297834}},"pair0001":{"4":{"<":646.0483988689138,"^":667.5288635585354,">":626.2631448613157},"2":{"<":654.5381519423121,"^":804.3552065692757,">":653.2368556920712},"3":{"<":634.7513220589225,"^":717.3691087975237,">":651.6284989729592},"5":{"<":0.0,"^":638.3617103903201,">":644.0912278924295},"1":{"<":746.1635561104376,"^":995.6938149360042,">":747.2986779920949}},"pair0004":{"4":{"<":888.8560534424837,"^":890.5962450736623,">":893.6408781195487},"2":{"<":926.0481865143555,"^":938.576207035821,">":922.2953192594359},"3":{"<":904.6469427220705,"^":908.0218329225963,">":905.6267422490384},"5":{"<":896.1340899215342,"^":896.5002632396383,">":901.2820983087908},"1":{"<":1005.7816233236082,"^":989.4185466833968,">":999.25410835102}},"pair0006":{"4":{"<":9594.386155349393,"^":9810.48659348795,">":9596.604107371995},"2":{"<":9964.789253383204,"^":10839.97035010259,">":9964.789253352184},"3":{"<":9662.270526010341,"^":10087.05624810283,">":9661.690991800571},"5":{"<":9556.720465813753,"^":9673.457862235104,">":9553.445881141379},"1":{"<":10593.379949861139,"^":11852.818645207937,">":10589.662631956211}},"pair0002":{"4":{"<":796.9038243888973,"^":697.3557218317496,">":711.5757631814149},"2":{"<":751.5726902836959,"^":782.1364406523008,">":753.3727533655937},"3":{"<":694.6931699109498,"^":714.9545319387372,">":719.0234720451898},"5":{"<":695.4034961822898,"^":694.3959956604697,">":697.6469954825376},"1":{"<":845.9099477343003,"^":993.9660799034034,">":850.066136208586}},"pair0003":{"4":{"<":918.0890374455375,"^":909.7127898017881,">":917.3251484165642},"2":{"<":931.8081230775706,"^":951.8860683884428,">":928.0158904451205},"3":{"<":916.9435114896635,"^":924.7497919546498,">":919.2887115925673},"5":{"<":920.9784091366098,"^":913.1670176460136,">":930.3431351690423},"1":{"<":988.8178725291224,"^":989.4187310538641,">":994.0496825156071}}}}