{"parameters":{"pair0007":{"4":{"<":{"γ":-0.9828835677647216,"b₂":3.6247484563199635,"λ₁":-13.403568827394377,"λ₂":6.361705619244852,"a₁":-12.901515421615688,"a₂":0.7175198848019075,"b₁":-8.512373520076519},"^":{"γ":1.1775420629199935,"b₂":1.0728145249394831,"λ₁":-1.6931069928887155,"λ₂":-1.229278488239709,"a₁":-0.08431269362216831,"a₂":-0.12631576666782252,"b₁":-0.011409336639280454},">":{"γ":-8.089033372279221,"b₂":7.1868822628228095,"λ₁":-13.815510557964274,"λ₂":7.288488562477404,"a₁":-8.6619607704177,"a₂":8.850198902199153,"b₁":-13.78880935517089}},"2":{"<":{"γ":0.4738555053747433,"b₂":-0.4896745793281507,"λ₁":0.755497268283083,"λ₂":0.3455677803714927,"a₁":-0.011437375481085255,"a₂":-0.38404550081125777,"b₁":-0.84884547130914},"^":{"γ":0.3348611104603858,"b₂":-3.5515304790270807,"λ₁":-0.16353594466764498,"λ₂":-0.5678794894816814,"a₁":-0.014684400109773676,"a₂":0.06217982054205251,"b₁":-0.8860303416357613},">":{"γ":0.0,"b₂":0.0,"λ₁":0.0,"λ₂":0.0,"a₁":0.0,"a₂":0.0,"b₁":0.0}},"3":{"<":{"γ":-1.475088642649654,"b₂":8.465268499209458,"λ₁":5.660365492171916,"λ₂":-2.597550988556401,"a₁":-3.144688760742776,"a₂":8.654866566147362,"b₁":-7.714815419598867},"^":{"γ":0.0,"b₂":0.0,"λ₁":0.0,"λ₂":0.0,"a₁":0.0,"a₂":0.0,"b₁":0.0},">":{"γ":0.9250586611528799,"b₂":-0.007892400076260131,"λ₁":-1.0387730215669215,"λ₂":-0.1983310263909459,"a₁":-0.21743995979248076,"a₂":1.0612616099180538,"b₁":-0.7957054019163401}},"5":{"<":{"γ":-12.62327959043758,"b₂":4.547482755522076,"λ₁":-7.980755958222625,"λ₂":-13.815510557964274,"a₁":0.013799644098385855,"a₂":3.8830973520431087,"b₁":-8.076070616163463},"^":{"γ":-0.5222960997960922,"b₂":13.248284083447636,"λ₁":-1.3796752826392051,"λ₂":0.23766742264219687,"a₁":0.8287776686691561,"a₂":-1.5530921073816426,"b₁":-0.16500372427502796},">":{"γ":-13.812969959787143,"b₂":-13.812763876217748,"λ₁":-13.8127081435695,"λ₂":-13.81270523518991,"a₁":4.204470957024828,"a₂":-4.904732079655947,"b₁":-13.812715307395049}},"1":{"<":{"γ":13.762686384059261,"b₂":-0.02086437681667519,"λ₁":12.669704680935144,"λ₂":0.05557554967225187,"a₁":-0.13132714766823206,"a₂":0.04554479721842242,"b₁":-0.3818999584443503},"^":{"γ":4.665171839506115,"b₂":13.814806348537722,"λ₁":13.81485424670755,"λ₂":13.814802633038411,"a₁":13.815099221096496,"a₂":13.814986426005188,"b₁":13.814999558798029},">":{"γ":0.0,"b₂":0.0,"λ₁":0.0,"λ₂":0.0,"a₁":0.0,"a₂":0.0,"b₁":0.0}}},"pair0005":{"4":{"<":{"γ":1.9677946239792163,"b₂":-2.3997766517392467,"λ₁":0.9134582187996045,"λ₂":-0.2528744557741618,"a₁":-0.015408019552511476,"a₂":-1.448445690164725,"b₁":-1.9024817495936688},"^":{"γ":-0.24101876256180255,"b₂":-0.17098525189218527,"λ₁":-0.939596076062692,"λ₂":0.12435260746673116,"a₁":-0.11577786030724724,"a₂":-0.9880800644534897,"b₁":-1.7871900789013146},">":{"γ":-2.7017039454970817,"b₂":-8.753106074260023,"λ₁":1.7306596081775627,"λ₂":4.421612692945299,"a₁":0.8976556430652955,"a₂":-2.854459458953306,"b₁":-13.105228881635782}},"2":{"<":{"γ":0.0,"b₂":0.0,"λ₁":0.0,"λ₂":0.0,"a₁":0.0,"a₂":0.0,"b₁":0.0},"^":{"γ":0.21331541967820655,"b₂":0.006818883725200564,"λ₁":-0.34866707187330803,"λ₂":-0.4480003848155576,"a₁":0.008712434713054051,"a₂":-0.22314120093834333,"b₁":0.02094866065772294},">":{"γ":0.6577857271292551,"b₂":-0.3500706654220025,"λ₁":-0.08418033590018048,"λ₂":-0.5468905861939177,"a₁":-0.11784874651779198,"a₂":0.26804961414080886,"b₁":-0.27037720399420806}},"3":{"<":{"γ":0.0,"b₂":0.0,"λ₁":0.0,"λ₂":0.0,"a₁":0.0,"a₂":0.0,"b₁":0.0},"^":{"γ":0.1068921155434488,"b₂":-0.6042494521724961,"λ₁":-1.4453531267372153,"λ₂":-1.0137596966111388,"a₁":-0.019467387402716696,"a₂":-0.18203908484266584,"b₁":-0.02434605608043583},">":{"γ":0.20594322117330854,"b₂":-0.11999633057406989,"λ₁":-2.5607418231212016,"λ₂":-0.8362070261846224,"a₁":-0.5794690379231291,"a₂":0.4992880087912557,"b₁":-2.0464590405157015}},"5":{"<":{"γ":6.1114520268638195,"b₂":-8.67746615656971,"λ₁":-1.8933283910813845,"λ₂":-3.438028234349634,"a₁":-5.275377402591291,"a₂":-3.1389132087173834,"b₁":-13.767552917446393},"^":{"γ":-7.808887787839398,"b₂":-8.015305633224198,"λ₁":-10.1019288385871,"λ₂":5.940755233523639,"a₁":-3.5759296327890393,"a₂":13.814991598933801,"b₁":-13.731204488283717},">":{"γ":1.7555982467678408,"b₂":-8.01497845285096,"λ₁":-6.079069464907537,"λ₂":7.150260125183738,"a₁":3.2150132325190626,"a₂":-3.3324530193678825,"b₁":-13.815510557964274}},"1":{"<":{"γ":-0.782001268345482,"b₂":0.16459011011496116,"λ₁":4.608634366880175,"λ₂":1.2477188546636722,"a₁":-3.00083883041583,"a₂":0.0047766639885526985,"b₁":-0.606917694128855},"^":{"γ":13.815510557964274,"b₂":13.815510557964274,"λ₁":13.815510557964274,"λ₂":13.815510557964274,"a₁":-0.5496402069607438,"a₂":-13.815510557964274,"b₁":-1.760087628061278},">":{"γ":-7.531662483480701,"b₂":0.013866542554286099,"λ₁":0.1460626018953679,"λ₂":0.10355570681052306,"a₁":0.4869108203032617,"a₂":1.5031448707539514,"b₁":-0.02448613744128636}}},"pair0001":{"4":{"<":{"γ":-0.3079004128786096,"b₂":-1.247705356903916,"λ₁":-0.08082729380633502,"λ₂":0.24518813035991904,"a₁":0.09649835957567277,"a₂":0.04781987025745593,"b₁":-0.32987698856732806},"^":{"γ":-0.1817454581443272,"b₂":2.0240230784997273,"λ₁":-0.20830696141036142,"λ₂":-0.34252152690280724,"a₁":0.9082527450824855,"a₂":8.228436219510144,"b₁":-0.6627670208918488},">":{"γ":0.5842074293198003,"b₂":-0.5679060447646673,"λ₁":-5.475138309008091,"λ₂":0.1526355044317942,"a₁":-0.002565246029417878,"a₂":0.057054648349803117,"b₁":-3.807193938537644}},"2":{"<":{"γ":3.884346093082261,"b₂":-0.08776121697139949,"λ₁":-4.6678095611108805,"λ₂":-0.5896270733561852,"a₁":-2.7047251697783246,"a₂":0.29321232641439465,"b₁":-2.3510063454766303},"^":{"γ":1.4543726100052865,"b₂":-0.20907348074233667,"λ₁":-1.0644510672873828,"λ₂":-0.42231860895153694,"a₁":0.044893420267538175,"a₂":-13.747662130987564,"b₁":-0.5763465505179042},">":{"γ":-0.35243640485523997,"b₂":-0.12841770655851903,"λ₁":-4.117629792284708,"λ₂":-2.6875765992853022,"a₁":-0.45476822994993604,"a₂":-0.053012514565443425,"b₁":-4.7767717393557}},"3":{"<":{"γ":-0.9106809565913849,"b₂":-3.0489055034787587,"λ₁":-0.10646521526161301,"λ₂":-2.0620414895996664,"a₁":-2.1941532169772007,"a₂":-0.7674038764509259,"b₁":-1.3290175757706422},"^":{"γ":-0.033405752366183705,"b₂":-0.4327696983289204,"λ₁":-0.8454785426036828,"λ₂":-0.3716198337130283,"a₁":-0.148165858105477,"a₂":-13.693735658580595,"b₁":-0.9583650600569342},">":{"γ":0.0,"b₂":0.0,"λ₁":0.0,"λ₂":0.0,"a₁":0.0,"a₂":0.0,"b₁":0.0}},"5":{"<":{"γ":0.0,"b₂":0.0,"λ₁":0.0,"λ₂":0.0,"a₁":0.0,"a₂":0.0,"b₁":0.0},"^":{"γ":0.6708714800321705,"b₂":-5.826190774596171,"λ₁":-4.458909765823771,"λ₂":-1.2383114258932686,"a₁":-0.6638950655807996,"a₂":5.505592742827904,"b₁":-1.9502913106433457},">":{"γ":0.92047066419887,"b₂":-0.9831139943643485,"λ₁":-0.0660445356532211,"λ₂":-0.6074952247334355,"a₁":-0.02579846633663152,"a₂":-1.1691092280376374,"b₁":-3.6176415392907444}},"1":{"<":{"γ":-0.49593751175421197,"b₂":-0.5951552436057472,"λ₁":13.815510557964274,"λ₂":0.3306106020833095,"a₁":-3.1347223422892565,"a₂":0.7300092241564862,"b₁":-2.4838961986397656},"^":{"γ":-13.791262370574042,"b₂":13.79914183294271,"λ₁":13.774267776688895,"λ₂":13.815510557964274,"a₁":-0.5755729895224153,"a₂":-13.77326909500368,"b₁":0.03338536206929099},">":{"γ":0.8184766069682539,"b₂":-1.8581766722488862,"λ₁":0.006177696973821867,"λ₂":0.8967113010462029,"a₁":0.10061667765766558,"a₂":-0.019767872003455977,"b₁":-0.048045078669630925}}},"pair0004":{"4":{"<":{"γ":-0.6927373091799645,"b₂":-0.46998225482163036,"λ₁":-5.568485076734316,"λ₂":7.815250697647322,"a₁":-1.2914935682422577,"a₂":0.003073163951812674,"b₁":-2.9652464757031236},"^":{"γ":0.5190789942161764,"b₂":-0.20872540045857413,"λ₁":-2.151814366081272,"λ₂":4.639968810966128,"a₁":-0.3667798088459051,"a₂":-6.186930692795186,"b₁":-2.2086068070696836},">":{"γ":-0.03028410256391645,"b₂":-2.5740714365103976,"λ₁":-3.7515894472086107,"λ₂":4.251371994916809,"a₁":-0.03818871187154471,"a₂":-0.226868174256877,"b₁":-4.706897445375306}},"2":{"<":{"γ":-0.0052172153416609746,"b₂":-0.08691700297047156,