{"parameters":{"pair0046":{"<":{"γ":-4.979665899445483,"b₂":-6.521254566005373,"λ₁":-3.908015168996128,"λ₂":-4.550296901800239,"a₁":-4.54440530946491,"a₂":-0.38667875113425687,"b₁":-9.095930382447099},"^":{"γ":-2.779925915325018,"b₂":5.767478806381462,"λ₁":-0.7052116406585665,"λ₂":-3.0372253065376125,"a₁":-1.9925629871394595,"a₂":-9.186442295627113,"b₁":-9.178554682249734},">":{"γ":-0.16937871917336622,"b₂":-2.1793003163551212,"λ₁":-2.4091228397280977,"λ₂":-0.9209701113553095,"a₁":-1.3217663587204962,"a₂":1.440728874178907,"b₁":-3.0078101490627978}},"pair0049":{"<":{"γ":1.7763568394002505e-15,"b₂":1.7763568394002505e-15,"λ₁":1.7763568394002505e-15,"λ₂":1.7763568394002505e-15,"a₁":1.7763568394002505e-15,"a₂":1.7763568394002505e-15,"b₁":1.7763568394002505e-15},"^":{"γ":9.09259986006895,"b₂":7.701963394150733,"λ₁":-1.8220629180617056,"λ₂":-2.6607180671067807,"a₁":2.058207950407974,"a₂":1.030814422094803,"b₁":0.5308055028940295},">":{"γ":0.0019395859018906947,"b₂":-1.4452267156089658,"λ₁":0.18844354179624467,"λ₂":0.36781337063456476,"a₁":-0.5860087278272808,"a₂":-0.014866389623897192,"b₁":-0.4704979866907486}},"pair0050":{"<":{"γ":7.4731133848780456,"b₂":-0.9692805316311794,"λ₁":0.70633140542013,"λ₂":1.1232157889353989,"a₁":0.10240565411368507,"a₂":-0.8344174786989562,"b₁":-0.4070395234646149},"^":{"γ":-0.06401741595032995,"b₂":-1.2273931333695378,"λ₁":-3.11830273878988,"λ₂":-2.5349426671560753,"a₁":-0.04463977869230362,"a₂":-9.210340371976182,"b₁":-1.9820165217871795},">":{"γ":-0.5495302093188048,"b₂":-3.8104645102419292,"λ₁":1.0197507792214235,"λ₂":-0.24040918772880282,"a₁":1.4274969475117292,"a₂":-1.9218574817177796,"b₁":0.9852048206780353}},"pair0047":{"<":{"γ":9.178524305108548,"b₂":5.016656343836267,"λ₁":-9.210340371976182,"λ₂":3.9956677567330594,"a₁":-4.4610026843346935,"a₂":4.262471022104876,"b₁":-9.210340371976182},"^":{"γ":2.128285385028038,"b₂":-0.04775208669879838,"λ₁":-9.210340371976182,"λ₂":-9.207514099713686,"a₁":-9.208307055988012,"a₂":-2.984172024766215,"b₁":-9.208847883047035},">":{"γ":5.7280960739689455,"b₂":-6.075208836502716,"λ₁":-1.102762859803315,"λ₂":-9.210340371976182,"a₁":3.240183473984022,"a₂":7.959350987710577,"b₁":2.927521338484505}},"pair0048":{"<":{"γ":0.7959555547495558,"b₂":0.10689087893667626,"λ₁":-1.3389923158510308,"λ₂":1.140679870431084,"a₁":-0.20074337286865962,"a₂":-0.08260453863813488,"b₁":-0.3267375890786095},"^":{"γ":9.205623986859143,"b₂":9.204518391580512,"λ₁":-0.6505696766199502,"λ₂":-0.7097844404228209,"a₁":0.48362054536787547,"a₂":9.202363034929258,"b₁":-1.0645519067775435},">":{"γ":4.1408623504761675,"b₂":3.5382845867557418,"λ₁":7.18304639377571,"λ₂":-2.28298919960356,"a₁":1.8457676115881565,"a₂":5.369836596714929,"b₁":1.5200279138337915}}}}