{"likelihoods":{"pair0042":{"4":{"<":19353.94278976873,"^":20526.34299582531,">":19324.64336161286},"2":{"<":19989.55945688378,"^":23749.180990637065,">":19976.347160806232},"3":{"<":19541.82874099677,"^":21082.70256242208,">":19571.921520268475},"5":{"<":19257.37992476971,"^":19873.178882123386,">":19246.197544532377},"1":{"<":21486.13562673046,"^":26008.757910414584,">":21487.84939479974}},"pair0041":{"4":{"<":1940.0994313198087,"^":1928.0520352089618,">":1943.2892460249705},"2":{"<":1957.273024757284,"^":1966.1219735017644,">":1962.5833264645735},"3":{"<":1955.6399180348105,"^":1950.5900407885213,">":1945.8075550084936},"5":{"<":1942.813767623949,"^":1935.1544367644228,">":1940.9465681940226},"1":{"<":2150.4331324351583,"^":2171.360007193903,">":2155.9787785542994}}}}