{"parameters":{"pair0042":{"4":{"<":{"γ":0.6959395372266073,"b₂":-0.5078416500792908,"λ₁":-4.149929264477915,"λ₂":-4.624390865303006,"a₁":-2.5316635688629017,"a₂":-0.04758178205700858,"b₁":-3.6815089358531807},"^":{"γ":2.17562836044881,"b₂":-13.772101977276277,"λ₁":-7.821706399136241,"λ₂":0.34517105540606074,"a₁":-1.2523711917877414,"a₂":-0.008773593715641681,"b₁":-13.027183028260005},">":{"γ":1.8909133237278102,"b₂":-3.2088468395402856,"λ₁":-5.245573673516596,"λ₂":-2.486196197452923,"a₁":0.9264677439210072,"a₂":-3.643630955622978,"b₁":-3.245737387869452}},"2":{"<":{"γ":11.674662440072488,"b₂":-5.109380554136655,"λ₁":-1.6914041028348894,"λ₂":-5.415130454352143,"a₁":-3.3133040302137626,"a₂":0.13795350203148615,"b₁":-13.795383693449184},"^":{"γ":1.4172720058352706,"b₂":1.566997399724908,"λ₁":-1.2453170379643606,"λ₂":-1.613339822284793,"a₁":0.033249329835046026,"a₂":-2.2979356971416802,"b₁":-0.14480949322671322},">":{"γ":-1.4828548016783873,"b₂":-0.5213952548783656,"λ₁":-0.8540463314652964,"λ₂":-0.6960442818217114,"a₁":-0.19409706591453002,"a₂":-1.606140934670444,"b₁":-1.9092554779825868}},"3":{"<":{"γ":-0.7815698049347244,"b₂":-2.5798915170468977,"λ₁":-1.9039597326249673,"λ₂":-1.899352730335746,"a₁":0.15541242065278382,"a₂":-0.9175948682892798,"b₁":-2.4280670147451513},"^":{"γ":1.5283803616279172,"b₂":-12.30136397003761,"λ₁":-0.8208850020668059,"λ₂":-0.9283454975464398,"a₁":0.02468291194437988,"a₂":0.05377001315921426,"b₁":-0.7958554827616684},">":{"γ":2.5983367175425798,"b₂":-6.2632679938002696,"λ₁":-13.812633145880062,"λ₂":-3.0831959762733394,"a₁":-1.6750480803493826,"a₂":-5.029845904685661,"b₁":-5.120403391596907}},"5":{"<":{"γ":-2.2826354904726482,"b₂":-0.8907010879564154,"λ₁":-2.3048858128627057,"λ₂":-1.5139301798665539,"a₁":0.3693458420179656,"a₂":-0.29857446312301406,"b₁":-2.7850554923634405},"^":{"γ":-0.08538586976120932,"b₂":3.876298496239876,"λ₁":-2.8290038589990907,"λ₂":-1.3078560036726223,"a₁":0.7926857785948513,"a₂":0.6576029091643747,"b₁":-1.0572020174752748},">":{"γ":2.4566765293451382,"b₂":-1.407952724798676,"λ₁":-4.763174767802267,"λ₂":-2.3041103478878355,"a₁":-0.38993331152429356,"a₂":0.22461464056169866,"b₁":-4.199331530512351}},"1":{"<":{"γ":-2.146094516618705,"b₂":-1.3650553943423844,"λ₁":7.78823372750562,"λ₂":0.6848346018335629,"a₁":0.3013563949599938,"a₂":-0.07518714743094357,"b₁":1.2725637643403829},"^":{"γ":-13.813230854118,"b₂":13.81521055325942,"λ₁":13.815191125873987,"λ₂":13.815301848066735,"a₁":-0.26058872208180617,"a₂":-13.812775612825739,"b₁":-0.8494088546458407},">":{"γ":-3.481561202499897,"b₂":-3.7049520565062117,"λ₁":13.61308617867649,"λ₂":0.8652562453545887,"a₁":-1.4088783235762037,"a₂":-2.550771294396121,"b₁":-1.1411317317948946}}},"pair0041":{"4":{"<":{"γ":0.36124686134650297,"b₂":-0.2564535747898109,"λ₁":-2.5566012846074777,"λ₂":1.2555470862491802,"a₁":-1.792159397767369,"a₂":-0.33361272725389135,"b₁":-2.8065106137150853},"^":{"γ":3.1871604051640716,"b₂":13.57371286873206,"λ₁":-4.02081879984669,"λ₂":0.5167598056417972,"a₁":-0.43126233600947295,"a₂":-5.705510254631335,"b₁":-3.087560325874195},">":{"γ":13.777621867707222,"b₂":13.765659799817143,"λ₁":-7.7428617375202435,"λ₂":2.0653386079351073,"a₁":-1.9342342757558377,"a₂":13.742360807767941,"b₁":-13.803271875183679}},"2":{"<":{"γ":-1.0397666711391107,"b₂":1.5047669379323878,"λ₁":-1.2739800232728165,"λ₂":1.3607315170630159,"a₁":-0.07116733352549964,"a₂":1.386859179575568,"b₁":-1.6905078520062187},"^":{"γ":0.35928114562878655,"b₂":-1.2855565034702199,"λ₁":-2.5849500440395072,"λ₂":-0.5575894574972828,"a₁":0.012279829070704906,"a₂":-0.04757698825123846,"b₁":-0.18793621905743585},">":{"γ":0.186676373895855,"b₂":-0.1309701493924358,"λ₁":-1.2856714008769359,"λ₂":0.9126330426857372,"a₁":-0.1465014496109749,"a₂":0.24708882672690535,"b₁":-0.25593326174065467}},"3":{"<":{"γ":3.6787766950515604,"b₂":-1.280919401779082,"λ₁":-0.1617589344168575,"λ₂":3.201372334082606,"a₁":1.3992337168524003,"a₂":-0.39358493826339114,"b₁":0.02548836755597428},"^":{"γ":-5.833589931113276,"b₂":13.815510557964274,"λ₁":-5.470288128046503,"λ₂":2.226075010587085,"a₁":-4.060633393643762,"a₂":-9.503469573580345,"b₁":-10.221343314773183},">":{"γ":2.049034075440943,"b₂":-0.08025333271119628,"λ₁":-0.9040703699027883,"λ₂":-1.2386209117069455,"a₁":-0.04702967372361222,"a₂":0.6581386556906228,"b₁":-2.2265631629109937}},"5":{"<":{"γ":2.930911250766279,"b₂":-2.49141719443025,"λ₁":-2.3497985330074407,"λ₂":1.8533693739737966,"a₁":1.9928222831886675,"a₂":-2.1284698562842284,"b₁":-0.6073825193967224},"^":{"γ":2.682579115776498,"b₂":-4.2306912272668455,"λ₁":-0.3485313226056288,"λ₂":-0.8424536344843983,"a₁":-0.15879211197987075,"a₂":-13.815510557964274,"b₁":-1.8724390731726714},">":{"γ":-0.9701144796153223,"b₂":0.5024584545891457,"λ₁":-3.961412231526934,"λ₂":1.443091319957686,"a₁":-1.0996617003675269,"a₂":-0.08646937344847139,"b₁":-2.2997286279433435}},"1":{"<":{"γ":0.9551411101638152,"b₂":0.3353757552499417,"λ₁":13.056897774468045,"λ₂":4.3252483147906275,"a₁":0.7502814601651444,"a₂":-0.24284424241218083,"b₁":-0.3839634678594539},"^":{"γ":13.815510557964274,"b₂":-13.815510557964274,"λ₁":13.815510557964274,"λ₂":13.815510557964274,"a₁":-0.674767375627173,"a₂":-13.815510557964274,"b₁":-0.1966143810954808},">":{"γ":-13.815510557964274,"b₂":1.0415465651101101,"λ₁":-4.14627239615089,"λ₂":2.787569867793664,"a₁":0.029539895422738383,"a₂":-0.11601016799147601,"b₁":0.06825405266524776}}}}}