{"likelihoods":{"pair0076":{"4":{"<":738.6175050796463,"^":780.0073137557243,">":740.0293401074429},"2":{"<":739.0293063562808,"^":864.9428511789272,">":741.4075775373558},"3":{"<":748.3771301417114,"^":878.8989235104319,">":743.8909739835399},"5":{"<":750.2246373514441,"^":780.8043859952326,">":744.8712948160838},"1":{"<":769.8927419796391,"^":983.7470625092473,">":766.9836965045683}},"pair0080":{"4":{"<":1338.7560450801416,"^":1402.8229756722978,">":1329.3497916801607},"2":{"<":1388.9858227504658,"^":1540.1460316020937,">":1399.6089181127645},"3":{"<":1334.8428939847013,"^":1430.120687630719,">":0.0},"5":{"<":1345.3199428815494,"^":1300.677264767596,">":1395.923607299346},"1":{"<":1897.2580182463125,"^":2051.427482519932,">":1895.2747256770049}},"pair0077":{"4":{"<":2428.7643483746897,"^":2394.514484637465,">":2408.453311136953},"2":{"<":2426.7534444007465,"^":2498.097162499532,">":2417.749323914796},"3":{"<":2416.943192090048,"^":2413.0011503445403,">":2411.76862334653},"5":{"<":2434.2565113379674,"^":2367.3896396497817,">":2413.7472038184837},"1":{"<":2515.0112053542243,"^":2841.596239308515,">":2516.4291160350226}},"pair0078":{"4":{"<":1272.9038858906015,"^":1428.3987315229917,">":1270.4647899875358},"2":{"<":1317.8174929388865,"^":1651.2599322553444,">":1321.2606534107524},"3":{"<":1285.5564102744809,"^":1512.4146379912922,">":1280.9556961718376},"5":{"<":1335.0253549320748,"^":1351.2057158397806,">":1318.008573835983},"1":{"<":1507.6092904445675,"^":2045.109941089033,">":1508.8580830326068}},"pair0079":{"4":{"<":1476.2092820911676,"^":1497.0938266836456,">":1486.3397872383},"2":{"<":1476.6598466125797,"^":1736.7265692834778,">":1497.602317546456},"3":{"<":1453.042625570845,"^":1582.938110726874,">":1460.434303678873},"5":{"<":1503.910042087244,"^":1488.577608964105,">":1482.8145422707084},"1":{"<":1630.2158011508093,"^":2053.9785837484296,">":1630.2158011508093}}}}