{"parameters":{"pair0076":{"4":{"<":{"γ":0.03402996317221607,"b₂":-0.7236733892084963,"λ₁":0.021595650253164678,"λ₂":-0.08362017342119366,"a₁":0.04152822247653454,"a₂":-0.10088988236633334,"b₁":0.05295267611719723},"^":{"γ":1.2737720310834604,"b₂":1.2917904754147465,"λ₁":-1.5097229574498705,"λ₂":0.32059695149127165,"a₁":0.059696669402040214,"a₂":7.585152855704727,"b₁":-1.607518986405342},">":{"γ":0.003005317196816293,"b₂":-5.454353248824722,"λ₁":-0.9213101158602868,"λ₂":-0.07149517753217438,"a₁":0.016302010332761796,"a₂":-0.37993502266900947,"b₁":0.054754818168477826}},"2":{"<":{"γ":-0.9835383423310873,"b₂":-1.0849587671427727,"λ₁":0.8955352001595305,"λ₂":-0.1902052618697727,"a₁":-0.03399679829669999,"a₂":-0.04758308166841019,"b₁":-0.000806997813898036},"^":{"γ":11.464288454945066,"b₂":11.0948528537963,"λ₁":-0.4901495342309765,"λ₂":-0.7963647826732068,"a₁":0.009719141008256216,"a₂":3.4867078761585866,"b₁":-0.5128647767762882},">":{"γ":-0.29921393499945736,"b₂":-4.634635919669128,"λ₁":9.079912840899265,"λ₂":-1.3533879541744174,"a₁":-3.0906465805985572,"a₂":-1.2593364872087474,"b₁":-6.122460587059474}},"3":{"<":{"γ":0.0,"b₂":0.0,"λ₁":0.0,"λ₂":0.0,"a₁":0.0,"a₂":0.0,"b₁":0.0},"^":{"γ":0.5213643832185131,"b₂":-2.3823550746429927,"λ₁":-3.3492572978529225,"λ₂":-11.473599118947174,"a₁":-5.109778552837092,"a₂":3.685691431502942,"b₁":-13.815510557964274},">":{"γ":-3.4289462608239685,"b₂":0.03354051977700223,"λ₁":2.737217197492331,"λ₂":-1.3688108854789238,"a₁":0.07187925903028258,"a₂":-0.48596685698197284,"b₁":0.16059602287120178}},"5":{"<":{"γ":1.4730992149608433,"b₂":-1.115337646315984,"λ₁":-3.8284508821933585,"λ₂":-1.3724966503770855,"a₁":-0.25042671861908516,"a₂":0.9348754534295161,"b₁":-0.5487749226852685},"^":{"γ":-0.7869414171407527,"b₂":-0.6405407962238012,"λ₁":-1.320073798918619,"λ₂":-0.8549129658732575,"a₁":0.39519728020780853,"a₂":-5.626102022551702,"b₁":-0.19490494483497578},">":{"γ":-2.076817705819927,"b₂":-1.4364277263555874,"λ₁":0.6899511874571864,"λ₂":-0.8215013025811615,"a₁":-1.5807449509413924,"a₂":-0.9928660985573305,"b₁":-3.0864438106023364}},"1":{"<":{"γ":0.0,"b₂":0.0,"λ₁":0.0,"λ₂":0.0,"a₁":0.0,"a₂":0.0,"b₁":0.0},"^":{"γ":-13.815510557964274,"b₂":7.401880963711598,"λ₁":13.684152938584397,"λ₂":13.815510557964274,"a₁":10.545025276684342,"a₂":13.815510557964274,"b₁":10.543308498365516},">":{"γ":0.0,"b₂":0.0,"λ₁":9.21034037197618,"λ₂":0.0,"a₁":0.0,"a₂":0.0,"b₁":0.0}}},"pair0080":{"4":{"<":{"γ":12.830402138071744,"b₂":-4.627911593676091,"λ₁":1.0561910770156668,"λ₂":-6.3542043682812945,"a₁":-0.09088385841480218,"a₂":-2.6726196025873072,"b₁":-1.5325694828738445},"^":{"γ":13.809209420008031,"b₂":13.815510557964274,"λ₁":-13.80812435043363,"λ₂":-13.815510557964274,"a₁":-1.997417728760194,"a₂":13.815510557964274,"b₁":-9.192450197823984},">":{"γ":-1.1481047304631016,"b₂":-5.215504967706895,"λ₁":0.9357374257536311,"λ₂":-4.727212448355029,"a₁":0.014169497677436027,"a₂":-7.284808286529884,"b₁":-0.9718846922732496}},"2":{"<":{"γ":0.29971094405603793,"b₂":-13.811967515038996,"λ₁":1.084487135758918,"λ₂":-4.640684453598315,"a₁":0.1381502888869477,"a₂":-1.6147711655683938,"b₁":1.2207991964365643},"^":{"γ":1.4794292311257617,"b₂":13.815510557964274,"λ₁":-5.258814633958,"λ₂":-6.911632645763107,"a₁":-1.2761560223223807,"a₂":-1.4113907354523807,"b₁":-13.815510557964274},">":{"γ":2.599974042542165,"b₂":-12.265350350603407,"λ₁":-1.5375384048737022,"λ₂":-2.764548329485635,"a₁":-3.913070692398133,"a₂":-0.5412465743504189,"b₁":-2.6009573292639665}},"3":{"<":{"γ":3.6480580983907025,"b₂":-4.91760303892036,"λ₁":-0.26248454667339693,"λ₂":-4.430543160823273,"a₁":-2.6894945252656832,"a₂":0.38904159378072123,"b₁":1.2835424480293476},"^":{"γ":3.2055022706538807,"b₂":2.0630745683559653,"λ₁":-13.813378662393665,"λ₂":-13.812887442941793,"a₁":-3.05187368913454,"a₂":-13.81235617452482,"b₁":-13.815510557964274},">":{"γ":0.0,"b₂":0.0,"λ₁":0.0,"λ₂":0.0,"a₁":0.0,"a₂":0.0,"b₁":0.0}},"5":{"<":{"γ":-4.32769836628148,"b₂":-10.426420713546404,"λ₁":-7.6209744204411844,"λ₂":-6.365975396489063,"a₁":10.426252170621584,"a₂":-2.8101018826010655,"b₁":9.646913949005036},"^":{"γ":0.9366794841049941,"b₂":-13.754036973003622,"λ₁":-2.6969622273324045,"λ₂":-8.410150287287289,"a₁":-4.015684738369163,"a₂":8.159656046661883,"b₁":-7.441625404211451},">":{"γ":8.187892971494676,"b₂":-4.549233367782023,"λ₁":-0.6787164371758259,"λ₂":-1.1376781147851744,"a₁":-1.212240928529381,"a₂":-2.4847514433481983,"b₁":-1.0166227650431292}},"1":{"<":{"γ":-8.311190509036095,"b₂":-1.0596753025072392,"λ₁":10.927258993660121,"λ₂":1.3262807451973213,"a₁":-2.3701649494097197,"a₂":-1.9146844707340698,"b₁":-2.0564123291180003},"^":{"γ":13.804653052581742,"b₂":13.815510557964274,"λ₁":13.815510557964274,"λ₂":13.815510557964274,"a₁":-0.09804811113364664,"a₂":-13.815510557964274,"b₁":-0.5401846556902807},">":{"γ":-6.212644146257892,"b₂":-0.03922865752317328,"λ₁":12.75927801610602,"λ₂":0.023979003546692468,"a₁":-0.025240212375440052,"a₂":0.12325613094052379,"b₁":0.0650493969285364}}},"pair0077":{"4":{"<":{"γ":10.75109823442531,"b₂":-2.5390832086604505,"λ₁":0.1305663623443749,"λ₂":-0.11058565935973164,"a₁":-0.488038664522211,"a₂":-1.0900777395608845,"b₁":-6.827530060443583},"^":{"γ":1.5215500611594024,"b₂":4.375144336671099,"λ₁":-0.8869893170641685,"λ₂":-0.7603313121091109,"a₁":1.299984132238718,"a₂":-2.2635869956108916,"b₁":-0.1791104513820141},">":{"γ":2.82096269790134,"b₂":-4.65154314281499,"λ₁":0.3955733880394714,"λ₂":-1.4425283193073994,"a₁":0.16904880518527143,"a₂":-0.6186924057202301,"b₁":0.6816719680844834}},"2":{"<":{"γ":0.020474582737355362,"b₂":0.0015190618672491496,"λ₁":0.0024269804057990285,"λ₂":-0.009668532113611406,"a₁":-1.7295803475619618,"a₂":-0.0870051777382379,"b₁":-5.685703727401391},"^":{"γ":2.1191454154228406,"b₂":-0.1977991324105126,"λ₁":0.36020415815466045,"λ₂":-0.3861993642227759,"a₁":-0.007128502349850407,"a₂":-0.1185216678893557,"b₁":-0.11630655995735673},">":{"γ":0.04492580755766973,"b₂":-5.419484352881151,"λ₁":-0.05209335771869483,"λ₂":0.0900058218211992,"a₁":-0.06884650515920576,"a₂":-2.011752591839338,"b₁":0.054332325701492934}},"3":{"<":{"γ":-0.28237480408416715,"b₂":-0.3699119022147759,"λ₁":0.05097572180928722,"λ₂":-0.643481778948999,"a₁":-0.2689986341030366,"a₂":0.28598152146046196,"b₁":-1.4009157897180184},"^":{"γ":6.8633224042617655,"b₂":-0.061114207398928144,"λ₁":-0.5077325030445508,"λ₂":-1.8432940614208846,"a₁":0.48509908496737886,"a₂":-13.802047817181162,"b₁":-1.2286836702417272},">":{"γ":-0.017234149557660672,"b₂":-1.186985502688124,"λ₁":-0.03495467295746124,"λ₂":0.02046217574392628,"a₁":0.00847842707763391,"a₂":0.9641199951248147,"b₁":0.0190492660627406}},"5":{"<":{"γ":2.2729534816742216,"b₂":-4.706791883185444,"λ₁":1.1643783859150076,"λ₂":-1.4937918624163213,"a₁":0.4119170013084634,"a₂":-5.31028472009022,"b₁":-0.11762060601342483},"^":{"γ":13.815510557964274,"b₂":-13.815510557964274,"λ₁":-0.9016515638554523,"λ₂":-2.779685921442592,"a₁":-0.16386753011250121,"a₂":13.815510557964274,"b₁":-2.640653129919137},">":{"γ":0.3266589218304521,"b₂":-5.0256116956891095,"λ₁":-0.6165178969034688,"λ₂":-1.855925789170552,"a₁":0.7119383423482706,"a₂":-2.079255029586413,"b₁":-0.4510128575650256}},"1":{"<":{"γ":-0.33251634698253163,"b₂":-0.4752924938578271,"λ₁":-0.12076380431495792,"λ₂":0.42714157205744385,"a₁":-0.062250445928889064,"a₂":0.26658675000121157,"b₁":-0.5413854782346519},"^":{"γ":13.815510557964274,"b₂":13.815510557964274,"λ₁":13.815510557964274,"λ₂":13.815510557964274,"a₁":1.879533402942883,"a₂":2.289526462219257,"b₁":2.1013433879933654},">":{"γ":2.393013165278326,"b₂":-5.2340785934203815,"λ₁":13.74350252313604,"λ₂":-1.0002926316239638,"a₁":-0.7893882713340581,"a₂":-0.9199260910381515,"b₁":-3.5934621110659783}}},"pair0078":{"4":{"<":{"γ":0.9230532681789505,"b₂":-3.587828712239439,"λ₁":-2.4325466423679103,"λ₂":-0.2174017275050435,"a₁":0.4404667580173953,"a₂":-0.6541134805002677,"b₁":-2.1388741817682835},"^":{"γ":-0.6312190185635203,"b₂":-0.5745256457174897,"λ₁":-7.005621772062391,