{"params":{"P":100,"m₂":0.0,"b₁":9994.689959822364,"name":"m_1_k_3","seed_no":100,"M":4,"λ₁":2.346724245683096,"a₂":0.07361825029787622,"b₂":1.1797570415710383,"Rs":[1,2,3,4,5],"T_max":1000,"m₁":0.0,"γ":5.008352967334666,"a₁":0.00269476419018082,"λ₂":105.60889660087302,"EPOCHS":200,"tr_acc":-0.8001717263522307}}