{"params":{"P":100,"m₂":0.0,"b₁":0.38730448249194616,"name":"m_1_k_2","seed_no":100,"M":4,"λ₁":0.004114930341556105,"a₂":0.00010074978944402615,"b₂":0.00011973988022282848,"Rs":[1,2,3,4,5],"T_max":1000,"m₁":0.0,"γ":0.0007876419679097332,"a₁":16.08953095239072,"λ₂":0.2148513991070705,"EPOCHS":200,"tr_acc":-0.8478059760667438}}