{"params":{"P":100,"m₂":0.0,"b₁":0.00010008502962191973,"name":"m_1_k_1","seed_no":100,"M":4,"λ₁":132.0652821394232,"a₂":0.0009944209091740325,"b₂":9984.354119413294,"Rs":[1,2,3,4,5],"T_max":1000,"m₁":0.0,"γ":0.00010020948259787002,"a₁":10000.000000000025,"λ₂":67.9754270114533,"EPOCHS":200,"tr_acc":-0.8025450826989565}}