{"likelihoods":{"pair0070":{"4":{"<":-21629.02315888221,"^":-21016.219610570944,">":-20963.23431310549},"2":{"<":-23237.741205247734,"^":-20997.775631520835,">":-20969.890323778007},"3":{"<":-21170.269761054835,"^":-21020.256992890514,">":-21082.224599471596},"5":{"<":-22912.333764646766,"^":-21027.146918224662,">":-18708.94029856862},"1":{"<":11631.593180096357,"^":12774.90238320554,">":11622.796295653565}},"pair0074":{"4":{"<":324.895374884352,"^":286.24351574466226,">":295.41793551928805},"2":{"<":314.25599038928607,"^":0.0,">":315.14832170321256},"3":{"<":313.0261440340699,"^":296.19563887463494,">":304.3547153020213},"5":{"<":261.4239465301006,"^":252.50152195633547,">":263.4799501684025},"1":{"<":499.48914816499763,"^":549.5748074798594,">":499.029498164748}},"pair0066":{"4":{"<":2964.328655919338,"^":3122.2969955390395,">":2834.295104381665},"2":{"<":2981.5201980907705,"^":3549.50678303966,">":2976.1972537859347},"3":{"<":2877.354378294305,"^":3246.937918485438,">":2980.115398826303},"5":{"<":2987.860279298379,"^":3068.282079266955,">":2985.2993670574647},"1":{"<":3078.6375619699475,"^":3784.321305695995,">":3072.6713211057818}},"pair0068":{"4":{"<":-592.658404036434,"^":-1853.379053983011,">":-1948.4923212881495},"2":{"<":-1725.1450354493609,"^":-1656.907430358251,">":-1740.2551195374076},"3":{"<":-1793.677733428657,"^":-1818.102385941931,">":-1771.9113910431154},"5":{"<":-1946.146414294644,"^":-1985.6450596589377,">":-1630.881395471906},"1":{"<":1231.4401591678763,"^":1415.1191287393558,">":1228.7114702732395}},"pair0069":{"4":{"<":41807.781242158875,"^":42273.4133101295,">":41798.60998231972},"2":{"<":42712.318433162094,"^":43415.821715436075,">":42714.2608881314},"3":{"<":42144.018051636565,"^":42601.125228558725,">":42150.0665224455},"5":{"<":32849.66252443374,"^":41935.05183321919,">":40115.350805922906},"1":{"<":45307.830193271315,"^":46490.68504250105,">":45304.30777385358}},"pair0075":{"4":{"<":224.75036018292226,"^":280.12777946338787,">":311.51549909754834},"2":{"<":306.216717883819,"^":329.4130478364707,">":300.72583627999757},"3":{"<":291.0083386032544,"^":250.21494146518938,">":259.54410953912753},"5":{"<":229.85681592926025,"^":206.5472818963389,">":225.51615099661203},"1":{"<":539.8649649218227,"^":580.7952645641152,">":539.8649649218227}},"pair0073":{"4":{"<":1314.0951516738505,"^":2814.6808049436368,">":1228.9195784431317},"2":{"<":3645.928295003981,"^":7071.6731752062315,">":3665.789296308833},"3":{"<":1784.3900204875981,"^":4400.0366674033785,">":1803.7054832613767},"5":{"<":962.4318886253105,"^":2077.7770194112,">":996.0665707004503},"1":{"<":10101.09465915827,"^":14427.404536475213,">":10099.25211203681}},"pair0067":{"4":{"<":2975.2790196933147,"^":3288.2305905839085,">":3032.427364206009},"2":{"<":3206.7479002588657,"^":3576.643148528758,">":3209.820860431218},"3":{"<":3222.6760001759235,"^":3360.1206455341303,">":3227.145521889471},"5":{"<":3227.016185129638,"^":3267.119541545905,">":3231.560237754794},"1":{"<":3345.7171883507967,"^":3787.333235345157,">":3345.9877794228137}},"pair0072":{"4":{"<":4228.432486388216,"^":4229.243050983078,">":4218.580533542639},"2":{"<":4357.184928516164,"^":4360.637462711307,">":4348.530408783928},"3":{"<":4252.754755263732,"^":4244.793569083724,">":4252.204774484894},"5":{"<":4243.920640248911,"^":4204.482908101637,">":4220.8689641585015},"1":{"<":4627.238800191322,"^":4630.666784347978,">":4627.477541340551}},"pair0065":{"4":{"<":3275.6838868787327,"^":3401.549678685104,">":3237.575976008338},"2":{"<":3346.415334134593,"^":3530.885867076425,">":3339.594200496676},"3":{"<":3351.191288333257,"^":3453.981492974739,">":3354.185214471218},"5":{"<":3360.0075487643435,"^":3373.0577881742825,">":3361.1962017103815},"1":{"<":3537.745098319093,"^":3783.3004964914635,">":3537.922270488061}}}}