{"params":{"P":100,"m₂":0.0,"b₁":9991.14039214321,"name":"m_1_k_3","seed_no":118,"M":4,"λ₁":0.020438290214967438,"a₂":0.855801404820201,"b₂":0.00010000000000000009,"Rs":[1,2,3,4,5],"T_max":1000,"m₁":0.0,"γ":0.00010000000000000009,"a₁":0.1585972933095611,"λ₂":100.34455506358128,"EPOCHS":200,"tr_acc":-0.808686207642427}}