{"params":{"P":100,"m₂":0.0,"b₁":0.7774681917133626,"name":"m_1_k_2","seed_no":118,"M":4,"λ₁":0.00010000000000000009,"a₂":0.047590631275041304,"b₂":0.00010000000000000009,"Rs":[1,2,3,4,5],"T_max":1000,"m₁":0.0,"γ":9640.568385555844,"a₁":126.52280747528317,"λ₂":0.016094631565887738,"EPOCHS":200,"tr_acc":-0.8742600092003953}}