{"params":{"P":100,"m₂":0.0,"b₁":9739.951078885955,"name":"m_1_k_1","seed_no":118,"M":4,"λ₁":0.00010000000000000009,"a₂":0.00010213671808919036,"b₂":0.00010142924943602799,"Rs":[1,2,3,4,5],"T_max":1000,"m₁":0.0,"γ":0.00012075394695133663,"a₁":0.0008277128409033311,"λ₂":0.6501686386256426,"EPOCHS":200,"tr_acc":-0.816002575127032}}