{"params":{"P":100,"m₂":0.0,"b₁":0.00010014982136824469,"name":"m_1_k_3","seed_no":115,"M":4,"λ₁":0.00010014619905774727,"a₂":0.0003213678086332474,"b₂":0.0074166487277474115,"Rs":[1,2,3,4,5],"T_max":1000,"m₁":0.0,"γ":9993.902498694051,"a₁":0.00010000000000000009,"λ₂":0.8005400405968851,"EPOCHS":200,"tr_acc":-0.8132602132523602}}