{"params":{"P":100,"m₂":0.0,"b₁":0.00010018452718674283,"name":"m_1_k_1","seed_no":115,"M":4,"λ₁":9998.554667450597,"a₂":0.00010017865099496331,"b₂":10000.000000000025,"Rs":[1,2,3,4,5],"T_max":1000,"m₁":0.0,"γ":0.00016079705062267992,"a₁":9999.432486602023,"λ₂":23.130522789960228,"EPOCHS":200,"tr_acc":-0.8353396688239856}}