{"params":{"P":100,"m₂":0.0,"b₁":9666.565584681275,"name":"m_1_k_2","seed_no":115,"M":4,"λ₁":0.046204032470729114,"a₂":0.00016077681013965353,"b₂":0.7971301614039433,"Rs":[1,2,3,4,5],"T_max":1000,"m₁":0.0,"γ":0.00010238456928862334,"a₁":0.0001015329188322984,"λ₂":47.42045646263011,"EPOCHS":200,"tr_acc":-0.7960811147051505}}