{"likelihoods":{"pair0087":{"4":{"<":-21756.856488276244,"^":-19699.627426005125,">":-21693.619774784576},"2":{"<":-19263.832687043705,"^":-20237.774728241468,">":-11759.720201418315},"3":{"<":-21079.531275188114,"^":-21511.471389499515,">":-19495.147446880033},"5":{"<":-21234.454791962715,"^":-18375.424423006727,">":-10733.237084555905},"1":{"<":21671.006094105676,"^":22001.0724877343,">":21672.20963686115}},"pair0090":{"4":{"<":361.6403625032518,"^":366.5405523422524,">":358.8649933680655},"2":{"<":356.4440179617253,"^":358.5177366087304,">":361.3907679738051},"3":{"<":353.50492189338956,"^":356.5691750724423,">":354.84375919456977},"5":{"<":359.1519398107436,"^":367.14080136724846,">":354.491976526891},"1":{"<":355.00137748965375,"^":361.0600948942346,">":355.1122823638362}},"pair0088":{"4":{"<":673.4667654700788,"^":671.7790788908688,">":665.3885007333049},"2":{"<":660.3728778168789,"^":660.6049894731001,">":664.2507762765033},"3":{"<":669.0595929752564,"^":667.1681302101797,">":669.0595929752562},"5":{"<":669.0479162889268,"^":661.5669645560135,">":671.1882238805755},"1":{"<":708.6524743350188,"^":744.3823640510199,">":711.2725681455246}},"pair0089":{"4":{"<":355.9970789473974,"^":355.142508206696,">":354.7292053816002},"2":{"<":347.0149400538367,"^":355.4462247852312,">":364.99615942252944},"3":{"<":347.62815449166607,"^":0.0,">":349.79448953195816},"5":{"<":352.9017965912396,"^":361.1653396375173,">":357.6760795287655},"1":{"<":345.26965142279505,"^":371.28314817781416,">":349.24452946990004}},"pair0086":{"4":{"<":1618.434993036682,"^":1620.1209758615619,">":1611.854674142541},"2":{"<":1633.9408786302906,"^":1697.775237167057,">":1630.9775749814767},"3":{"<":1610.425821972313,"^":1634.374634255616,">":1615.1374131284774},"5":{"<":1609.9461091278315,"^":1567.2162917238652,">":1613.497116710418},"1":{"<":1712.8649536198388,"^":1889.0268045779978,">":1715.3628268883597}}}}