{"parameters":{"pair0087":{"4":{"<":{"γ":-1.3966292384613261,"b₂":-13.815510557964274,"λ₁":-4.710579263871612,"λ₂":-13.812813855308026,"a₁":-5.496785452560033,"a₂":-2.5117218335106752,"b₁":-5.350744471513053},"^":{"γ":-1.0584332223972854,"b₂":-13.804378319033537,"λ₁":-13.7791459151934,"λ₂":-11.109233609208417,"a₁":-13.255569235222197,"a₂":-4.546742195277464,"b₁":-13.815510557964274},">":{"γ":-10.723479679452877,"b₂":-13.815445116698548,"λ₁":0.5702964501726786,"λ₂":-13.81494902531069,"a₁":-7.909579917425193,"a₂":-6.158503763994296,"b₁":0.491598042908981}},"2":{"<":{"γ":13.731241440700622,"b₂":-13.814226642231498,"λ₁":-13.759422255337125,"λ₂":-13.812762975174435,"a₁":13.793294106872718,"a₂":-13.792461803220007,"b₁":13.79274486202019},"^":{"γ":-13.428802573887246,"b₂":-12.779562731189184,"λ₁":4.102678590814083,"λ₂":-13.792438924521596,"a₁":-13.815510557964274,"a₂":-13.773343694905602,"b₁":-13.804406884578581},">":{"γ":2.2885877035288935,"b₂":-13.815510557964274,"λ₁":-1.9116664818176368,"λ₂":-7.763412725557729,"a₁":-11.85110104789745,"a₂":-13.270613762124096,"b₁":-13.815510557964274}},"3":{"<":{"γ":-9.762648186644169,"b₂":-13.815510557964274,"λ₁":-2.095168177982096,"λ₂":-13.815510557964274,"a₁":5.356512319961901,"a₂":-12.32874066694092,"b₁":3.4219979536588454},"^":{"γ":0.8395931498407165,"b₂":-5.557582521781146,"λ₁":-1.6308891762640343,"λ₂":-13.815510557964274,"a₁":-2.92907964608664,"a₂":-3.0310637323189518,"b₁":-13.815510557964274},">":{"γ":13.815510557964274,"b₂":-13.815510557964274,"λ₁":-13.815510557964274,"λ₂":-13.815510557964274,"a₁":13.815510557964274,"a₂":-12.90404832508204,"b₁":13.78826206455388}},"5":{"<":{"γ":-1.989253820384807,"b₂":-13.809788620188552,"λ₁":-2.556240389974951,"λ₂":-13.799126959147372,"a₁":-13.764859816651928,"a₂":2.6189828736536143,"b₁":-13.808631021494273},"^":{"γ":13.815510557964274,"b₂":-13.815510557964274,"λ₁":13.815510557964274,"λ₂":-13.815510557964274,"a₁":-3.3005406610841064,"a₂":-13.815510557964274,"b₁":-13.815510557964274},">":{"γ":0.7141296373572725,"b₂":-8.639221207731914,"λ₁":-2.4480646802445545,"λ₂":-11.30206047712597,"a₁":-5.789946564194196,"a₂":-6.384396907390788,"b₁":-6.411210505064701}},"1":{"<":{"γ":0.3268444114490432,"b₂":-2.314466814340456,"λ₁":3.4359692461785443,"λ₂":0.4429859951134283,"a₁":0.3660032478384121,"a₂":-0.01009754423297693,"b₁":-0.28459284089032444},"^":{"γ":13.815510557964274,"b₂":-13.815510557964274,"λ₁":13.815510557964274,"λ₂":13.815510557964274,"a₁":13.815510557964274,"a₂":-13.815510557964274,"b₁":13.815510557964274},">":{"γ":0.0,"b₂":0.0,"λ₁":0.0,"λ₂":0.0,"a₁":0.0,"a₂":0.0,"b₁":0.0}}},"pair0090":{"4":{"<":{"γ":-3.0587652428158165,"b₂":1.0148965452339969,"λ₁":-0.25880273778209784,"λ₂":1.8797313809361107,"a₁":0.02782906234037874,"a₂":-1.1038934952564432,"b₁":1.2539201438155665},"^":{"γ":-1.35403732966531,"b₂":-1.3110485271478414,"λ₁":-0.066157062781798,"λ₂":-0.503053392054035,"a₁":-0.07019691991974675,"a₂":0.5500793347847672,"b₁":-0.665271917541201},">":{"γ":-8.477049974788962,"b₂":-1.5951640944960097,"λ₁":2.1258502474623935,"λ₂":4.675451322870689,"a₁":-0.027176287312448366,"a₂":-0.6037757223828955,"b₁":0.3525515686624576}},"2":{"<":{"γ":-10.396050612254513,"b₂":1.6159024885066415,"λ₁":13.814883021858336,"λ₂":1.832952270088784,"a₁":-0.16978238688440506,"a₂":0.20811862485861177,"b₁":-0.11280328999720446},"^":{"γ":9.332497589932935,"b₂":13.791922728844096,"λ₁":0.3547037692512305,"λ₂":1.6025058737981883,"a₁":0.48975156868880987,"a₂":13.779305413583575,"b₁":-0.182724969884406},">":{"γ":-6.335332393604657,"b₂":0.15027433734519136,"λ₁":13.815510557964274,"λ₂":5.578698491983715,"a₁":-3.867430404453641,"a₂":-0.92524652371592,"b₁":-4.135351238290648}},"3":{"<":{"γ":-13.783812655279444,"b₂":13.536321770223928,"λ₁":12.057462023310919,"λ₂":1.6129893396409134,"a₁":0.3890610674803483,"a₂":13.815510557964274,"b₁":1.657898074910177},"^":{"γ":13.794422295889401,"b₂":13.815510557964274,"λ₁":13.815510557964274,"λ₂":13.808590588555877,"a₁":12.771472019019885,"a₂":-13.805890847974444,"b₁":12.76130144308711},">":{"γ":-6.281863926476002,"b₂":0.8468047637127967,"λ₁":9.91497773021155,"λ₂":3.257356271699688,"a₁":0.2865954248162854,"a₂":0.22423005629124582,"b₁":-0.16331311456086794}},"5":{"<":{"γ":-7.933682015776717,"b₂":-0.21406723042484366,"λ₁":4.633879262112977,"λ₂":4.452176027484292,"a₁":-2.0962179110714914,"a₂":0.7507875322769078,"b₁":-6.804718476033727},"^":{"γ":-10.194375044909016,"b₂":13.649011785346676,"λ₁":8.774649496813655,"λ₂":13.815510557964274,"a₁":-1.873199191455619,"a₂":0.31217379868181006,"b₁":-9.909310254752443},">":{"γ":-9.69711690871842,"b₂":-5.612385427324808,"λ₁":13.780439648273482,"λ₂":3.0002216626479843,"a₁":8.24124636613751,"a₂":-2.3656106927768956,"b₁":8.168699236933517}},"1":{"<":{"γ":0.8184043268855739,"b₂":-3.1296987784330863,"λ₁":2.439293415832765,"λ₂":0.5551538207982443,"a₁":5.101066178806054,"a₂":-0.1827297849806584,"b₁":5.040404106218805},"^":{"γ":13.815510557964274,"b₂":13.815510557964274,"λ₁":13.815510557964274,"λ₂":13.815510557964274,"a₁":0.02010581495331465,"a₂":-13.815510557964274,"b₁":-0.4635691648220224},">":{"γ":-0.61409342999705,"b₂":0.5004588399466829,"λ₁":7.404528395854825,"λ₂":0.38978891398148185,"a₁":0.1919074824493343,"a₂":-0.30932827368023297,"b₁":0.31081601067698195}}},"pair0088":{"4":{"<":{"γ":0.0,"b₂":0.0,"λ₁":0.0,"λ₂":0.0,"a₁":0.0,"a₂":0.0,"b₁":0.0},"^":{"γ":-1.4941270466051293,"b₂":-2.7964192633413454,"λ₁":0.6086748118488075,"λ₂":0.4845056293772867,"a₁":0.10833564194907197,"a₂":0.7946657346930621,"b₁":-0.3133781803967519},">":{"γ":-1.0114081695900339,"b₂":-1.4156264309633997,"λ₁":-0.35105193953277336,"λ₂":1.706212887012585,"a₁":-0.16410998805955224,"a₂":0.13705307092730123,"b₁":-2.6649836634480195}},"2":{"<":{"γ":3.114630604593369,"b₂":0.04956602806988286,"λ₁":-0.6403651919604503,"λ₂":1.2352119296582327,"a₁":0.04071436602092682,"a₂":-0.2691407296313315,"b₁":-1.403848348780869},"^":{"γ":4.553084724346352,"b₂":2.774921344338342,"λ₁":-1.6130272621699149,"λ₂":-0.34843710077652723,"a₁":-0.009037728903576792,"a₂":-2.8501319977421815,"b₁":-1.3612267472680593},">":{"γ":0.0,"b₂":0.0,"λ₁":0.0,"λ₂":0.0,"a₁":0.0,"a₂":0.0,"b₁":0.0}},"3":{"<":{"γ":0.0,"b₂":0.0,"λ₁":0.0,"λ₂":0.0,"a₁":0.0,"a₂":0.0,"b₁":0.0},"^":{"γ":9.08504758770954,"b₂":-3.3857005593999965,"λ₁":-0.5384689779887744,"λ₂":-0.04832058615371615,"a₁":-0.028246071099189862,"a₂":-5.995278929397444,"b₁":-0.05832533999390854},">":{"γ":0.0,"b₂":0.0,"λ₁":0.0,"λ₂":0.0,"a₁":0.0,"a₂":0.0,"b₁":0.0}},"5":{"<":{"γ":-2.5584277741237536,"b₂":-1.0533785327229541,"λ₁":0.23323021502277363,"λ₂":-0.12403518484851794,"a₁":-0.6895005153588816,"a₂":-0.07752295335700765,"b₁":0.018393387405351902},"^":{"γ":9.1577117719769,"b₂":-7.431185791427695,"λ₁":-1.7471501567690542,"λ₂":-0.23432718881476156,"a₁":0.0345974396783042,"a₂":1.6341903109955958,"b₁":-1.6620303580453761},">":{"γ":-1.3375712120830041,"b₂":-0.15947922406301984,"λ₁":-0.43601597086354715,"λ₂":0.30599921544151165,"a₁":-0.9341771824347962,"a₂":0.3274449703560567,"b₁":-1.4619384603248768}},"1":{"<":{"γ":6.20790699764628,"b₂":0.987921276856822,"λ₁":6.530552444340859,"λ₂":0.3525455706684735,"a₁":0.24429733265945686,"a₂":0.4702306850673619,"b₁":0.26547770022355266},"^":{"γ":-13.815510557964274,"b₂":0.02418246919399536,"λ₁":13.815510557964274,"λ₂":13.815510557964274,"a₁":0.3463630931249462,"a₂":13.815510557964274,"b₁":0.15261000629154076},">":{"γ":0.0,"b₂":0.0,"λ₁":0.0,"λ₂":0.0,"a₁":0.0,"a₂":0.0,"b₁":0.0}}},"pair0089":{"4":{"<":{"γ":0.0,"b₂":0.0,"λ₁":0.0,"λ₂":0.0,"a₁":0.0,"a₂":0.0,"b₁":0.0},"^":{"γ":1.0536309276845568,"b₂":1.9356798854127426,"λ₁":-0.7812963992384958,"λ₂":-0.735435825625748,"a₁":0.16682786415904438,"a₂":0.5374148148809077,"b₁":-1.1668851948387484},">":{"γ":-0.07165299889993904,"b₂":0.41443224955943414,"λ₁":-0.12170773424420211,"λ₂":0.827608788270366,"a₁":-0.0007361093235687122,"a₂":0.2596844192846959,"b₁":-0.38641498802922847}},"2":{"<":{"γ":-0.7535921014769382,"b₂":0.7390247033177886,"λ₁":1.582645060248728,"λ₂":1.2866789930089944,"a₁":0.4841281975288272,