{"parameters":{"pair0076":{"<":{"γ":5.774422558370633,"b₂":-1.5033983940071627,"λ₁":0.8542890361194022,"λ₂":-1.1425758986421997,"a₁":-0.23233581807706472,"a₂":0.06796562155732389,"b₁":0.29162159264714305},"^":{"γ":-0.08227895784083294,"b₂":-9.210340371976182,"λ₁":-1.0060761834157343,"λ₂":-0.3062509559161466,"a₁":0.05782858614938924,"a₂":9.210340371976185,"b₁":-2.1960756121553953},">":{"γ":-1.9519276371292875,"b₂":0.07598700174598783,"λ₁":5.815345033594799,"λ₂":0.1280276736456436,"a₁":0.13386099796433193,"a₂":0.31152624029529363,"b₁":-0.33936472035132326}},"pair0080":{"<":{"γ":2.0990879249871988,"b₂":-8.529718315849944,"λ₁":-9.210340371976182,"λ₂":-2.938373547755477,"a₁":-0.5667167671028679,"a₂":-3.2033398764369023,"b₁":-8.390709613379242},"^":{"γ":1.4533192453978447,"b₂":9.207163733178378,"λ₁":-6.406918563706543,"λ₂":-7.535011437001815,"a₁":-1.48972779991741,"a₂":-9.20205926558943,"b₁":-9.209983278498022},">":{"γ":2.878428452949077,"b₂":-9.209203989401678,"λ₁":-0.6974199222136246,"λ₂":-5.58113754151879,"a₁":-1.9690035394949499,"a₂":-3.8650436044888323,"b₁":-1.4056499524487167}},"pair0077":{"<":{"γ":3.9320708122854295,"b₂":-6.947024694827768,"λ₁":-2.3429144600429757,"λ₂":2.7127516731630195,"a₁":0.15484294481536587,"a₂":-6.365671080378414,"b₁":-1.8565628935039404},"^":{"γ":-0.3724466854275992,"b₂":9.210340371976185,"λ₁":-0.6378607812293602,"λ₂":-2.201098454420303,"a₁":-0.1510342309852426,"a₂":-9.206528742497564,"b₁":-2.566116288259555},">":{"γ":0.4579759325441284,"b₂":-2.6873306796671024,"λ₁":-1.613672168135718,"λ₂":-0.9770554151074418,"a₁":0.007492393995498503,"a₂":-0.06511900850052221,"b₁":-0.08531071756683417}},"pair0078":{"<":{"γ":6.790964360707152,"b₂":-6.010616061392987,"λ₁":-3.2884864348969725,"λ₂":-2.2881550387033256,"a₁":-3.7384653359955173,"a₂":-0.962138541221611,"b₁":-4.492638227022337},"^":{"γ":1.8072196159932936,"b₂":-9.210340371976182,"λ₁":-9.210340371976182,"λ₂":-6.2054204314769095,"a₁":-3.1861705708070547,"a₂":8.955124918099779,"b₁":-9.210340371976182},">":{"γ":8.827229066186833,"b₂":-4.370692079229826,"λ₁":-2.746802050274388,"λ₂":-1.891356677883941,"a₁":0.3204373854438032,"a₂":-9.09467527530693,"b₁":-1.7075444660600363}},"pair0079":{"<":{"γ":-2.1387536053362943,"b₂":-0.7884195239488339,"λ₁":-1.6797591884246925,"λ₂":-0.5083346145292555,"a₁":0.9228289045647546,"a₂":1.5598818144574285,"b₁":-0.5918909897673554},"^":{"γ":3.242460322900497,"b₂":-1.4536243772836217,"λ₁":-2.435113563760005,"λ₂":-2.278778712907477,"a₁":0.5085114852358021,"a₂":1.0209641966975376,"b₁":-2.193041319126154},">":{"γ":-0.14910868075217287,"b₂":-3.9329061707551043,"λ₁":-1.5605460934849722,"λ₂":-1.1542704901937189,"a₁":-0.18034264065989092,"a₂":-0.7089229630699805,"b₁":-2.3601068920675115}}}}