{"likelihoods":{"pair0045":{"4":{"<":14540.39038956448,"^":18237.149579629127,">":14539.185648180703},"2":{"<":16285.745874921398,"^":22331.604276312428,">":16351.689942984658},"3":{"<":14905.965543900977,"^":19187.251539359102,">":14943.609949119595},"5":{"<":14569.73594639639,"^":17349.1754491222,">":14488.305499652908},"1":{"<":18843.32005330633,"^":29433.77214499707,">":18839.034206664073}}}}