{"parameters":{"pair0045":{"4":{"<":{"γ":-0.4205929059859237,"b₂":-10.794347923610164,"λ₁":0.26511776512785623,"λ₂":-2.421853645037139,"a₁":-1.7006244694446817,"a₂":-4.197649170999359,"b₁":-3.2046509358759767},"^":{"γ":0.7944100247667283,"b₂":-0.31987693466841094,"λ₁":-2.0614113149275823,"λ₂":-2.5455091848429348,"a₁":0.06873527153178927,"a₂":0.3208276713557563,"b₁":-1.9323027962561863},">":{"γ":3.4171588886873323,"b₂":-10.029995869659613,"λ₁":0.6350537951375728,"λ₂":-7.2987195681150725,"a₁":-2.118797450717624,"a₂":-2.6958293354009424,"b₁":-5.956880220269064}},"2":{"<":{"γ":10.469549457262922,"b₂":-0.48933435505292167,"λ₁":0.7962488700801398,"λ₂":-1.2853351564769113,"a₁":-0.19365876249070268,"a₂":1.6864395133768202,"b₁":-2.1005856594509105},"^":{"γ":-0.4821856489530916,"b₂":-0.5412955450713319,"λ₁":-1.1008154329945068,"λ₂":-1.5354635494388464,"a₁":0.014977135800553043,"a₂":0.021569710630700456,"b₁":-0.020891327910455004},">":{"γ":13.815103821023847,"b₂":-13.81202924465081,"λ₁":-13.812441372360405,"λ₂":-13.81225595974502,"a₁":-8.690524458410321,"a₂":-13.812161174446734,"b₁":1.2571161718665351}},"3":{"<":{"γ":-1.2592378916411722,"b₂":-8.363137480745692,"λ₁":0.27331348683335044,"λ₂":-4.013044326113533,"a₁":-2.5489943198035867,"a₂":-0.6903696689479677,"b₁":-9.672937118525304},"^":{"γ":-0.14728811418616417,"b₂":0.10637263362351312,"λ₁":-2.512868915427685,"λ₂":-1.4271681545115698,"a₁":0.05289450123179584,"a₂":-2.462341336545963,"b₁":-0.25802616813834867},">":{"γ":-4.178002900706412,"b₂":-6.683163250249828,"λ₁":-13.815510557964274,"λ₂":-3.653120879228716,"a₁":-7.635901546366905,"a₂":-2.1147224094623613,"b₁":-12.391798650381993}},"5":{"<":{"γ":-9.309329363397845,"b₂":-2.35371347185494,"λ₁":-6.364762876092363,"λ₂":-5.4828882159067245,"a₁":-8.675919415612832,"a₂":1.1985802002118557,"b₁":-5.8661774427016535},"^":{"γ":0.6585814836656105,"b₂":-2.205429011507549,"λ₁":-1.6812934869460356,"λ₂":-1.6680003087749586,"a₁":0.003599603714574684,"a₂":-1.9302636685932058,"b₁":-2.0547374662461433},">":{"γ":2.987168304609696,"b₂":-10.87114090359011,"λ₁":-3.896259965882507,"λ₂":-6.604225638342873,"a₁":-4.416926610296553,"a₂":-2.205910990971672,"b₁":-7.414465907957232}},"1":{"<":{"γ":11.576504152099822,"b₂":-4.012756037236212,"λ₁":7.4407619075464915,"λ₂":-2.809417368710978,"a₁":-1.5166579938400115,"a₂":-0.10378742372255267,"b₁":-4.683016015910514},"^":{"γ":-13.813252086739277,"b₂":-13.813179160206554,"λ₁":13.815234575999412,"λ₂":13.81517120326367,"a₁":-0.04324848065823339,"a₂":13.814970164761927,"b₁":-0.27795585330863837},">":{"γ":-6.638708844104918,"b₂":0.20209784005888842,"λ₁":13.815510557964274,"λ₂":0.22182803180933774,"a₁":-2.0587740867771274,"a₂":2.6122975895930054,"b₁":-2.435326082263737}}}}}