{"likelihoods":{"pair0099":{"4":{"<":5230.593570052484,"^":3916.1045906191534,">":4242.679572156283},"2":{"<":6201.388293057365,"^":6218.347025924492,">":6203.994793659618},"3":{"<":4425.414873002075,"^":5624.1506314147155,">":6151.160786161103},"5":{"<":3066.702021810303,"^":3078.5213892802485,">":3122.0268563688164},"1":{"<":6359.508944775809,"^":6499.297924844423,">":6354.945336579535}},"pair0097":{"4":{"<":573.0507242020481,"^":576.9566973433972,">":574.9151866986371},"2":{"<":577.7340487408319,"^":570.7115198797161,">":576.6808200644182},"3":{"<":582.2453556295236,"^":572.259765531902,">":578.971865311501},"5":{"<":573.7405185143782,"^":573.9939229291299,">":570.9977910977244},"1":{"<":566.9772916334451,"^":576.8079726875027,">":566.359609213045}},"pair0098":{"4":{"<":168.60196653663706,"^":0.0,">":162.0451843704663},"2":{"<":156.24654311044603,"^":222.3163663032999,">":151.89192847944793},"3":{"<":155.01856971887742,"^":195.52113059199027,">":154.45637217482835},"5":{"<":157.86140693634968,"^":192.75758895789048,">":167.4607067994481},"1":{"<":147.22912352383446,"^":0.0,">":148.5004149621628}},"pair0096":{"4":{"<":22574.7534011596,"^":23013.693618372734,">":22433.96937405942},"2":{"<":23312.2906141352,"^":24635.983987181495,">":23314.20329958722},"3":{"<":22524.12200604629,"^":23332.689367556923,">":22520.49016252349},"5":{"<":22363.86863269386,"^":22501.756693860458,">":22402.911093467585},"1":{"<":25393.082000750564,"^":26980.763855834226,">":25376.951150135767}},"pair0100":{"4":{"<":532.8286459448586,"^":525.2548632570858,">":532.3162316277488},"2":{"<":540.0866269408813,"^":550.613135788133,">":527.4203527164544},"3":{"<":531.4084667421876,"^":539.515289538256,">":529.1852187395743},"5":{"<":533.31133050358,"^":530.1007528066168,">":530.8772163320219},"1":{"<":532.644673989782,"^":597.2110068932453,">":529.5303177169233}}}}