{"parameters":{"pair0099":{"4":{"<":{"γ":-12.111254508087436,"b₂":-9.946113345252622,"λ₁":11.846027717133925,"λ₂":-8.870753738339204,"a₁":2.806303759366525,"a₂":-9.65148014827709,"b₁":-9.07433989923565},"^":{"γ":-1.3718021876037518,"b₂":-13.791470840566008,"λ₁":13.811680999839535,"λ₂":-13.775833196917766,"a₁":-10.961789211781143,"a₂":-13.742972972050245,"b₁":-13.806257900055568},">":{"γ":-13.797886550042996,"b₂":-13.815510557964274,"λ₁":-13.769781078717227,"λ₂":-13.808103866955754,"a₁":-13.340227034324222,"a₂":3.9602971163707537,"b₁":-13.640172659320966}},"2":{"<":{"γ":12.57458978556284,"b₂":-1.0561732696319925,"λ₁":1.5291166943240775,"λ₂":1.2882846504723648,"a₁":-0.00887866153918715,"a₂":0.03497507568192049,"b₁":0.5672751682703385},"^":{"γ":13.815510557964274,"b₂":-0.07929133781018471,"λ₁":0.38227079305197087,"λ₂":0.24544472809564333,"a₁":-0.007742934625374787,"a₂":-13.815510557964274,"b₁":-0.14011539328075884},">":{"γ":2.213864032720231,"b₂":-1.2477612664696718,"λ₁":1.9930017781786642,"λ₂":1.0645689705404155,"a₁":-0.2790570282902731,"a₂":0.25252707140179176,"b₁":-1.9265397112547173}},"3":{"<":{"γ":-13.813483288330719,"b₂":-13.812951724808837,"λ₁":8.778996425398685,"λ₂":-13.812729859991158,"a₁":-13.81291914623689,"a₂":-13.812978545555234,"b₁":5.889241396074368},"^":{"γ":-13.815510557964274,"b₂":-13.815510557964274,"λ₁":13.815510557964274,"λ₂":-13.815510557964274,"a₁":-4.908239794090052,"a₂":13.815510557964274,"b₁":-13.815510557964274},">":{"γ":1.8372664294949477,"b₂":-2.2003761327765154,"λ₁":-0.6531680102092743,"λ₂":0.8298229760137819,"a₁":0.09722319723628381,"a₂":-0.0037824265960608727,"b₁":-1.0115496521709897}},"5":{"<":{"γ":-0.3670635062313323,"b₂":-13.815510557964274,"λ₁":13.815510557964274,"λ₂":-13.776556205564448,"a₁":13.808834139281519,"a₂":-13.815510557964274,"b₁":13.815510557964274},"^":{"γ":-13.815510557964274,"b₂":13.815510557964274,"λ₁":-13.16638779017992,"λ₂":-13.815510557964274,"a₁":-13.542864035735473,"a₂":13.778593220678076,"b₁":-13.810786694923737},">":{"γ":-13.812954806851113,"b₂":-13.812746471468342,"λ₁":13.814826074753327,"λ₂":-13.812746381775712,"a₁":-13.812746133785309,"a₂":-0.6625928855120407,"b₁":-13.81274348292101}},"1":{"<":{"γ":2.256375263541937,"b₂":0.3295700086729152,"λ₁":-0.0409173902881097,"λ₂":0.18732186900806092,"a₁":0.49481227194590893,"a₂":0.6515101885801329,"b₁":0.30123504318100736},"^":{"γ":-13.812966976386734,"b₂":-13.812753784863645,"λ₁":13.815352668060374,"λ₂":13.814834180861581,"a₁":-2.091753003515743,"a₂":-13.81278075415163,"b₁":-1.5785577790479604},">":{"γ":1.2312012325166144,"b₂":-0.41403072145086917,"λ₁":13.303688786643757,"λ₂":2.147903405099777,"a₁":-2.070648093413533,"a₂":-0.3604313396081622,"b₁":-6.310692194325426}}},"pair0097":{"4":{"<":{"γ":-13.776547051196756,"b₂":-13.803999572182944,"λ₁":12.941019165070312,"λ₂":2.4747824304280073,"a₁":-2.479590804985534,"a₂":-4.052168844712021,"b₁":-13.584011832708514},"^":{"γ":-2.3685634338358668,"b₂":-13.724431558576821,"λ₁":1.6263229729583202,"λ₂":0.26213636473308455,"a₁":0.1227413127157746,"a₂":7.060854228175405,"b₁":0.009984478621293036},">":{"γ":-1.6542758531376691,"b₂":-1.2306585523434315,"λ₁":1.2295635293360245,"λ₂":3.5927465101653517,"a₁":-2.4521925406040754,"a₂":0.03584776741254636,"b₁":-0.006519266382166933}},"2":{"<":{"γ":7.030053748869459,"b₂":-0.0008523770166934952,"λ₁":5.157133421036015,"λ₂":0.02074602682721327,"a₁":0.03685979432104958,"a₂":-0.03270477884282208,"b₁":-0.0846900045722645},"^":{"γ":13.815510557964274,"b₂":13.815510557964274,"λ₁":1.2076332266139058,"λ₂":-0.04619185938756232,"a₁":0.10416992541951942,"a₂":-13.815510557964274,"b₁":-0.20626631899607162},">":{"γ":-9.121033641925111,"b₂":8.79937571079515,"λ₁":-6.612591726036195,"λ₂":6.749620103275614,"a₁":-3.933456854374514,"a₂":8.82464785675496,"b₁":-10.996824624216053}},"3":{"<":{"γ":13.723369607721882,"b₂":-9.64519662119454,"λ₁":3.606721504396912,"λ₂":4.8383687349575055,"a₁":13.794865656772053,"a₂":-3.6318130227638292,"b₁":13.769479853878678},"^":{"γ":13.805635517435046,"b₂":-4.177049531548617,"λ₁":9.177393037243327,"λ₂":13.80638518005356,"a₁":13.797138247593264,"a₂":13.815510557964274,"b₁":13.79418259698776},">":{"γ":13.814952615618804,"b₂":-0.9084703898260642,"λ₁":3.698567279450188,"λ₂":5.034964781951707,"a₁":1.4611793629344731,"a₂":0.3241846444605905,"b₁":1.835974974232915}},"5":{"<":{"γ":-12.921329446712797,"b₂":-13.815404471329547,"λ₁":13.815510557964274,"λ₂":2.55233623660391,"a₁":-1.9238777930353983,"a₂":-5.10694976622198,"b₁":-9.12710235897794},"^":{"γ":-3.4077178220344333,"b₂":12.272163935311667,"λ₁":-0.9268743649833144,"λ₂":-0.7170206253787299,"a₁":4.631922502874545,"a₂":-1.5193909851522402,"b₁":4.285413260357124},">":{"γ":-4.2129088886828985,"b₂":2.577353530682039,"λ₁":7.348223784759309,"λ₂":2.318534773479751,"a₁":-3.4545441171180027,"a₂":2.21150439811532,"b₁":-1.5703631909092746}},"1":{"<":{"γ":-0.12565793278871595,"b₂":-1.9727413251131338,"λ₁":6.735344491415468,"λ₂":3.163778666457773,"a₁":-0.3532195726941403,"a₂":0.10236056345573097,"b₁":-0.14345421099353395},"^":{"γ":13.80183788663414,"b₂":-13.803436191082142,"λ₁":13.797193194509354,"λ₂":8.944239926386583,"a₁":0.295429707612481,"a₂":5.010724405618802,"b₁":0.013914033100576262},">":{"γ":0.21939951250924317,"b₂":-1.6877709266769862,"λ₁":7.330218376144991,"λ₂":3.613537821459719,"a₁":0.22723772432250833,"a₂":0.0033196843619318628,"b₁":-0.11627913166781845}}},"pair0098":{"4":{"<":{"γ":-3.7352132830218174,"b₂":-0.4835071307536136,"λ₁":-13.815510557964274,"λ₂":-1.942585644162076,"a₁":-0.4605984397855387,"a₂":-0.009821959543410586,"b₁":1.6799490970263768},"^":{"γ":0.0,"b₂":0.0,"λ₁":0.0,"λ₂":0.0,"a₁":0.0,"a₂":0.0,"b₁":0.0},">":{"γ":-13.801294009251425,"b₂":-7.445690838260097,"λ₁":12.818198482049858,"λ₂":-6.551000928530875,"a₁":-4.677511987729092,"a₂":-2.7131908590434524,"b₁":-6.55560110867791}},"2":{"<":{"γ":13.795219084923769,"b₂":-2.0682581834245273,"λ₁":3.2704180477712406,"λ₂":-3.177887568126554,"a₁":-5.087194017693799,"a₂":1.7696054336273743,"b₁":-13.815510557964274},"^":{"γ":0.11343748005374721,"b₂":-0.32353925525392846,"λ₁":-1.3276571912606876,"λ₂":-0.6392318701213693,"a₁":0.17292144519837827,"a₂":3.383638654411019,"b₁":-0.04564577492774724},">":{"γ":1.914826322321284,"b₂":-2.6693180335106703,"λ₁":-0.4948579530367905,"λ₂":-0.6755419753724041,"a₁":0.6448684785679397,"a₂":-0.2887747518881554,"b₁":0.0754045751440735}},"3":{"<":{"γ":1.5618495037129545,"b₂":-2.9492015762586625,"λ₁":0.7626707814711224,"λ₂":-1.9800899667952088,"a₁":0.27878638985798965,"a₂":-0.0890819985788518,"b₁":-1.189452915403903},"^":{"γ":2.1174285614702573,"b₂":-10.13643313856771,"λ₁":-1.3573064507816461,"λ₂":-1.6598335914647766,"a₁":0.40369062319118676,"a₂":-0.6402246553913482,"b₁":-1.4605529315841999},">":{"γ":12.47856571537103,"b₂":-2.605515162184341,"λ₁":-3.097903151116471,"λ₂":-1.127970778892406,"a₁":0.35516760783740686,"a₂":1.01417506288308,"b₁":-0.8746581201887018}},"5":{"<":{"γ":-2.7134038034506176,"b₂":-1.5738349878517095,"λ₁":5.582280565445654,"λ₂":-0.21843616094652063,"a₁":-0.12791572824304076,"a₂":-2.2583771665810453,"b₁":-0.16462347420973167},"^":{"γ":1.33394005463955,"b₂":-0.7276856264616587,"λ₁":-0.9917460693321623,"λ₂":-0.20791138153562905,"a₁":-0.5425214866705144,"a₂":2.54661023364876,"b₁":-3.464551514775689},">":{"γ":-4.0672980248645025,"b₂":0.028209340383655856,"λ₁":-1.563656852488137,"λ₂":-0.9025362881462993,"a₁":0.4581911562197245,"a₂":2.3001800501783443,"b₁":-0.7764583240312941}},"1":{"<":{"γ":0.9758041098176928,"b₂":-1.8247056298371795,"λ₁":7.130151091922073,"λ₂":-1.704302826784259,"a₁":-0.7383452751462567,"a₂":1.0293753400529475,"b₁":-0.7310216505386169},"^":{"γ":0.0,"b₂":0.0,"λ₁":0.0,"λ₂":0.0,"a₁":0.0,"a₂":0.0,"b₁":0.0},">":{"γ":-5.891195879998516,"b₂":0.04223229993151456,"λ₁":7.22423051285562,"λ₂":-1.8510654330056227,"a₁":-1.2411836179135687,"a₂":3.360228622872178,"b₁":0.019619445018790316}}},"pair0096":{"4":{"<":{"γ":-1.4796469249590203,"b₂":-13.758001466104787,"λ₁":-13.737796437771186,"λ₂":-13.776784052149885,"a₁":-3.1210850857982155,