{"likelihoods":{"pair0029":{"4":{"<":-167.19822248552688,"^":-103.03981135979468,">":644.8015338210373},"2":{"<":-131.6740115453535,"^":36.33572776962886,">":1474.835033340998},"3":{"<":6.486506305046875,"^":577.4339109792103,">":618.6170011150604},"5":{"<":-101.59089201640538,"^":401.23789706147835,">":-40.62763835387044},"1":{"<":2785.944372442862,"^":2850.046132021037,">":2785.005147497233}},"pair0027":{"4":{"<":-1004.2970311728623,"^":-1842.7993500911766,">":-1772.7677015632262},"2":{"<":-1860.329259910807,"^":-1963.258636885388,">":-2012.2842919733441},"3":{"<":-738.5687835697496,"^":-1799.218952775208,">":-1504.535348513273},"5":{"<":-1823.3977631255502,"^":-2020.7113094647123,">":-1805.2011873703466},"1":{"<":2847.937671932289,"^":0.0,">":2839.486325349177}},"pair0028":{"4":{"<":2699.7179031492155,"^":2540.772823957796,">":2701.733409743183},"2":{"<":2742.971878746993,"^":2760.850656594132,">":2746.0894080920493},"3":{"<":2687.7852181531057,"^":2679.511497439727,">":2693.239227702847},"5":{"<":2699.321811223008,"^":2215.1115204596435,">":2568.6587791860043},"1":{"<":2779.070015388321,"^":0.0,">":2760.509146723213}},"pair0021":{"4":{"<":904.4260608832,"^":903.0189334490052,">":902.9903162219086},"2":{"<":903.0691740190634,"^":0.0,">":903.642605142436},"3":{"<":894.7611612728268,"^":885.3727355485349,">":896.1624832086507},"5":{"<":912.6806034898856,"^":896.9737178815208,">":912.6806034898852},"1":{"<":994.1454339320535,"^":998.9600180362479,">":1004.2849353733947}},"pair0024":{"4":{"<":1262.9591904394022,"^":1254.2803229262977,">":1264.6612935844043},"2":{"<":1247.0604819957923,"^":1251.2403871812435,">":1247.0357089941836},"3":{"<":1250.4267960113725,"^":1251.2822647739708,">":1249.4430614870348},"5":{"<":1260.1833450231559,"^":0.0,">":1268.9138670389498},"1":{"<":1256.2424912883662,"^":0.0,">":0.0}},"pair0025":{"4":{"<":2630.646237963689,"^":2642.7539468714126,">":2647.1157300800464},"2":{"<":2655.238587107995,"^":0.0,">":2656.0962743534733},"3":{"<":2637.547316930908,"^":2636.3268804797585,">":2647.1011554099246},"5":{"<":2658.0563041893975,"^":2621.3499819709277,">":2650.721485472018},"1":{"<":2716.8818632442976,"^":2849.937606429873,">":2713.436368662749}},"pair0022":{"4":{"<":1210.281539017161,"^":994.9986557461596,">":1205.9867564552285},"2":{"<":1185.2807926618689,"^":0.0,">":1197.364351036644},"3":{"<":1199.6966799723202,"^":1198.6512437856818,">":1193.6460436631526},"5":{"<":1206.5425133741978,"^":946.0013176895269,">":1215.1692132420483},"1":{"<":1215.5319322601647,"^":1285.936713100472,">":1214.493713701942}},"pair0023":{"4":{"<":1186.8600663344357,"^":0.0,">":1196.7363905555346},"2":{"<":1187.3146070458395,"^":1240.4256546461525,">":1184.4291552473862},"3":{"<":1193.4040765778327,"^":1228.2339517921941,">":1187.1109162182033},"5":{"<":1246.1731903367042,"^":1203.531182464223,">":1198.7703123032193},"1":{"<":1203.373945218265,"^":1290.7756176354526,">":1206.5338328803641}},"pair0030":{"4":{"<":2809.0379792200624,"^":2799.91596780033,">":2779.5107385624947},"2":{"<":2821.5235097440436,"^":2824.844436211904,">":2826.944771687992},"3":{"<":2828.994475432887,"^":2798.8366297184994,">":2802.3529804360687},"5":{"<":2686.672584613883,"^":2770.1229155832043,">":2763.129403062961},"1":{"<":2835.7632187369245,"^":0.0,">":0.0}},"pair0026":{"4":{"<":-924.321188996976,"^":95.97531778663365,">":-723.6137172707402},"2":{"<":-732.3977853896996,"^":-901.411535974838,">":-661.6321692212127},"3":{"<":23.803710116725732,"^":-23.692078123226292,">":-739.8312644368411},"5":{"<":-935.7146015697044,"^":-38.52610794280894,">":-524.8557596218708},"1":{"<":2833.3542034654038,"^":2849.854055714038,">":2832.457691015658}}}}