{"likelihoods":{"pair0087":{"4":{"<":-11457.871725475248,"^":-11760.585793443315,">":-11643.23101246488},"2":{"<":-10209.67622042615,"^":-10237.58676178578,">":-10231.15109640785},"3":{"<":-11071.210763383513,"^":-11369.836042851446,">":-10713.260895584772},"5":{"<":-11812.91710650482,"^":-11893.788297792855,">":-10808.47408216837},"1":{"<":21669.139585962606,"^":22002.328567701978,">":21667.871406334565}},"pair0090":{"4":{"<":359.9679887378467,"^":356.5929445147362,">":358.4272151911343},"2":{"<":356.71275299457056,"^":358.03699029783303,">":356.7303046516006},"3":{"<":358.9394769102465,"^":360.61628737619617,">":361.1598689008721},"5":{"<":0.0,"^":364.9173279833817,">":364.87608721785955},"1":{"<":354.301816524476,"^":356.58911374584136,">":355.05019661685293}},"pair0095":{"4":{"<":23752.285505799464,"^":24156.121917844364,">":23756.651305654956},"2":{"<":25193.51706378528,"^":25776.755499899326,">":25181.914946244327},"3":{"<":24235.72012300909,"^":24751.103825797178,">":24214.79931571051},"5":{"<":23572.084071427576,"^":23729.830970776493,">":23529.741416145287},"1":{"<":26781.542569284506,"^":26971.24045562979,">":26784.483277713327}},"pair0092":{"4":{"<":287.2680773267158,"^":0.0,">":279.73309043092524},"2":{"<":292.3744807599235,"^":324.07083525549825,">":0.0},"3":{"<":0.0,"^":286.91486494680623,">":263.7842200684944},"5":{"<":0.0,"^":281.57532469670116,">":275.7382548958469},"1":{"<":0.0,"^":424.7023557489118,">":0.0}},"pair0088":{"4":{"<":670.0925951789021,"^":660.0791314684308,">":667.1545308373962},"2":{"<":0.0,"^":661.054800845135,">":0.0},"3":{"<":667.9262008602012,"^":660.1791072956435,">":660.7611803753923},"5":{"<":676.1430348263867,"^":667.14676540644,">":669.9877386981351},"1":{"<":711.2725681455252,"^":743.6459539875273,">":709.3404058670595}},"pair0093":{"4":{"<":824.3195571749555,"^":0.0,">":0.0},"2":{"<":822.0258356979648,"^":0.0,">":828.590203515256},"3":{"<":820.6262020541926,"^":961.1205503885842,">":816.3689511193631},"5":{"<":855.5139159990576,"^":835.2913505412578,">":834.73950840659},"1":{"<":877.4545267888667,"^":1230.636703236672,">":875.9340112459732}},"pair0094":{"4":{"<":24568.710178714548,"^":24958.82164534773,">":24648.34185472077},"2":{"<":25601.885622598184,"^":26137.183013366244,">":25602.03758780856},"3":{"<":24941.18453972416,"^":25411.942537956646,">":24947.266772391158},"5":{"<":0.0,"^":24711.793532539843,">":24370.57397998895},"1":{"<":26636.276125401317,"^":26971.240789623786,">":26634.600329334568}},"pair0089":{"4":{"<":354.04946232023497,"^":358.8939762012235,">":352.08795856986274},"2":{"<":346.55965236003783,"^":355.3739069956402,">":344.22905303407487},"3":{"<":352.26857110771874,"^":354.79348642886083,">":352.6856962255856},"5":{"<":354.20672191502024,"^":361.41732323862254,">":349.31687550652714},"1":{"<":347.3463658875783,"^":0.0,">":346.92742925166084}},"pair0091":{"4":{"<":312.10709828182627,"^":320.0803895299684,">":324.8288694723882},"2":{"<":312.309425897489,"^":309.5549767123511,">":0.0},"3":{"<":310.81800020769543,"^":314.138458793471,">":334.64780641950557},"5":{"<":313.26123886911193,"^":311.8869694828685,">":0.0},"1":{"<":361.4701492706302,"^":426.15724363563885,">":363.63628992126485}},"pair0086":{"4":{"<":0.0,"^":1630.4038471584763,">":1599.8757674782635},"2":{"<":1631.046645822916,"^":1695.2778721878465,">":1631.9316613556261},"3":{"<":1615.198486172909,"^":1629.0357836603841,">":1610.155185212333},"5":{"<":1611.6943037052786,"^":1630.5561357665244,">":1459.8466906124788},"1":{"<":1713.3520353719598,"^":1892.016471421652,">":1715.3820393564263}}}}