{"likelihoods":{"pair0021":{"<":894.6849396459403,"^":886.311689299465,">":902.2473594777086}}}