{"parameters":{"pair0021":{"<":{"γ":0.9215871192138216,"b₂":-0.015084598489545797,"λ₁":-1.6278580227563602,"λ₂":-0.036655650064219,"a₁":0.011806068948919446,"a₂":0.06262697083923996,"b₁":-3.3242575301792776},"^":{"γ":1.50454943302711,"b₂":0.8950658155673423,"λ₁":-2.2286682728344545,"λ₂":-0.11856630865239559,"a₁":-0.946306191470061,"a₂":-5.601474013606083,"b₁":-4.925420605092885},">":{"γ":0.8788207723931585,"b₂":-0.19219729939414698,"λ₁":10.925119535813337,"λ₂":1.4752972792203547,"a₁":-1.0245671961095333,"a₂":-0.14089829848355429,"b₁":0.14990010344872928}}}}