{"likelihoods":{"pair0016":{"<":938.893804944429,"^":947.3315588309966,">":931.3020018757027}}}