{"parameters":{"pair0016":{"<":{"γ":3.94066149110256,"b₂":-5.816497288161047,"λ₁":1.0871855773987047,"λ₂":0.7861223099146635,"a₁":2.6039120722684928,"a₂":-0.37633472521142153,"b₁":2.067610982831514},"^":{"γ":0.3920324935044661,"b₂":7.039647006504776,"λ₁":-4.66437274724923,"λ₂":-3.7116193307394667,"a₁":0.07174862151255645,"a₂":-4.036405782512075,"b₁":-1.0883369979964037},">":{"γ":0.5149924004633704,"b₂":-0.09086265153766426,"λ₁":0.03935768627665048,"λ₂":-0.008576190632634706,"a₁":0.2881726020644457,"a₂":0.8812479130410882,"b₁":-0.3336787398892316}}}}