{"likelihoods":{"pair0034":{"4":{"<":614.0155238608099,"^":534.929221450578,">":435.108246925177},"2":{"<":570.8841164285075,"^":528.7581213586997,">":541.9090144271928},"3":{"<":600.7111987684744,"^":519.3581838509957,">":520.9679713284193},"5":{"<":666.7025819210812,"^":361.7418533389714,">":344.0971199928142},"1":{"<":982.4003733096282,"^":978.1573451846263,">":981.2960376981528}},"pair0035":{"4":{"<":560.5836810945688,"^":484.75781033215475,">":519.3898110471143},"2":{"<":688.3910913897574,"^":550.5668402262645,">":543.2942001359025},"3":{"<":469.81634006713335,"^":466.3038278666672,">":538.0058706116353},"5":{"<":607.252457159765,"^":434.48163913283025,">":506.3761774903593},"1":{"<":975.0644863437037,"^":978.117974894387,">":980.3068924222501}},"pair0033":{"4":{"<":622.3338863370246,"^":476.19971232223776,">":593.7122659004386},"2":{"<":560.8949077496619,"^":533.2714991272715,">":527.8849909741547},"3":{"<":905.0127316960617,"^":554.7932795781595,">":525.9841308241705},"5":{"<":547.2808289264048,"^":391.3943108127484,">":385.7320719934466},"1":{"<":980.4228126997577,"^":981.3862447329083,">":976.7260640872757}},"pair0036":{"4":{"<":586.9562337332625,"^":489.31188952799226,">":515.5114646594392},"2":{"<":732.4502121650243,"^":545.2522550149841,">":833.4218555662941},"3":{"<":509.36673723653104,"^":443.24265247003706,">":479.65086923244866},"5":{"<":606.5337611187855,"^":372.99804296534097,">":388.4356038662945},"1":{"<":976.4360707277908,"^":985.6285681734507,">":982.5259042234136}},"pair0037":{"4":{"<":428.1479747466261,"^":444.34725501219,">":389.9992447041714},"2":{"<":694.368286792535,"^":553.3771354034204,">":527.3959739098289},"3":{"<":452.3945253435301,"^":402.33940634340183,">":403.9186507495902},"5":{"<":435.32932234691964,"^":337.3501075332434,">":507.90156271903436},"1":{"<":971.8635354931216,"^":983.7857579792142,">":972.5019301255198}},"pair0038":{"4":{"<":1998.6828963560506,"^":1937.0399986294867,">":1931.8993159120414},"2":{"<":1989.1135135072443,"^":1982.2008518433852,">":1969.8309750531612},"3":{"<":1986.9196671260522,"^":1952.9503931116192,">":1950.6472204907284},"5":{"<":1968.251778002143,"^":1923.6860956938438,">":1936.5963822158349},"1":{"<":2156.7591589460535,"^":2153.1472338081867,">":2150.5711333178483}},"pair0039":{"4":{"<":924.3652920451677,"^":905.1088443403243,">":929.4227860002271},"2":{"<":960.5111275663813,"^":951.6162787558536,">":944.6062388411578},"3":{"<":938.9131964693385,"^":919.6454986277884,">":913.873685609794},"5":{"<":930.0630139875473,"^":910.4165407653052,">":924.2468060695787},"1":{"<":1122.7379769060824,"^":1121.5628315833064,">":1122.1610209295034}},"pair0040":{"4":{"<":1903.2000628404542,"^":1850.701026188669,">":1843.4969943693552},"2":{"<":1898.9064385321842,"^":1892.5564525392851,">":1882.9256933623626},"3":{"<":1888.4801576712625,"^":1857.883027875088,">":1882.8845375100561},"5":{"<":1914.8722952353673,"^":1832.8239562592232,">":1864.674134974434},"1":{"<":2052.1204600845135,"^":2079.270598525079,">":2050.074441805745}}}}