{"likelihoods":{"pair0095":{"4":{"<":2602.113748830045,"^":2613.8094445759566,">":2569.1885326633883},"2":{"<":2739.6046232961276,"^":2755.2852014945674,">":2671.8324593277603},"3":{"<":2663.1726563481857,"^":2665.7530025557157,">":2596.0129599612665},"5":{"<":2586.7848572954317,"^":2573.4387408928524,">":2553.8511786711574},"1":{"<":2836.3857683696247,"^":2837.6168020144255,">":2832.552136455188}},"pair0094":{"4":{"<":2616.9852633718515,"^":2650.4465411058786,">":2619.5810477928026},"2":{"<":2731.510990425894,"^":2743.4549902976223,">":2698.9846708408827},"3":{"<":2669.2230202989886,"^":2654.22720270806,">":2638.116834055136},"5":{"<":2617.5164596619497,"^":2610.220395249631,">":2605.5791250264815},"1":{"<":2845.473157008555,"^":2842.553476266922,">":2819.420082948009}},"pair0096":{"4":{"<":2476.236820428292,"^":2506.434692963411,">":2470.234940023797},"2":{"<":2547.006700060581,"^":2634.223271192705,">":2509.3187622342957},"3":{"<":2481.003613452832,"^":2525.4909952929065,">":2469.008350585513},"5":{"<":2493.3206400393456,"^":2480.9306116573907,">":2472.9385207447062},"1":{"<":2674.250973565566,"^":2840.6134355977356,">":2707.1865996035026}}}}