{"parameters":{"pair0095":{"4":{"<":{"γ":-1.297737730756035,"b₂":-1.0723041170505088,"λ₁":-0.3409720782299068,"λ₂":-0.38646406941302835,"a₁":-0.005777676063280168,"a₂":-0.28199285556634024,"b₁":-2.607921418463622},"^":{"γ":-0.7870771018835896,"b₂":-6.3096916753253325,"λ₁":0.299841250326784,"λ₂":-0.47897722763796224,"a₁":0.7137632665386935,"a₂":-4.0031484830542166,"b₁":-0.7111340592429407},">":{"γ":0.5150283317268478,"b₂":0.05456339480054062,"λ₁":-2.1031338273873708,"λ₂":0.7482879335186361,"a₁":0.4600639217235276,"a₂":0.006014696678358078,"b₁":-0.0752835166948298}},"2":{"<":{"γ":1.5807945778696446,"b₂":-2.015442887993933,"λ₁":0.27530408182033206,"λ₂":-0.4093977392498669,"a₁":-0.9804760367692857,"a₂":-0.9961875490818421,"b₁":0.21976529473853468},"^":{"γ":0.9594341255252523,"b₂":-9.20874695289346,"λ₁":-2.0542095410844077,"λ₂":2.0214135767777606,"a₁":0.04509404332044298,"a₂":2.174140563519975,"b₁":-0.3357612996774204},">":{"γ":0.06487556319833665,"b₂":-0.8221607170061258,"λ₁":-1.276421046283839,"λ₂":0.8070836102752406,"a₁":0.012175034875578916,"a₂":-0.9927330993171672,"b₁":-0.9810459785626833}},"3":{"<":{"γ":-1.1521115763686058,"b₂":-0.01717198045914614,"λ₁":-1.6540277856388563,"λ₂":0.3304133823755482,"a₁":0.6424402458477658,"a₂":0.029963913091158645,"b₁":0.9262651530208572},"^":{"γ":1.7763568394002505e-15,"b₂":1.7763568394002505e-15,"λ₁":1.7763568394002505e-15,"λ₂":1.7763568394002505e-15,"a₁":1.7763568394002505e-15,"a₂":1.7763568394002505e-15,"b₁":1.7763568394002505e-15},">":{"γ":0.958171560359526,"b₂":0.31367949194513756,"λ₁":-1.5953852465541196,"λ₂":-0.0007660485800258243,"a₁":0.025204912375587085,"a₂":0.18772193848830554,"b₁":0.09117402572254285}},"5":{"<":{"γ":0.2856013428678512,"b₂":-1.3176525791832532,"λ₁":-0.9059638496781783,"λ₂":-0.2997116216014284,"a₁":0.5416773894663152,"a₂":0.1143118709429718,"b₁":-0.16582120835816916},"^":{"γ":0.705725637823285,"b₂":-0.19308477193797557,"λ₁":-2.1197026198484217,"λ₂":-1.2619530521340128,"a₁":-0.03954427312272735,"a₂":2.0578699834054017,"b₁":-2.518067059709762},">":{"γ":0.5357653359302077,"b₂":-0.3682931751086169,"λ₁":-2.7775756461259977,"λ₂":1.0251474205222948,"a₁":-0.604161938346726,"a₂":0.3060290844868181,"b₁":-1.2997819473581007}},"1":{"<":{"γ":9.210340371976185,"b₂":9.210340371976185,"λ₁":9.210340371976185,"λ₂":9.210340371976185,"a₁":9.210340371976185,"a₂":9.210340371976185,"b₁":9.210340371976185},"^":{"γ":9.210176043907362,"b₂":-9.208372811210223,"λ₁":5.9433635424881714,"λ₂":9.210149871161436,"a₁":9.210340371976185,"a₂":9.209853430237898,"b₁":9.209806307327616},">":{"γ":-8.9741255605037,"b₂":0.9038144433592628,"λ₁":9.210340371976185,"λ₂":5.021406720044297,"a₁":-0.49083975862479967,"a₂":0.21450593574425447,"b₁":-0.9204485738924397}}},"pair0094":{"4":{"<":{"γ":-1.6865308423884313,"b₂":-2.0263074000995998,"λ₁":-0.19721766584087597,"λ₂":-0.38387268643256967,"a₁":1.2588069648057054,"a₂":-0.19835551895470083,"b₁":-0.23922329590255664},"^":{"γ":-0.34039018557890444,"b₂":3.0004136032781705,"λ₁":-2.836598338685965,"λ₂":-2.4015439353694275,"a₁":0.006096864593629903,"a₂":0.7142773671077762,"b₁":-0.31529313356792343},">":{"γ":2.3674056214106365,"b₂":0.17927502066262768,"λ₁":-1.680668812260942,"λ₂":-0.8450118792046215,"a₁":-0.6445634471638364,"a₂":0.025616990917102456,"b₁":-0.5658580925064722}},"2":{"<":{"γ":5.181275827669561,"b₂":1.5650701412480839,"λ₁":9.155666866861159,"λ₂":0.1661141733147069,"a₁":-5.262545635326612,"a₂":3.270607319154749,"b₁":-9.209994682777726},"^":{"γ":9.210340371976185,"b₂":9.210340371976185,"λ₁":9.210340371976185,"λ₂":-9.210340371976182,"a₁":-0.11688263085537187,"a₂":-9.210340371976182,"b₁":-1.1826094123182465},">":{"γ":-0.2665827671060974,"b₂":-2.2984850715497744,"λ₁":-0.5276230832461852,"λ₂":-0.11698104456865899,"a₁":-0.04914026578476438,"a₂":-0.79682684382791,"b₁":1.0361870278013718}},"3":{"<":{"γ":3.4392103160364353,"b₂":-2.7593712522264777,"λ₁":-0.30360670632334497,"λ₂":0.8294559521628919,"a₁":4.991317276437952,"a₂":0.046651833038151125,"b₁":3.7683060255205856},"^":{"γ":2.992327156040224,"b₂":1.362829675533252,"λ₁":-1.9607413664936093,"λ₂":-2.1367991943307656,"a₁":0.017110822124468683,"a₂":0.5870815309069446,"b₁":-0.6310100799288136},">":{"γ":1.7763568394002505e-15,"b₂":1.7763568394002505e-15,"λ₁":1.7763568394002505e-15,"λ₂":1.7763568394002505e-15,"a₁":1.7763568394002505e-15,"a₂":1.7763568394002505e-15,"b₁":1.7763568394002505e-15}},"5":{"<":{"γ":1.3543309511309936,"b₂":-3.8749871825426085,"λ₁":-2.401063615838825,"λ₂":-2.451423855795663,"a₁":-1.9931961053098712,"a₂":-3.2272356356286958,"b₁":-6.601122626977556},"^":{"γ":2.4270418040442134,"b₂":-9.198567400547303,"λ₁":-3.1941198780626827,"λ₂":-2.6841190575350637,"a₁":-0.016957223608278227,"a₂":9.20263206533316,"b₁":-2.1175570507907375},">":{"γ":7.223953931227554,"b₂":-2.2711655188100863,"λ₁":-3.9663079479489873,"λ₂":-2.381599626074884,"a₁":2.210003808203565,"a₂":-0.13012745090892253,"b₁":1.2546096003092853}},"1":{"<":{"γ":9.203928387740524,"b₂":-3.0938470667700857,"λ₁":9.210340371976185,"λ₂":5.943172370923442,"a₁":-3.0198459393994037,"a₂":-1.6347704335986215,"b₁":-8.422071750664445},"^":{"γ":-9.206972655109217,"b₂":-9.210340371976182,"λ₁":9.210337716457639,"λ₂":9.210340371976185,"a₁":1.4306963276939726,"a₂":9.20940553360681,"b₁":0.9725693189925657},">":{"γ":-1.015324699321667,"b₂":-0.03628703064932992,"λ₁":2.4520115450076805,"λ₂":2.813853053869238,"a₁":0.3524167777802649,"a₂":0.0014318139151150433,"b₁":0.3645832065997432}}},"pair0096":{"4":{"<":{"γ":-0.27083613240179893,"b₂":-0.5002663639406819,"λ₁":-1.8445654613070532,"λ₂":-0.16485917149958418,"a₁":0.15397380793603155,"a₂":0.25447494555420924,"b₁":-1.3862470896579957},"^":{"γ":0.11198216106294367,"b₂":-0.04056214327831498,"λ₁":-1.3915740649837414,"λ₂":-2.2207135841822945,"a₁":-0.01334831375715595,"a₂":-9.20607097588905,"b₁":-1.145570869716277},">":{"γ":-0.5429946506200913,"b₂":-0.7527838922227961,"λ₁":-1.456265942650174,"λ₂":0.08566847547070289,"a₁":-0.1508247137840968,"a₂":0.7339782699051121,"b₁":-0.3372702822295892}},"2":{"<":{"γ":7.526121440218121,"b₂":-1.6899755797600253,"λ₁":7.302554108927685,"λ₂":1.2868896220088324,"a₁":-2.744689317766224,"a₂":1.1939485924092352,"b₁":-8.679767905793023},"^":{"γ":1.742937471222609,"b₂":-0.1145898249701407,"λ₁":-1.1405829496740747,"λ₂":4.084513439197341,"a₁":-0.18480721092350372,"a₂":-1.1627362365353804,"b₁":-0.49017477085391015},">":{"γ":1.7763568394002505e-15,"b₂":1.7763568394002505e-15,"λ₁":1.7763568394002505e-15,"λ₂":1.7763568394002505e-15,"a₁":6.140226914650789,"a₂":1.7763568394002505e-15,"b₁":6.140226914650789}},"3":{"<":{"γ":-0.34112371751320403,"b₂":-0.1137079057942536,"λ₁":-0.5685395290364976,"λ₂":0.08843948208151176,"a₁":0.18951317614984475,"a₂":-0.07908080487858626,"b₁":0.03790263498212276},"^":{"γ":-0.7292100058252426,"b₂":-0.012313114399933767,"λ₁":-0.7781671144060915,"λ₂":-1.1760409451509481,"a₁":0.06808999657127934,"a₂":-0.6211042297670915,"b₁":-0.3080453640633074},">":{"γ":1.7763568394002505e-15,"b₂":1.7763568394002505e-15,"λ₁":1.7763568394002505e-15,"λ₂":1.7763568394002505e-15,"a₁":1.7763568394002505e-15,"a₂":1.7763568394002505e-15,"b₁":1.7763568394002505e-15}},"5":{"<":{"γ":-0.4295926282275495,"b₂":-0.7519834246913621,"λ₁":0.08233436636928104,"λ₂":-0.8884917887746759,"a₁":-0.22381388079756803,"a₂":0.7123508276886916,"b₁":-2.8804827151094754},"^":{"γ":-0.04604655371205979,"b₂":9.210340371976185,"λ₁":-2.2323859394383385,"λ₂":-3.892731150179909,"a₁":0.8569655656496362,"a₂":-9.210340371976182,"b₁":-0.7081796696084002},">":{"γ":-0.7190848670799745,"b₂":0.5007230476086129,"λ₁":-0.9431113647291589,"λ₂":1.2662532945649296,"a₁":-0.1887736780409881,"a₂":0.16107419758611563,"b₁":-0.6970533836088073}},"1":{"<":{"γ":-9.210340371976182,"b₂":0.23387670738723543,"λ₁":9.210340371976182,"λ₂":2.249742922556951,"a₁":-0.3020067663071071,"a₂":0.0821004407763617,"b₁":0.0004012806115625267},"^":{"γ":-9.208654946171842,"b₂":-9.208514250156613,"λ₁":9.210251003715113,"λ₂":-0.37118242574429416,"a₁":9.209966373040169,"a₂":-9.208673287864826,