{"likelihoods":{"pair0034":{"<":356.1799033202897,"^":460.0384610922839,">":402.25297959675356},"pair0035":{"<":506.02979301806806,"^":456.80130070137096,">":473.25249743857603},"pair0033":{"<":379.23554597513566,"^":419.67448197940996,">":291.04319360123924},"pair0031":{"<":2821.158807606692,"^":2788.038431784164,">":2808.0391310322802},"pair0032":{"<":-617.1457743954567,"^":-408.1377649823428,">":-426.50818546588124}}}