{"parameters":{"pair0034":{"<":{"γ":3.045668451587801,"b₂":-9.210340371976182,"λ₁":-9.210340371976182,"λ₂":9.175513705066395,"a₁":0.11099981957110927,"a₂":-4.534070316453712,"b₁":-9.210340371976182},"^":{"γ":-9.208723789611334,"b₂":-9.208424142109516,"λ₁":-6.866571047658407,"λ₂":9.209903898629689,"a₁":-0.9009392465679191,"a₂":-9.208551739866243,"b₁":-9.208640733787842},">":{"γ":9.210340371976185,"b₂":0.49693437586769207,"λ₁":-9.210340371976182,"λ₂":9.032234460987182,"a₁":-4.4542813249735715,"a₂":-8.917524173987246,"b₁":-9.210340371976182}},"pair0035":{"<":{"γ":9.210340371976185,"b₂":-9.210340371976182,"λ₁":-9.210340371976182,"λ₂":-9.210340371976182,"a₁":-9.210340371976182,"a₂":-9.210340371976182,"b₁":-9.210340371975727},"^":{"γ":-0.10670151696859165,"b₂":9.210340371976185,"λ₁":-9.210340371976182,"λ₂":-9.210340371976182,"a₁":-9.210340371976182,"a₂":-3.3416126654117297,"b₁":-9.210340371976182},">":{"γ":9.210340371976185,"b₂":2.1167593407795433,"λ₁":-9.210340371976182,"λ₂":-9.210340371976182,"a₁":-0.10108290136954245,"a₂":-9.210340371976182,"b₁":-9.210340371976182}},"pair0033":{"<":{"γ":4.250482547739988,"b₂":-2.3965440392294406,"λ₁":-9.190392471855253,"λ₂":9.167632133127531,"a₁":-9.200804130217975,"a₂":-1.1833294469988687,"b₁":-9.194693351484093},"^":{"γ":3.468723617204109,"b₂":9.203542245876482,"λ₁":-9.209223931071344,"λ₂":7.245796955840062,"a₁":-9.203225728321636,"a₂":0.565620285252157,"b₁":-9.206251194150456},">":{"γ":1.8919862535969703,"b₂":-4.400654584963485,"λ₁":-9.210340371976182,"λ₂":9.208556535824455,"a₁":2.5998235916816625,"a₂":-9.210340371976182,"b₁":-9.20950201172691}},"pair0031":{"<":{"γ":3.0729794153220507,"b₂":-0.4246941628230605,"λ₁":1.6433802467887855,"λ₂":0.3879520190869403,"a₁":-0.00568387177479579,"a₂":-1.0959440704293382,"b₁":-0.10443317516388895},"^":{"γ":9.210340371976185,"b₂":0.6969058155590648,"λ₁":-0.9899574834548197,"λ₂":-1.0324982802219989,"a₁":-0.8236936367965253,"a₂":1.2258030902230583,"b₁":-1.967075397154515},">":{"γ":1.0062429866742093,"b₂":-0.2660121032703824,"λ₁":-3.148606583468661,"λ₂":1.2473171448166216,"a₁":0.42655215477248554,"a₂":-0.4686425954262532,"b₁":-4.046432363915602}},"pair0032":{"<":{"γ":0.05436367515644669,"b₂":-3.745197757387354,"λ₁":-9.021925138630303,"λ₂":1.0009370997748892,"a₁":-4.37572290821461,"a₂":-5.151684901560254,"b₁":-9.20298937291381},"^":{"γ":9.210340371976185,"b₂":-9.210340371976182,"λ₁":-9.210340371976182,"λ₂":2.4813872384520934,"a₁":-1.9033417043856655,"a₂":-9.210340371976182,"b₁":-9.210340371976182},">":{"γ":-9.187298579618632,"b₂":9.190841406239086,"λ₁":-9.208768931708544,"λ₂":9.20821921326237,"a₁":-0.034875443284047236,"a₂":9.175936946124276,"b₁":-9.18810463528652}}}}