{"likelihoods":{"pair0009":{"4":{"<":2418.2752347287587,"^":2464.2139814223774,">":2435.950448901843},"2":{"<":2454.9928838023234,"^":2627.8413671037556,">":2507.9138671640308},"3":{"<":2415.6802787896295,"^":2505.427493742727,">":2422.483416505769},"5":{"<":2420.10654781739,"^":2457.037745880297,">":1729.2140478345214},"1":{"<":2645.5805272749963,"^":2839.59793190937,">":2614.370350315817}},"pair0010":{"4":{"<":2465.536370028259,"^":2498.3701601277003,">":2478.369598643099},"2":{"<":2521.642409219705,"^":2646.2481360694405,">":2561.0682211501708},"3":{"<":2470.6571323394533,"^":2547.178777527311,">":2482.079381312561},"5":{"<":2455.6758432439233,"^":2489.2492748645186,">":2319.568978978426},"1":{"<":2698.539544235205,"^":2842.8796704884576,">":2670.666983991407}},"pair0008":{"4":{"<":2160.5044328980875,"^":2437.854483661169,">":2251.466906598431},"2":{"<":2390.6939621286656,"^":2616.577612756479,">":2378.0618966531983},"3":{"<":2274.5805313025494,"^":2482.354730198561,">":2396.8936551361753},"5":{"<":1924.392797536112,"^":2435.7689100575867,">":2220.7283579265854},"1":{"<":2607.604112230589,"^":2837.021038328177,">":2466.0628143961926}}}}