{"parameters":{"pair0009":{"4":{"<":{"γ":3.120326497210394,"b₂":-0.5553428451979769,"λ₁":-0.7409265989344931,"λ₂":0.4724199449696993,"a₁":-0.025938434106141273,"a₂":1.3562222216589017,"b₁":-0.4768170170378685},"^":{"γ":0.15718830458877164,"b₂":-0.9011047664048775,"λ₁":-1.4077127657542823,"λ₂":-2.551902677256769,"a₁":-0.04678496476547522,"a₂":0.5464940638981446,"b₁":-2.12353032240293},">":{"γ":-0.7570957754916527,"b₂":-0.9198070671853031,"λ₁":-1.0443215437433775,"λ₂":0.7197196230301781,"a₁":0.0015466405963788787,"a₂":0.18846607454364062,"b₁":-0.5878864574831084}},"2":{"<":{"γ":2.756730523693715,"b₂":-8.853841352404565,"λ₁":9.199661362625486,"λ₂":-0.25450194206803367,"a₁":-1.6725612310840408,"a₂":-3.7814431865829254,"b₁":-1.4676601288460205},"^":{"γ":0.5790278744204738,"b₂":-0.8239032335184309,"λ₁":-0.391597078268175,"λ₂":-0.7258617292445493,"a₁":-0.007051055244215121,"a₂":-1.5342195965321377,"b₁":-0.06875970762339279},">":{"γ":-1.4419087409357099,"b₂":0.07000989198253826,"λ₁":0.8788788434803205,"λ₂":0.2813300066767521,"a₁":0.208511700766703,"a₂":0.2723776276170362,"b₁":-0.024029997922250246}},"3":{"<":{"γ":0.6503575045623098,"b₂":-2.1531425520080187,"λ₁":-1.2284443648277765,"λ₂":0.14287163477787068,"a₁":0.1317381081778226,"a₂":-0.06774395955756951,"b₁":-1.0318937466793194},"^":{"γ":2.2491204241457066,"b₂":-9.210340371976182,"λ₁":-0.3805066394531593,"λ₂":-1.3357111134260302,"a₁":0.1053571093326724,"a₂":-9.210340371976182,"b₁":-1.0376454230402388},">":{"γ":-1.70293676726165,"b₂":9.190916689658602,"λ₁":-9.208760923113532,"λ₂":-9.208764724866567,"a₁":2.6384523881331994,"a₂":9.210012896255934,"b₁":-9.208511457098973}},"5":{"<":{"γ":0.10889361584119506,"b₂":-5.203768741031615,"λ₁":-1.1700692587775823,"λ₂":0.4434095329492074,"a₁":-0.36426708061798685,"a₂":-1.0422605222482222,"b₁":-2.130565501698319},"^":{"γ":9.210340371976185,"b₂":-0.5795737193302894,"λ₁":-0.28181347337102736,"λ₂":-9.210340371976182,"a₁":-0.4455284115778202,"a₂":9.210340371976185,"b₁":-2.3920711259268703},">":{"γ":1.9836232638691218,"b₂":2.2235328127775347,"λ₁":-6.627194154379032,"λ₂":0.42270032914987965,"a₁":2.299556541794402,"a₂":-0.3687416635323224,"b₁":-5.727043955589216}},"1":{"<":{"γ":1.4030035427629155,"b₂":-0.1449320175677542,"λ₁":6.24564436958209,"λ₂":1.9408315903747546,"a₁":0.4429142576337526,"a₂":0.12714162798654272,"b₁":0.5026578306720051},"^":{"γ":9.040053952801381,"b₂":-9.210340371976182,"λ₁":9.210340371976185,"λ₂":9.210340371976185,"a₁":3.6889185777994378,"a₂":9.210340371976185,"b₁":3.664871555663323},">":{"γ":9.210306413339131,"b₂":-1.724080632268361,"λ₁":9.210083989977067,"λ₂":-1.542156556103845,"a₁":9.209548196613026,"a₂":-2.2476273794298107,"b₁":9.20961673914516}}},"pair0010":{"4":{"<":{"γ":2.0683277744960247,"b₂":-1.1184766688480234,"λ₁":-2.3462546364685384,"λ₂":-0.12072975420691279,"a₁":0.6673115345691389,"a₂":-0.1656228945366518,"b₁":-0.1432581722073909},"^":{"γ":1.9873453552782205,"b₂":8.98468849392116,"λ₁":-1.4794778154240689,"λ₂":-3.9774247133791816,"a₁":0.09974544407981156,"a₂":-9.143647087525535,"b₁":-1.279197315025522},">":{"γ":1.219173057949682,"b₂":-1.3323114660359048,"λ₁":-0.47328075642571577,"λ₂":-0.5635690536701645,"a₁":-0.4547950275433905,"a₂":-0.09143612806827228,"b₁":0.3904245790731}},"2":{"<":{"γ":1.7763568394002505e-15,"b₂":1.7763568394002505e-15,"λ₁":1.7763568394002505e-15,"λ₂":1.7763568394002505e-15,"a₁":1.7763568394002505e-15,"a₂":1.7763568394002505e-15,"b₁":1.7763568394002505e-15},"^":{"γ":1.3803556353729434,"b₂":0.13760656772698354,"λ₁":-0.9271864752823635,"λ₂":-1.0592626236845355,"a₁":-0.17350219860773386,"a₂":0.510399696217192,"b₁":-1.199865613713424},">":{"γ":1.7763568394002505e-15,"b₂":1.7763568394002505e-15,"λ₁":1.7763568394002505e-15,"λ₂":1.7763568394002505e-15,"a₁":1.7763568394002505e-15,"a₂":1.7763568394002505e-15,"b₁":1.7763568394002505e-15}},"3":{"<":{"γ":6.038952487091645,"b₂":-1.8989460419670978,"λ₁":-0.4661434836243519,"λ₂":0.5789147069437206,"a₁":-0.3321329039914289,"a₂":-0.5635663822672061,"b₁":-2.8492207691899436},"^":{"γ":1.3466580547431573,"b₂":0.14788236967993562,"λ₁":-1.5403064249522815,"λ₂":-5.376067379577192,"a₁":1.2910005767450698,"a₂":8.674987688213639,"b₁":-0.026527545955691068},">":{"γ":-0.07668440395054965,"b₂":-1.0735904404916727,"λ₁":-0.9280276130037315,"λ₂":-0.6638709664225875,"a₁":-0.9631093207464758,"a₂":0.7426577929952565,"b₁":-2.975271843830148}},"5":{"<":{"γ":-1.1991384400479799,"b₂":-2.713957266324183,"λ₁":-2.423409169999866,"λ₂":0.8490922487234087,"a₁":-0.7357521061744396,"a₂":3.402127957469837,"b₁":-0.41038877702728804},"^":{"γ":9.210340371976185,"b₂":-6.453658035513934,"λ₁":-0.07971674873477852,"λ₂":-2.808917057496875,"a₁":-0.2977739684032077,"a₂":-9.137492988279527,"b₁":-1.931613839116796},">":{"γ":-9.208675225869252,"b₂":9.209887229663545,"λ₁":-9.208929074997235,"λ₂":-9.208728186201375,"a₁":0.7376170029724811,"a₂":9.209998771384997,"b₁":-6.2730855916301484}},"1":{"<":{"γ":-7.81160022092735,"b₂":-0.9716371191001851,"λ₁":9.210340371976182,"λ₂":1.2550628843135456,"a₁":0.31033590683539636,"a₂":-0.3238800151269121,"b₁":-1.6944900541051302},"^":{"γ":-9.193915841599974,"b₂":-9.210340371976182,"λ₁":9.210340371976182,"λ₂":9.210340371976185,"a₁":0.426841642567485,"a₂":9.210340371976185,"b₁":0.5054192992333544},">":{"γ":4.215343396086901,"b₂":-0.1511821370346702,"λ₁":5.550622715251459,"λ₂":1.6419354496068141,"a₁":-0.2765992629306986,"a₂":-0.6775914841203008,"b₁":0.5928646757776548}}},"pair0008":{"4":{"<":{"γ":-0.8598505160689722,"b₂":-5.74359591841708,"λ₁":1.8479404038795035,"λ₂":1.3085683681242521,"a₁":-2.9007106905576467,"a₂":0.15711684082424604,"b₁":-2.4631121393809536},"^":{"γ":1.09079355886794,"b₂":-9.210340371976182,"λ₁":-1.749154355104487,"λ₂":-0.984367202489695,"a₁":0.08369023721787983,"a₂":0.7952029480675922,"b₁":-1.279658749350915},">":{"γ":-1.013002365548104,"b₂":0.22326328681485919,"λ₁":2.7068466171998065,"λ₂":-1.6123102710663586,"a₁":-0.12820249541790396,"a₂":-0.014728192569942067,"b₁":-4.547077573974366}},"2":{"<":{"γ":-0.15159756784482425,"b₂":-2.3028705498753173,"λ₁":2.1236609476019908,"λ₂":1.5511717117155595,"a₁":0.23094652927831305,"a₂":-0.2569537205705714,"b₁":0.1523648232398216},"^":{"γ":0.7354987616545579,"b₂":-0.33298265933901483,"λ₁":-0.6098627815893405,"λ₂":-1.0651116525863422,"a₁":0.005849087098933836,"a₂":0.0849353452389181,"b₁":-0.12802983764699505},">":{"γ":1.368622767433175,"b₂":-1.1804233565761546,"λ₁":1.1508345319189406,"λ₂":0.0006122697833568225,"a₁":-0.15691135672189915,"a₂":-0.5330309859405862,"b₁":-0.1524319640629841}},"3":{"<":{"γ":0.012124547772460303,"b₂":-6.925408649486002,"λ₁":1.4982103940749312,"λ₂":0.12971899720504432,"a₁":-0.13579956154360673,"a₂":2.805128509323259,"b₁":-0.3343095522661681},"^":{"γ":0.3066872481622589,"b₂":-0.058401134311903746,"λ₁":-1.082377626930791,"λ₂":-0.3428831487291877,"a₁":0.011812988900322452,"a₂":0.4310838726268482,"b₁":-1.080707397206643},">":{"γ":-2.4251988331024927,"b₂":-3.828966438140517,"λ₁":3.6442905665625904,"λ₂":0.7392157089360065,"a₁":-3.8343043437513886,"a₂":-0.4029079807473952,"b₁":-9.019701336154945}},"5":{"<":{"γ":-2.7871150651923218,"b₂":-9.210340371976182,"λ₁":1.5571541264708753,"λ₂":-9.210340371976182,"a₁":-9.197648929223227,"a₂":-5.439089800928317,"b₁":-9.207779662350424},"^":{"γ":0.6339620916052535,"b₂":9.210340371976185,"λ₁":-2.0307689324407345,"λ₂":-1.3318158101933655,"a₁":-1.3668292001571096,"a₂":-9.210340371976182,"b₁":-7.2041051502209585},">":{"γ":9.17165658493237,"b₂":-8.717381000615665,"λ₁":-4.78282475801429,"λ₂":-0.21844296302231747,"a₁":3.3586723552879736,"a₂":-9.210340371976182,"b₁":-6.339139259013438}},"1":{"<":{"γ":-9.208489710825653,"b₂":-0.13820552505377925,"λ₁":3.409898647234826,"λ₂":1.5820833773553904,"a₁":1.901729862944599,"a₂":-0.3987954232366331,"b₁":1.671946388823562},"^":{"γ":-9.208906717704448,"b₂":0.40521457566358343,"λ₁":9.209856211901288,"λ₂":9.210316247641062,"a₁":9.210264825144199,"a₂":9.209716366211405,"b₁":9.210114880939544},">":{"γ":-5.3458281270072545,"b₂":-2.6965487313140164,"λ₁":8.543654575851884,