{"likelihoods":{"pair0076":{"4":{"<":733.9610654989802,"^":791.1484646559065,">":740.1028076218256},"2":{"<":733.1261751429081,"^":884.1370172393855,">":741.5295677002988},"3":{"<":742.7079005486218,"^":826.970415799076,">":748.3771297847914},"5":{"<":751.6831034674108,"^":794.7684080710111,">":749.8337267260321},"1":{"<":767.1403149096747,"^":991.9362857089571,">":768.492145889863}},"pair0080":{"4":{"<":1379.2417482745764,"^":1305.7489602839078,">":1383.7899426185097},"2":{"<":1402.3550661603983,"^":1539.5972587599117,">":1413.612508529777},"3":{"<":1379.7226182829784,"^":1421.2930282154045,">":1351.3319132148965},"5":{"<":1364.4829879870074,"^":1323.708020187118,">":1373.5720630649266},"1":{"<":1897.5400645629172,"^":2057.7426217521083,">":1898.7216414056068}},"pair0077":{"4":{"<":2405.052833910117,"^":2375.790173217049,">":2411.50659888497},"2":{"<":2395.8366795788156,"^":2460.0470118198464,">":2390.255182638471},"3":{"<":2380.2893577190907,"^":2384.9380245373313,">":2379.669624542515},"5":{"<":2408.7954952401747,"^":2393.754707258985,">":2402.96137839243},"1":{"<":2507.351303022441,"^":2850.1637182211252,">":2503.9445807226894}},"pair0078":{"4":{"<":1328.3402283978219,"^":1402.1698890111534,">":1300.5736477266557},"2":{"<":1299.77696976658,"^":1651.26828561246,">":1327.4909596178736},"3":{"<":1297.07941612971,"^":1504.8613928820746,">":1295.4621409727242},"5":{"<":1293.380097671665,"^":1417.3762130070456,">":1315.0039815131684},"1":{"<":1510.2081766486135,"^":0.0,">":1510.2081766486135}},"pair0079":{"4":{"<":1494.1157527627852,"^":1492.6734484356796,">":1468.6371763135844},"2":{"<":1476.3209074516733,"^":1731.752522338935,">":1478.1975363531017},"3":{"<":1475.5166090802418,"^":1589.9342691786837,">":1459.3411556617127},"5":{"<":1480.3829660152874,"^":1499.0127004798833,">":1489.996513275353},"1":{"<":1630.083585096004,"^":2057.7426217521092,">":1630.215801150809}}}}