{"parameters":{"pair0076":{"4":{"<":{"m₁":0.5181718044899313,"γ":-0.006626023240412948,"b₂":-2.010722514337134,"λ₁":-0.9260851700069122,"λ₂":-0.11725748145495629,"a₁":-0.08644140491400876,"a₂":-0.10926276325709594,"m₂":0.4468825848858504,"b₁":-0.6257592255537237},"^":{"m₁":1.6022312750556154,"γ":-0.4804090515860189,"b₂":-6.496938185280411,"λ₁":-2.363276842845954,"λ₂":-1.1492608354433553,"a₁":-0.17738786016606944,"a₂":0.45159816540181374,"m₂":1.9640889103616903,"b₁":-1.1800707344929098},">":{"m₁":-0.42399147267770587,"γ":-0.004689622857069864,"b₂":-6.136308787010982,"λ₁":0.0002097413386028535,"λ₂":-1.3836512975501556,"a₁":0.04432674053023078,"a₂":-2.2336018263343416,"m₂":-0.03548643225692416,"b₁":-0.05211235893867361}},"2":{"<":{"m₁":-0.011711616363989208,"γ":-0.11948918699044775,"b₂":-1.3099951134511922,"λ₁":13.815510557964274,"λ₂":-0.06954634437154894,"a₁":0.9385426410396409,"a₂":-0.555253025476782,"m₂":0.3419139884812701,"b₁":0.18249514073888484},"^":{"m₁":0.45874660549058177,"γ":6.992065757591828,"b₂":-6.821288957702244,"λ₁":-9.08292873750438,"λ₂":-4.027413300856233,"a₁":2.3242941601357785,"a₂":13.202014224958845,"m₂":2.974838404191896,"b₁":2.1354581451734855},">":{"m₁":-0.0019009014750999143,"γ":-0.16724400663840733,"b₂":-0.11486187595884978,"λ₁":-0.1396267404097653,"λ₂":-0.07716974585509995,"a₁":0.062224353839953395,"a₂":0.014386887207725962,"m₂":0.09238576792150788,"b₁":-0.09016728816415132}},"3":{"<":{"m₁":0.4349978292216772,"γ":-0.9946205357545033,"b₂":-3.423377506729345,"λ₁":-0.5050811704906764,"λ₂":-0.4719212509114268,"a₁":0.6012536797322152,"a₂":-0.5519554444796189,"m₂":0.23765614634424104,"b₁":1.176125605567643},"^":{"m₁":0.0,"γ":0.0,"b₂":0.0,"λ₁":0.0,"λ₂":0.0,"a₁":0.0,"a₂":0.0,"m₂":0.0,"b₁":0.0},">":{"m₁":0.0,"γ":0.0,"b₂":0.0,"λ₁":0.0,"λ₂":0.0,"a₁":0.0,"a₂":0.0,"m₂":0.0,"b₁":0.0}},"5":{"<":{"m₁":-0.042490974281349736,"γ":-0.04808575824733907,"b₂":0.051379353938616035,"λ₁":-0.04393641606525378,"λ₂":0.16312356582235488,"a₁":-0.18008123750679594,"a₂":0.0016484013186914837,"m₂":0.23489244407668863,"b₁":0.22346562874924736},"^":{"m₁":-0.358501299346873,"γ":-0.021255828910490493,"b₂":0.1404698365882222,"λ₁":-0.1953786812811149,"λ₂":-3.0685808438089683,"a₁":0.04828752005206738,"a₂":-0.6354280881334855,"m₂":0.5275038393388254,"b₁":0.032063974295370556},">":{"m₁":0.0,"γ":0.0,"b₂":0.0,"λ₁":0.0,"λ₂":0.0,"a₁":0.0,"a₂":0.0,"m₂":0.0,"b₁":0.0}},"1":{"<":{"m₁":0.3811941144175748,"γ":0.38503257713132477,"b₂":-0.8078280710997383,"λ₁":0.016593136756084093,"λ₂":0.8453336454722056,"a₁":1.314751057860347,"a₂":0.1962796758353864,"m₂":0.25567339712687165,"b₁":1.1094636325581693},"^":{"m₁":-0.09445308664905383,"γ":-0.45800282581642726,"b₂":-13.813075921927487,"λ₁":13.766062592373565,"λ₂":5.098567507438862,"a₁":-0.2911402598010753,"a₂":-0.5508632737629888,"m₂":0.07783632768384763,"b₁":0.020695434386167832},">":{"m₁":0.003446776965914111,"γ":-1.5996441575480862,"b₂":-0.4987811303187808,"λ₁":1.01024713181911,"λ₂":0.7053304348506213,"a₁":0.0034757849058539847,"a₂":-0.02357336798176668,"m₂":0.43665612585870583,"b₁":0.12989819976938222}}},"pair0080":{"4":{"<":{"m₁":2.6339507365238575,"γ":-4.891366965312676,"b₂":-11.99388834530963,"λ₁":-3.007228978215677,"λ₂":-13.05573390427764,"a₁":1.2005823233875077,"a₂":-9.032446213734389,"m₂":5.634667861736904,"b₁":1.331574833683792},"^":{"m₁":1.0477361169968482,"γ":0.17769291534684406,"b₂":-1.8700171955287566,"λ₁":-4.875091845787887,"λ₂":-5.573291997232545,"a₁":-0.8229294525509943,"a₂":-2.0439467351948633,"m₂":-1.0020860060612211,"b₁":-8.564064905471522},">":{"m₁":10.0,"γ":13.812924839702294,"b₂":-3.3283692412154924,"λ₁":-9.504244924694262,"λ₂":-4.248273297800877,"a₁":3.5233273407496846,"a₂":-3.835981333869622,"m₂":-0.8173964491470418,"b₁":2.491832697991459}},"2":{"<":{"m₁":-9.294719463961705,"γ":2.037062521371027,"b₂":-8.581686568885974,"λ₁":-7.880329368827031,"λ₂":-5.174051079592001,"a₁":-7.252268638757427,"a₂":-1.4696125669856457,"m₂":-0.0403334992642197,"b₁":-3.320231678827872},"^":{"m₁":-0.7165396861185034,"γ":1.91701832478088,"b₂":-3.5700412821969145,"λ₁":-4.756638863765115,"λ₂":-13.815510557964274,"a₁":-0.24322535811145052,"a₂":13.813859241528323,"m₂":1.2232317774907386,"b₁":-3.840148821430059},">":{"m₁":0.6290299018924337,"γ":-8.352403603112815,"b₂":-13.815510557964274,"λ₁":-3.9435606050374457,"λ₂":-6.288320593402317,"a₁":-4.930486539178368,"a₂":-5.922276528690688,"m₂":-0.8211028863038141,"b₁":-4.81079573391664}},"3":{"<":{"m₁":-7.967803395381097,"γ":1.69922459317036,"b₂":-13.410000133818524,"λ₁":-6.445820509670084,"λ₂":-11.265265699590614,"a₁":-3.341459915742991,"a₂":-11.659904878347453,"m₂":10.0,"b₁":-12.154788974299256},"^":{"m₁":-4.849651498420591,"γ":13.777727760420671,"b₂":-13.605032524985539,"λ₁":-6.357628246359336,"λ₂":-10.949813673321172,"a₁":-0.9122997014755718,"a₂":13.815510557964274,"m₂":-9.992854964223927,"b₁":-7.604424380978197},">":{"m₁":-1.926782818707073,"γ":-0.1099010757529264,"b₂":-10.42044158827998,"λ₁":-1.8625302039448677,"λ₂":-11.141922188103923,"a₁":-2.5859304953052824,"a₂":-4.082058307014426,"m₂":9.655513371194896,"b₁":-8.750571451064332}},"5":{"<":{"m₁":-2.1725806439320383,"γ":-12.298844156773477,"b₂":-8.335103616823307,"λ₁":-2.592197427407447,"λ₂":-5.313602761917311,"a₁":-3.7340576615596337,"a₂":-0.06293383364466543,"m₂":-0.14056125044704082,"b₁":0.3753017546442585},"^":{"m₁":-0.641690371871448,"γ":1.5038540272881846,"b₂":2.5356024866335183,"λ₁":-6.659639794718953,"λ₂":-11.77903673675969,"a₁":-5.121220508098121,"a₂":-13.80401555068025,"m₂":-10.0,"b₁":-12.266762219857494},">":{"m₁":9.979158841406598,"γ":13.796821021299365,"b₂":-6.108459800646005,"λ₁":-13.787695282052296,"λ₂":-7.164572259694283,"a₁":13.815510557964274,"a₂":0.21126451477723052,"m₂":-0.3306476941370011,"b₁":13.259941993245459}},"1":{"<":{"m₁":0.19344756101694216,"γ":-0.5451831382008603,"b₂":-0.5855840188865304,"λ₁":0.17031436683984325,"λ₂":1.0053215508645579,"a₁":-0.22101167529512722,"a₂":0.03736009414060071,"m₂":0.1358286090370271,"b₁":0.44220405383929773},"^":{"m₁":0.0,"γ":0.0,"b₂":0.0,"λ₁":0.0,"λ₂":0.0,"a₁":0.0,"a₂":0.0,"m₂":0.0,"b₁":0.0},">":{"m₁":0.0,"γ":0.0,"b₂":0.0,"λ₁":0.0,"λ₂":0.0,"a₁":0.0,"a₂":0.0,"m₂":0.0,"b₁":0.0}}},"pair0077":{"4":{"<":{"m₁":-0.19496931880962265,"γ":-0.05402500177742198,"b₂":-0.7640730406290128,"λ₁":-0.13319708179987622,"λ₂":0.03767530589839119,"a₁":0.04037033831357917,"a₂":-0.16466632572505802,"m₂":0.002546819565056424,"b₁":0.6266982626144735},"^":{"m₁":0.5342262538805205,"γ":0.15737121537004484,"b₂":6.848813082838301,"λ₁":0.0796701434345568,"λ₂":-2.0354087827354608,"a₁":-0.03908873588892625,"a₂":-1.81051456261536,"m₂":-0.1826189844477195,"b₁":-1.1297107616941435},">":{"m₁":0.0,"γ":0.0,"b₂":0.0,"λ₁":0.0,"λ₂":0.0,"a₁":0.0,"a₂":0.0,"m₂":0.0,"b₁":0.0}},"2":{"<":{"m₁":-0.3641837875390852,"γ":1.5194103352827977,"b₂":0.056599200181803866,"λ₁":0.09298783901054186,"λ₂":-1.1023950419895332,"a₁":-0.2369304943260584,"a₂":0.2785071959814296,"m₂":-0.34213735548306623,"b₁":-0.4589722379504728},"^":{"m₁":-0.1939473832586902,"γ":1.8075088068498655,"b₂":13.815510557964274,"λ₁":-0.5793464806982875,"λ₂":-0.2732737945713346,"a₁":0.10177902716151976,"a₂":11.111115290032526,"m₂":-0.7217700876867621,"b₁":-0.8219423142741444},">":{"m₁":-1.1341042404644757,"γ":1.5643116628207405,"b₂":-1.532167713633367,"λ₁":-1.6150976270992707,"λ₂":-1.7040707229449819,"a₁":-0.3639383197880708,"a₂":-0.3240466845926875,"m₂":-0.25580216002396305,"b₁":-0.08494918890841952}},"3":{"<":{"m₁":-0.024911893288388498,"γ":6.222144590543312,"b₂":-0.37392575556764385,"λ₁":0.26808942453187967,"λ₂":0.2229480210579755,"a₁":-0.12303470110939863,"a₂":0.9803316572472056,"m₂":-0.09186077115365876,"b₁":-0.7027208155819515},"^":{"m₁":-0.8255702263523297,"γ":5.190625408367701,"b₂":-5.858721676113535,"λ₁":-3.0193094480730345,"λ₂":-0.47681537168094046,"a₁":-0.2499423770804743,"a₂":-0.40662441069242306,"m₂":-0.5877213755705064,"b₁":-1.94557826625255},">":{"m₁":0.3777756831144252,"γ":5.850283106325776,"b₂":-0.4523048411292727,"λ₁":0.2558320714091309,