{"likelihoods":{"pair0048":{"<":452.6679313510957,"^":457.783023527718,">":451.0977532580528}}}