{"parameters":{"pair0048":{"<":{"γ":-1.6959147478374135,"b₂":0.09181485059530914,"λ₁":1.9990033608291746,"λ₂":-0.22147245453530573,"a₁":0.8037234156921045,"a₂":0.07997178940379968,"b₁":0.5920360559131126},"^":{"γ":7.065675156627105,"b₂":5.283292516218147,"λ₁":0.7032428733302307,"λ₂":-4.635074517693829,"a₁":0.007019082917519626,"a₂":-0.1305947889511181,"b₁":-1.0639862076860318},">":{"γ":3.1550578403403406,"b₂":-1.0774497176156004,"λ₁":5.016216036709174,"λ₂":0.18729209619411336,"a₁":-0.5311302021842206,"a₂":-0.3667696809138121,"b₁":-2.611168563106224}}}}