{"params":{"P":100,"m₂":0.0,"b₁":13.739219887047668,"name":"m_1_k_3","seed_no":114,"M":4,"λ₁":0.00010017871781998054,"a₂":0.06713591467048377,"b₂":0.001036485759341385,"Rs":[1,2,3,4,5],"T_max":1000,"m₁":0.0,"γ":0.8539638822434452,"a₁":0.11543051286577116,"λ₂":86.44884743304635,"EPOCHS":200,"tr_acc":-0.7621383251586192}}