{"params":{"P":100,"m₂":0.0,"b₁":0.0001962399707821367,"name":"m_1_k_1","seed_no":114,"M":4,"λ₁":9999.020341327538,"a₂":0.7853249907752112,"b₂":9996.549042276112,"Rs":[1,2,3,4,5],"T_max":1000,"m₁":0.0,"γ":9997.364274934242,"a₁":9996.942771427512,"λ₂":21.311319134702906,"EPOCHS":200,"tr_acc":-0.7877668290859461}}