{"params":{"P":100,"m₂":0.0,"b₁":8.400498192862,"name":"m_1_k_2","seed_no":114,"M":4,"λ₁":0.00010015456670531502,"a₂":0.00010017733302881695,"b₂":0.0006848673298347919,"Rs":[1,2,3,4,5],"T_max":1000,"m₁":0.0,"γ":9995.942002074233,"a₁":0.00010018162461357678,"λ₂":69.23382025710039,"EPOCHS":200,"tr_acc":-0.8144832737770781}}