{"params":{"P":100,"m₂":0.0,"b₁":14.256457087567505,"name":"m_1_k_3","seed_no":119,"M":4,"λ₁":1.5479457253576747,"a₂":1.7545379146854583,"b₂":0.00010018773562530516,"Rs":[1,2,3,4,5],"T_max":1000,"m₁":0.0,"γ":9997.894463148614,"a₁":10.9177952229568,"λ₂":191.766223921326,"EPOCHS":200,"tr_acc":-0.7958188703060902}}