{"params":{"P":100,"m₂":0.0,"b₁":9965.45726618166,"name":"m_1_k_2","seed_no":119,"M":4,"λ₁":0.00010000000000000009,"a₂":0.00010000000000000009,"b₂":9999.91918016166,"Rs":[1,2,3,4,5],"T_max":1000,"m₁":0.0,"γ":0.00010016602730282895,"a₁":0.626420519440722,"λ₂":0.036821656808564675,"EPOCHS":200,"tr_acc":-0.7848069192349861}}