{"params":{"P":100,"m₂":0.0,"b₁":8.600174194401088,"name":"m_1_k_1","seed_no":119,"M":4,"λ₁":0.22950254952281013,"a₂":0.484515483952459,"b₂":0.00010236513303980466,"Rs":[1,2,3,4,5],"T_max":1000,"m₁":0.0,"γ":0.05615730595163153,"a₁":105.79230564486585,"λ₂":2.6477117695738657,"EPOCHS":200,"tr_acc":-0.8901924854796384}}