{"likelihoods":{"pair0087":{"<":-934.7575725256703,"^":-829.4244944110162,">":-888.7376126566877},"pair0090":{"<":357.48789943281014,"^":360.6239202291855,">":354.1884533710476},"pair0088":{"<":665.8871062252839,"^":662.6243581771538,">":661.1426691016271},"pair0089":{"<":352.1566448008566,"^":355.1531827475569,">":345.8397447089129},"pair0086":{"<":1604.0283006692146,"^":1481.1644929291897,">":1611.0137887024398}}}