{"parameters":{"pair0070":{"<":{"γ":3.3049924381428557,"b₂":1.0416801451745634,"λ₁":-9.210340371976182,"λ₂":2.4805893348955337,"a₁":-8.870788761517852,"a₂":-7.187915961315619,"b₁":-9.210340371976182},"^":{"γ":0.8069483622259757,"b₂":9.190268786479054,"λ₁":-1.4733247735664712,"λ₂":-9.210340371976182,"a₁":-1.3114154736486645,"a₂":6.2315005544594335,"b₁":-9.209371285583433},">":{"γ":-5.370129773139135,"b₂":-3.7064950410495268,"λ₁":-7.793173614722075,"λ₂":-9.210340371976182,"a₁":-2.5864226487108137,"a₂":9.210340371976185,"b₁":2.1408313585573513}},"pair0074":{"<":{"γ":0.6077094296711021,"b₂":-4.368061832954188,"λ₁":-0.9780308738920098,"λ₂":-3.0783530022301315,"a₁":-1.7827368766718035,"a₂":-1.0023384818901562,"b₁":-1.7052550912056317},"^":{"γ":2.3778916126239285,"b₂":9.210340371976185,"λ₁":-5.054488123277522,"λ₂":-3.41187493552233,"a₁":-1.7477474497373526,"a₂":8.29009441493909,"b₁":-7.805474822717688},">":{"γ":0.22452132175161488,"b₂":-0.8620259968097024,"λ₁":-9.210340371976182,"λ₂":-0.24095391553634116,"a₁":-2.4239041809060593,"a₂":-1.6891757082154175,"b₁":-9.200442432132446}},"pair0075":{"<":{"γ":-3.6864007883197045,"b₂":-3.3731126416691417,"λ₁":-3.325281086574676,"λ₂":-4.873499341170613,"a₁":-3.0157465756780475,"a₂":1.3120596815185834,"b₁":-8.390064202296916},"^":{"γ":1.665703919347882,"b₂":-8.210389883871372,"λ₁":-8.293635292056846,"λ₂":-8.256248311952193,"a₁":-3.2253383269058666,"a₂":-8.912763170409828,"b₁":-9.180369040428682},">":{"γ":0.09214570866121008,"b₂":-6.897422848723315,"λ₁":-3.260943092548099,"λ₂":-1.5218374098974126,"a₁":0.6413297075178512,"a₂":-2.1736509994264503,"b₁":-3.3275864384276668}},"pair0073":{"<":{"γ":4.372198970124591,"b₂":-9.198398459855763,"λ₁":-9.159654126496473,"λ₂":-3.5353047494980103,"a₁":-4.206051800000053,"a₂":-3.981976334578847,"b₁":-8.31162692778322},"^":{"γ":1.526023019962338,"b₂":9.210340371976185,"λ₁":-3.9178178353538424,"λ₂":-9.208754699964759,"a₁":-1.761356125619109,"a₂":3.4307806027258057,"b₁":-9.208692568733147},">":{"γ":-5.3665224051383,"b₂":-2.911206477608383,"λ₁":-1.5313346189565529,"λ₂":-3.3824252044155667,"a₁":-1.4097560273728025,"a₂":-2.902355067857597,"b₁":-1.3557616817913658}},"pair0072":{"<":{"γ":-1.9805265961440002,"b₂":-0.8872208177724534,"λ₁":5.220240589127762,"λ₂":-1.7242708850650423,"a₁":-2.02471937212942,"a₂":0.7930199910287055,"b₁":-1.5257698585788688},"^":{"γ":9.189432876239389,"b₂":9.2098284515617,"λ₁":-3.3471887371146964,"λ₂":2.715696620627007,"a₁":-0.18393703529781824,"a₂":-9.210340371976182,"b₁":-3.342660244076238},">":{"γ":2.185219370426113,"b₂":0.14277655929595667,"λ₁":-4.000180567157782,"λ₂":5.052623269475566,"a₁":-2.7779273293895503,"a₂":-3.4694510079202887,"b₁":-9.210340371976182}}}}