{"likelihoods":{"pair0029":{"4":{"<":-166.65892934462948,"^":-135.4350709719562,">":-58.80164813854559},"2":{"<":0.0,"^":-41.14650622462957,">":-126.80698405121956},"3":{"<":-203.1417202172345,"^":-127.30207624404423,">":-94.72723925708256},"5":{"<":-76.87416652786384,"^":-176.66403405403366,">":215.64959520061706},"1":{"<":2868.44127685168,"^":2922.01492249239,">":2869.3668030721174}},"pair0027":{"4":{"<":-2173.2073927304336,"^":-2132.346167308335,">":-2098.998640954648},"2":{"<":-2013.9988368119891,"^":-2020.9137027118313,">":-2054.827351600806},"3":{"<":-2136.269185221637,"^":-2083.689928303853,">":-2138.190839560086},"5":{"<":-1647.5444924417802,"^":-1867.1460168719368,">":-2086.5069500683862},"1":{"<":2925.744031514449,"^":2924.872660861382,">":2929.5047365975843}},"pair0028":{"4":{"<":2777.212095070002,"^":2502.363122519924,">":2769.361982085016},"2":{"<":2828.3242191143263,"^":2845.9557555316082,">":2828.0464115997183},"3":{"<":2777.217351231833,"^":2779.4097551376744,">":2784.6094110285744},"5":{"<":2777.2515479621184,"^":2030.8004587403536,">":2386.8872701307723},"1":{"<":2845.108284714191,"^":2922.1273504508035,">":2842.938613037025}},"pair0021":{"4":{"<":904.383256913023,"^":901.6372842410799,">":918.1074735693816},"2":{"<":897.29040375568,"^":926.1839467480715,">":904.242930979825},"3":{"<":897.2885211951478,"^":892.9211006411267,">":894.631726336854},"5":{"<":921.6061925002981,"^":891.7058667405357,">":910.9167059308131},"1":{"<":1001.2928099737691,"^":989.4196193476364,">":995.845542463239}},"pair0024":{"4":{"<":1261.1697260274705,"^":1254.9273544935756,">":1252.6579958042212},"2":{"<":1246.9493380192166,"^":1251.1932534593545,">":1243.205449479103},"3":{"<":1251.574525475798,"^":1255.5436255002423,">":1253.74722195381},"5":{"<":1264.8163719855963,"^":1255.1860307992115,">":1255.224085470619},"1":{"<":1249.6269519724508,"^":1284.12812859682,">":1251.034573812957}},"pair0025":{"4":{"<":2724.983205105341,"^":2737.259258081197,">":0.0},"2":{"<":2733.8600110340103,"^":0.0,">":2731.6082527259377},"3":{"<":2732.8736471291595,"^":2714.3675772869424,">":2718.6079026864086},"5":{"<":2727.436832865213,"^":2714.140749875554,">":2722.0566639442663},"1":{"<":2795.8386133838644,"^":2925.234885663167,">":2799.4824078220045}},"pair0022":{"4":{"<":1252.3003494168845,"^":858.2459985624392,">":1198.3214732969197},"2":{"<":1199.8871358499196,"^":1194.5986559563603,">":1190.4649619150098},"3":{"<":1211.0212944271266,"^":1197.4227152993997,">":1199.6535694303689},"5":{"<":1202.020907710431,"^":969.8872054862928,">":0.0},"1":{"<":1213.482466756728,"^":1278.9503171033782,">":1209.4629674291855}},"pair0023":{"4":{"<":1193.7831965532512,"^":1210.399223806471,">":1182.2911547204023},"2":{"<":1184.114412563588,"^":0.0,">":1181.6830913564518},"3":{"<":1189.9176205698445,"^":1230.181468520646,">":1188.1533010456913},"5":{"<":1226.550843661476,"^":1206.7346529491545,">":1202.2364697202058},"1":{"<":1202.0653006035066,"^":1281.9746747043348,">":1206.6059139697536}},"pair0030":{"4":{"<":2866.8333814365114,"^":2865.4134653487276,">":2878.1909770583197},"2":{"<":2910.5088978225344,"^":2908.9383484916434,">":2916.256694634903},"3":{"<":2867.1563147914176,"^":2897.38396445797,">":2900.0439662316853},"5":{"<":2837.821983897653,"^":2872.2953422774076,">":2860.3717409011024},"1":{"<":2914.5958096734917,"^":2922.096524899986,">":2917.032407869236}},"pair0026":{"4":{"<":-884.2896136071892,"^":-683.8545571570597,">":-630.2554829039115},"2":{"<":-659.6982109733714,"^":-893.1399453837402,">":-883.3780263256373},"3":{"<":-751.9500909224918,"^":-859.9731017463803,">":-850.5191304228281},"5":{"<":-913.3959637470452,"^":-829.2240298051308,">":-928.3257170236064},"1":{"<":2914.609992842057,"^":2922.0149224907154,">":2919.9939574106825}}}}