{"likelihoods":{"pair0070":{"4":{"<":-3098.7246326518425,"^":-2597.2898841286183,">":-3354.175735588416},"2":{"<":-3819.7945809096145,"^":-3636.244134082496,">":-4330.030406628018},"3":{"<":-2218.294770124093,"^":-3421.0779050948227,">":-3747.324246543278},"5":{"<":-3598.698753222878,"^":-3857.062044896515,">":-4353.278291572717},"1":{"<":2611.34641857826,"^":2843.0369304419182,">":2607.4695778437463}},"pair0080":{"4":{"<":1306.0668158786495,"^":1318.7108951369419,">":1343.311239329921},"2":{"<":1390.5608693268778,"^":1529.7329650606034,">":1393.670789024243},"3":{"<":1306.658707732379,"^":1410.1933707748283,">":1314.6495587971035},"5":{"<":1325.6879701893665,"^":1321.7175015038656,">":1372.908752673333},"1":{"<":1897.7543471655672,"^":2045.2142835588818,">":1897.0474834245595}},"pair0063":{"4":{"<":534.2763222200558,"^":518.6792425124354,">":527.527877030838},"2":{"<":518.3061244510103,"^":518.2583072825597,">":515.9131353203051},"3":{"<":533.0049568818234,"^":515.2852492237926,">":523.9571589802553},"5":{"<":526.5660526610943,"^":0.0,">":528.6272840102671},"1":{"<":538.3922055979654,"^":543.8992876486147,">":545.2160101825136}},"pair0073":{"4":{"<":402.34140229151393,"^":673.004612466813,">":429.8142770604335},"2":{"<":807.6772662030523,"^":0.0,">":798.6276638415814},"3":{"<":518.6402160258607,"^":971.5446663418937,">":507.47389506339147},"5":{"<":377.9217299276683,"^":602.8039805806111,">":411.55213964803136},"1":{"<":2013.2905793171844,"^":2841.951356146289,">":0.0}},"pair0057":{"4":{"<":508.2348931812104,"^":510.0240701863247,">":507.815596755068},"2":{"<":506.25476509117243,"^":509.3999811774031,">":501.61730920604185},"3":{"<":503.9874846928592,"^":504.45607860780535,">":506.87939362388414},"5":{"<":525.8402605577061,"^":511.9154035308907,">":516.1970555641449},"1":{"<":540.8216082043701,"^":550.4699235054048,">":538.2054879603573}},"pair0064":{"4":{"<":267.1215881987617,"^":234.56146253368098,">":298.4648188632388},"2":{"<":295.9234257952585,"^":333.1565389922868,">":302.1861391127479},"3":{"<":267.487189902899,"^":280.7276264142237,">":266.43518045295724},"5":{"<":274.67759623754336,"^":237.1826681170583,">":303.43533347541296},"1":{"<":387.41857435661694,"^":463.58519819348925,">":387.499861363512}},"pair0058":{"4":{"<":523.8876452498553,"^":514.6393036447876,">":513.972556231368},"2":{"<":504.56684701613995,"^":506.0514180689716,">":505.61153958619747},"3":{"<":0.0,"^":509.4748644450172,">":508.51680176553583},"5":{"<":515.7771731848413,"^":0.0,">":516.9539247654415},"1":{"<":539.5760643800336,"^":545.6965141505169,">":541.3341043672199}},"pair0062":{"4":{"<":531.0806532663738,"^":526.6162640073493,">":532.3783199675668},"2":{"<":518.9279652650813,"^":517.8493150612944,">":515.5340875767806},"3":{"<":526.468882745632,"^":523.311707678965,">":525.5273754047973},"5":{"<":535.2635370341987,"^":0.0,">":550.9860435221432},"1":{"<":544.0669763775977,"^":549.2476101323856,">":543.483905134424}},"pair0051":{"4":{"<":1016.8885759952225,"^":1011.1320737314362,">":1011.9934923266973},"2":{"<":1000.9677232207991,"^":1009.3252487505325,">":1009.2880741273267},"3":{"<":1015.8033963335005,"^":1015.4018190155631,">":1009.9486706250623},"5":{"<":1021.8576227701279,"^":0.0,">":1013.7575473173002},"1":{"<":1019.7528048893397,"^":1044.8152226795773,">":1022.3518827852424}},"pair0077":{"4":{"<":2381.1860837304685,"^":2374.1821842643258,">":2406.654723758572},"2":{"<":2407.334556464053,"^":2461.6090666319637,">":2413.1391575511416},"3":{"<":2391.103322178447,"^":2406.545965427963,">":2381.469814735495},"5":{"<":2395.3604292971672,"^":2391.5530974555813,">":2408.311936289091},"1":{"<":2505.417453641943,"^":2842.392494935501,">":2507.988175640353}},"pair0067":{"4":{"<":2434.6482396756237,"^":2470.279915677582,">":2451.9312142915383},"2":{"<":2409.3978297470644,"^":2694.0505144669405,">":2410.960713611261},"3":{"<":2424.5734824733013,"^":2517.720500670891,">":2430.8044985957636},"5":{"<":2391.0224583727127,"^":2458.6693579825555,">":2404.8750547298155},"1":{"<":2510.4599785730984,"^":2848.3956100187697,">":2511.951982567126}},"pair0078":{"4":{"<":1281.0886358143314,"^":1413.5814289032598,">":1282.4068054562667},"2":{"<":1298.706315641762,"^":1650.892206873616,">":1300.0547386389978},"3":{"<":1288.7200772555893,"^":1495.7714712219927,">":1281.5114677469758},"5":{"<":1299.6652466852918,"^":1358.7311045701651,">":1290.0958360105249},"1":{"<":1506.7682157952208,"^":2055.663874897692,">":1504.3773589017928}},"pair0065":{"4":{"<":2516.0672007305443,"^":2541.6938398537022,">":2209.6843173045245},"2":{"<":2505.8880226495744,"^":2636.832995492387,">":2502.5194873882006},"3":{"<":2114.538271620575,"^":2576.5489724822073,">":2339.85127447616},"5":{"<":2303.8665119482366,"^":2194.270584939431,">":2381.5461018755354},"1":{"<":2652.7351857180106,"^":2846.2795739832345,">":2651.6748130624833}},"pair0079":{"4":{"<":1458.0205576893056,"^":1512.7666923734675,">":1468.3358029980589},"2":{"<":1473.9385275795225,"^":1734.5050828313315,">":1470.1140238389855},"3":{"<":1465.974152927961,"^":1598.3595577559663,">":0.0},"5":{"<":1494.7178224555992,"^":1512.0989576184888,">":1454.0443502287953},"1":{"<":1626.770776805802,"^":2045.2143760772815,">":1627.752831780333}},"pair0061":{"4":{"<":0.0,"^":525.0165671723975,">":527.2329199442642},"2":{"<":517.2927943533763,"^":0.0,">":517.766875050345},"3":{"<":519.3176397290479,"^":0.0,">":522.4887039242464},"5":{"<":0.0,"^":530.2438637655448,">":529.3757596810613},"1":{"<":539.4324685908267,"^":550.2486745250307,">":541.7319238565523}},"pair0076":{"4":{"<":733.5722223562916,"^":781.5735599763747,">":0.0},"2":{"<":0.0,"^":864.7406050180139,">":732.789957661862},"3":{"<":744.6460827921782,"^":825.8868643965084,">":740.5806363316724},"5":{"<":743.1239006948772,"^":775.9273103504045,">":744.0461332092077},"1":{"<":769.7753759883224,"^":989.7776583365011,">":0.0}},"pair0075":{"4":{"<":282.8486377904669,"^":234.4870309312936,">":225.25405585106856},"2":{"<":317.6180386091029,"^":329.91706222087777,">":307.02187145401115},"3":{"<":291.81109892660123,"^":244.70227832102972,">":274.1236776326376},"5":{"<":241.1876638054928,"^":277.44995546914436,">":215.53159918550503},"1":{"<":538.1219915277065,"^":586.1770525418755,">":0.0}},"pair0074":{"4":{"<":354.20610875269534,"^":281.3122521074939,">":314.5086018091374},"2":{"<":0.0,"^":359.82075407501736,">":314.22350731516946},"3":{"<":0.0,"^":314.40962041968027,">":302.674857790505},"5":{"<":286.68776572648153,"^":275.5996577504481,">":270.29687182891314},"1":{"<":500.19295921313545,"^":556.9476306433193,">":0.0}},"pair0068":{"4":{"<":-1166.4164019301322,"^":-915.9029519269029,">":-1845.657003517284},"2":{"<":-1742.5456741154417,"^":-1655.8245966367044,">":-1343.8183715661328},"3":{"<":-1787.4030134840043,"^":-1349.586640782185,">":-1722.1101659537057},"5":{"<":-1963.9419980018517,"^":-1759.2865634577104,">":-1572.0201814457089},"1":{"<":1231.3335467806057,"^":1420.6048433228982,">":1230.6603592720958}},"pair0072":{"4":{"<":2588.94515626888,"^":2604.793448771575,">":2607.4867445457853},"2":{"<":2660.676581396764,"^":2673.9058957851057,">":2676.1207387614454},"3":{"<":2597.1201774726505,"^":2598.1414986024893,">":2600.7044933040843},"5":{"<":2586.881590432713,"^":2592.2240281681666,">":2585.549841389742},"1":{"<":2835.570139490982,"^":2842.5622082559667,">":2839.512329485593}},"pair0056":{"4":{"<":501.53501345540053,"^":509.0614284856942,">":499.93169535080665},"2":{"<":492.6955080296234,"^":496.5347824138773,">":492.2905562699652},"3":{"<":492.7462451538129,"^":496.128077227917,">":499.1591434244712},"5":{"<":500.1013031307526,"^":506.6914896871586,">":0.0},"1":{"<":533.7496845412775,"^":0.0,">":534.2282253205739}},"pair0060":{"4":{"<":524.1906600168879,"^":519.6377240197752,">":525.4812260437234},"2":{"<":516.7114364616323,"^":518.9596902657272,">":517.7796072854914},"3":{"<":520.3383466065445,"^":516.3339792613114,">":517.1679757166619},"5":{"<":524.9778074978227,"^":521.7334308302414,">":539.3170305684524},