{"likelihoods":{"pair0043":{"<":-22.531949086906884,"^":913.7155763670463,">":65.90995341023729},"pair0045":{"<":1464.8281444687584,"^":1714.0868218670507,">":1492.9252384150197},"pair0042":{"<":2211.9682083470657,"^":2274.111353052667,">":2215.8184220371936},"pair0044":{"<":-1278.253896684714,"^":-178.35863176333638,">":-1154.1949062026972},"pair0041":{"<":1930.4218216891984,"^":1929.7926371471158,">":1944.5630906846116}}}