{"parameters":{"pair0043":{"<":{"γ":2.5719686676908395,"b₂":-8.802157447252354,"λ₁":-3.2567256672828266,"λ₂":-4.506759689906458,"a₁":-0.35610710509587484,"a₂":-3.7237191689266345,"b₁":-4.055622422054321},"^":{"γ":0.9112373857875085,"b₂":6.839541114530663,"λ₁":-2.934448017294086,"λ₂":-3.8475427852921777,"a₁":2.9485704847525565,"a₂":2.5428929336956987,"b₁":-0.45709048442757627},">":{"γ":5.846366368516918,"b₂":-8.204137423942871,"λ₁":-3.0406353095518046,"λ₂":-3.53341036170647,"a₁":-2.401468507838975,"a₂":-0.1529872344752672,"b₁":-0.08086879780291589}},"pair0045":{"<":{"γ":2.7264956564836638,"b₂":-2.265953360708898,"λ₁":-3.5869726860390916,"λ₂":-2.7066932501628393,"a₁":2.5626741630851164,"a₂":0.03850747062779547,"b₁":0.9151447234040884},"^":{"γ":3.334487179744462,"b₂":-0.04816280717360932,"λ₁":-1.965559368674902,"λ₂":-3.421265244978396,"a₁":0.3010175214782631,"a₂":7.709404119683329,"b₁":-3.6958150841603246},">":{"γ":3.5109272873700252,"b₂":-8.586331836372796,"λ₁":-3.8951906456342,"λ₂":-9.15511501634452,"a₁":-4.164072274968165,"a₂":-1.5766471206801524,"b₁":-9.07484188566231}},"pair0042":{"<":{"γ":1.2239877080618644,"b₂":-0.15450019167633577,"λ₁":-3.0184226236367806,"λ₂":-0.6464619346178058,"a₁":-1.6975931197357408,"a₂":0.24371537647437513,"b₁":-5.31417051520394},"^":{"γ":2.352835229357396,"b₂":-7.479857921116559,"λ₁":-2.9338182758139064,"λ₂":-1.4952469833054023,"a₁":-0.07666325318625056,"a₂":-0.6956981300124898,"b₁":-3.28046699078568},">":{"γ":1.3337999256825324,"b₂":-1.9248323169974801,"λ₁":-2.4616292530513935,"λ₂":-0.28441745655783635,"a₁":0.8850505339081014,"a₂":-0.11939993717112429,"b₁":-0.6420935416213265}},"pair0044":{"<":{"γ":-0.0931273364512819,"b₂":-5.171041153090132,"λ₁":-6.959592096809483,"λ₂":-5.796368646717514,"a₁":-2.0304686446089235,"a₂":-2.5372061313605236,"b₁":-6.6769758242857415},"^":{"γ":-1.3210158710735804,"b₂":3.3488353945576517,"λ₁":-7.139194859432054,"λ₂":-5.278101859387178,"a₁":-0.5610113677371569,"a₂":-9.198179217297522,"b₁":-5.233140064569961},">":{"γ":1.0343341008283815,"b₂":-9.210340371976182,"λ₁":-2.182210658103136,"λ₂":-1.692631461935708,"a₁":-2.0861226468298817,"a₂":-2.0370692662032264,"b₁":-5.622780291226089}},"pair0041":{"<":{"γ":9.210340371976185,"b₂":-0.7229115993581754,"λ₁":-0.755583182900379,"λ₂":2.0555951930739997,"a₁":-0.14797471819660935,"a₂":-0.5918825776952445,"b₁":-3.3973689523633057},"^":{"γ":9.210340371976185,"b₂":2.166652483440611,"λ₁":-9.210340371976182,"λ₂":1.1570001869960347,"a₁":-1.9117742083802272,"a₂":9.210340371976185,"b₁":-3.97631943845656},">":{"γ":3.2113447093865535,"b₂":-0.4547342473350824,"λ₁":-3.3653920678492124,"λ₂":-2.949408803207496,"a₁":-0.27519768699034586,"a₂":0.6791389364265079,"b₁":-2.63932382131002}}}}