{"likelihoods":{"pair0007":{"4":{"<":2402.665543914905,"^":2464.0614714736626,">":1926.7095730572407},"2":{"<":2425.208861655561,"^":2626.401554136511,">":2379.709997028626},"3":{"<":2399.7318055755954,"^":2506.4623063692898,">":2389.9791243200425},"5":{"<":1735.2842742295659,"^":2452.162556228975,">":1617.4670378056014},"1":{"<":2655.1930508033265,"^":2842.854795053942,">":2483.885694703838}},"pair0005":{"4":{"<":1875.4560117047067,"^":2446.545352758542,">":2200.0881575366016},"2":{"<":2419.1238135308486,"^":2615.0163240981283,">":2375.7599275766747},"3":{"<":2395.169881587084,"^":2505.2980636092866,">":1979.7656916699311},"5":{"<":1801.341083958032,"^":2431.067072483013,">":1904.6521994241548},"1":{"<":2666.027771210227,"^":2844.0134064764347,">":2476.5218996898275}},"pair0001":{"4":{"<":636.9941196333549,"^":660.7312294961292,">":623.5409117652683},"2":{"<":648.3192853010261,"^":804.101856829742,">":651.3375224752278},"3":{"<":624.0847880750144,"^":716.2052700222699,">":627.8044933937335},"5":{"<":666.7670304780933,"^":643.7120741773809,">":623.241337364004},"1":{"<":747.4250408262166,"^":989.4818647890111,">":747.051598241092}},"pair0004":{"4":{"<":898.0954568504717,"^":891.3999092564201,">":906.7163443308054},"2":{"<":921.2389538156231,"^":920.5537788177259,">":917.8406468800177},"3":{"<":889.3493277938092,"^":904.3057057813976,">":885.9728313749755},"5":{"<":921.9179770323209,"^":887.6606967855537,">":882.3959967233629},"1":{"<":983.5351808858259,"^":994.4479654752328,">":994.2979098446515}},"pair0006":{"4":{"<":2330.5593337342802,"^":2378.1159079248805,">":2351.8861699935787},"2":{"<":2361.966348075803,"^":2603.7518389051374,">":2412.0801812702766},"3":{"<":2332.568614220284,"^":2419.1455504132996,">":2356.5430624551745},"5":{"<":2360.4173289519254,"^":2367.7836198833716,">":2362.408706903742},"1":{"<":2564.2560239054383,"^":2837.021143736679,">":2532.7136852962562}},"pair0002":{"4":{"<":708.8198211164311,"^":687.655814244605,">":706.4521365987736},"2":{"<":748.0544596825627,"^":778.6967313847981,">":751.224826690247},"3":{"<":706.9435815979672,"^":705.3514208026344,">":715.5953194680928},"5":{"<":709.0060996231877,"^":686.8346693168553,">":703.9203808100864},"1":{"<":856.8731088890235,"^":991.7114897548528,">":849.6257484609812}},"pair0003":{"4":{"<":919.7187931394451,"^":908.2929380250022,">":913.0206899414247},"2":{"<":926.1809697693697,"^":949.6740425407742,">":929.7951216633659},"3":{"<":920.9314713618037,"^":926.1067476590653,">":921.39304607952},"5":{"<":930.6468578062658,"^":907.8614088335884,">":930.8625851648541},"1":{"<":978.6713373639611,"^":989.4700328453416,">":986.473436352215}}}}