{"likelihoods":{"pair0050":{"<":901.1161128699572,"^":919.4856613073571,">":913.1589128867505}}}