{"parameters":{"pair0050":{"<":{"γ":12.85844260343104,"b₂":-1.2139914462921144,"λ₁":-1.7310188746708395,"λ₂":1.2073151534516384,"a₁":0.42684581950096145,"a₂":-0.5007619810711148,"b₁":-0.581585684474117},"^":{"γ":0.3943085648912348,"b₂":0.729692872024776,"λ₁":-2.1579638043924696,"λ₂":-3.83602940413628,"a₁":0.8422930492695873,"a₂":-2.789044375957415,"b₁":-0.9140814956539742},">":{"γ":12.717678195668679,"b₂":-0.01323238672663507,"λ₁":0.18459930540380043,"λ₂":-0.07993446643825841,"a₁":-0.025316487259347653,"a₂":0.01784922051928106,"b₁":0.010838491080590984}}}}