{"likelihoods":{"pair0099":{"<":2164.796515891952,"^":2194.5990611910534,">":2216.826157358238},"pair0097":{"<":564.7564846107097,"^":569.1337580042533,">":567.2374195124376},"pair0098":{"<":146.4057504559965,"^":178.5792311672261,">":144.91398339304408},"pair0096":{"<":2367.3974253515958,"^":2372.978486725819,">":2365.2927360010867},"pair0100":{"<":525.2898208389482,"^":524.5237912857898,">":525.9712486025476}}}