{"parameters":{"pair0099":{"<":{"γ":-9.210340371976182,"b₂":-9.210340371976182,"λ₁":9.210340371976185,"λ₂":-9.210340371976182,"a₁":-9.210340371975922,"a₂":-9.210340371976182,"b₁":-9.210340371976182},"^":{"γ":9.210340371976185,"b₂":9.210340371976185,"λ₁":9.210340371976182,"λ₂":-9.210340371976182,"a₁":-1.5830762668059188,"a₂":9.210340371976185,"b₁":-9.210340371976182},">":{"γ":9.188757908568617,"b₂":-9.200343762220223,"λ₁":1.9980692516906888,"λ₂":-9.201431034391714,"a₁":-2.0711197159569377,"a₂":-3.3346959555923705,"b₁":-9.210340371976182}},"pair0097":{"<":{"γ":-9.210340371976182,"b₂":-3.2075690926769784,"λ₁":9.15802848514077,"λ₂":3.4840900049360926,"a₁":9.190820738629528,"a₂":-1.5036647060706176,"b₁":9.095291997926969},"^":{"γ":7.379921899205806,"b₂":-9.209850180167656,"λ₁":1.2852518953052954,"λ₂":-0.040957391383471986,"a₁":0.8892580272850008,"a₂":-9.206292176840247,"b₁":0.318350391855482},">":{"γ":9.208154019345114,"b₂":9.210340371976185,"λ₁":4.185174900188791,"λ₂":7.624634733889634,"a₁":9.207721918828815,"a₂":9.204120574415045,"b₁":9.210340371976185}},"pair0098":{"<":{"γ":3.6059800280984255,"b₂":-2.8452407598661145,"λ₁":-0.0927102795763286,"λ₂":-1.8777239328063997,"a₁":-0.4310570857012621,"a₂":0.6051859460758156,"b₁":-0.7921720333680131},"^":{"γ":9.210340371976185,"b₂":8.85260722941805,"λ₁":-2.5713231257345583,"λ₂":-2.5819184983666448,"a₁":1.463665794952167,"a₂":-9.210340371976182,"b₁":-1.2458881570026765},">":{"γ":3.357040923355859,"b₂":-1.0356590098392768,"λ₁":1.2947565237775276,"λ₂":-1.7317579860787573,"a₁":0.1507810101861562,"a₂":2.72334060872749,"b₁":-0.4903844222105782}},"pair0096":{"<":{"γ":0.20528085234659166,"b₂":-0.15885937614202028,"λ₁":0.1939272270873449,"λ₂":-0.07814495371571617,"a₁":0.018642790702807943,"a₂":-0.024557200677239877,"b₁":-0.44219988590359627},"^":{"γ":0.2893259642214989,"b₂":-8.289848088180884,"λ₁":-2.993510272917857,"λ₂":-3.0747900540975897,"a₁":0.3208489674823056,"a₂":-8.895340602649128,"b₁":-0.6379653689433784},">":{"γ":-1.0859220718809492,"b₂":-0.2871299817568964,"λ₁":-0.2839783212172815,"λ₂":-0.1689276830197226,"a₁":0.04434122288524023,"a₂":0.297715873397868,"b₁":-1.0731186828073476}},"pair0100":{"<":{"γ":2.641230977327952,"b₂":-3.225835030190278,"λ₁":0.046940341866593016,"λ₂":1.2663034179013373,"a₁":0.2438447240994286,"a₂":-0.7249016984840395,"b₁":-0.03863064318111853},"^":{"γ":0.863135359469922,"b₂":9.210340371976182,"λ₁":-3.2342565413027664,"λ₂":-1.399802893308447,"a₁":-0.20399216352049443,"a₂":9.210340371976185,"b₁":-2.73916283147856},">":{"γ":0.7622007228106309,"b₂":-0.8138777357863312,"λ₁":0.34943661691575834,"λ₂":1.6640874152071916,"a₁":-0.008807681468471884,"a₂":-0.49992503840102565,"b₁":-0.4659185132888197}}}}