{"parameters":{"pair0066":{"<":{"γ":1.7763568394002505e-15,"b₂":1.7763568394002505e-15,"λ₁":1.7763568394002505e-15,"λ₂":1.7763568394002505e-15,"a₁":1.7763568394002505e-15,"a₂":1.7763568394002505e-15,"b₁":1.7763568394002505e-15},"^":{"γ":-1.038347827069492,"b₂":0.3081323061271437,"λ₁":-2.804113812932452,"λ₂":-0.2994298033292466,"a₁":0.03400262960827227,"a₂":-2.0728174657119984,"b₁":-0.5906802301207925},">":{"γ":-4.197084311396637,"b₂":-9.209591607708983,"λ₁":7.4482166557505085,"λ₂":0.561854818055977,"a₁":2.1420241880255464,"a₂":-0.057637635319919056,"b₁":0.9214225447750604}},"pair0068":{"<":{"γ":-0.941540052188035,"b₂":-9.186935711481153,"λ₁":-9.209546839828759,"λ₂":-3.360053876045324,"a₁":0.7287702338049655,"a₂":-1.6000893242260927,"b₁":-5.266237972534054},"^":{"γ":-9.210340371976182,"b₂":-2.343364846804807,"λ₁":-7.837695692532879,"λ₂":1.5719875863159292,"a₁":-1.8175113319806586,"a₂":6.13518981921667,"b₁":-9.210340371976182},">":{"γ":-0.3361680676848682,"b₂":-9.210340371976182,"λ₁":-8.336912106172802,"λ₂":-8.932888875712734,"a₁":2.896911861479408,"a₂":-1.8623746873626317,"b₁":-4.417521473168644}},"pair0069":{"<":{"γ":9.179294003988916,"b₂":-4.989993869258253,"λ₁":0.026679241291066802,"λ₂":0.5525580991210806,"a₁":-2.8236491356313387,"a₂":-3.110096405886666,"b₁":-9.210340371976182},"^":{"γ":7.913846461888943,"b₂":-2.338799740353897,"λ₁":-0.12215872217512569,"λ₂":-2.7144973274415234,"a₁":-0.29559761623206526,"a₂":-9.210340371976182,"b₁":-1.128869079858525},">":{"γ":-9.20865245568059,"b₂":9.209842020722258,"λ₁":-9.208901956492667,"λ₂":9.210178193851993,"a₁":-8.728884163680876,"a₂":9.209838141915457,"b₁":-9.207812279135286}},"pair0067":{"<":{"γ":3.0675825240291648,"b₂":-0.5371089619783334,"λ₁":5.848583144780649,"λ₂":-0.2536662536353891,"a₁":0.45338755884992743,"a₂":0.10011794726520407,"b₁":0.025457905760955413},"^":{"γ":1.8537216692831997,"b₂":-4.297018830946954,"λ₁":-0.7055472884529692,"λ₂":-1.586965836732329,"a₁":0.006986483550353029,"a₂":-9.210340371976182,"b₁":-1.5256639706093242},">":{"γ":-8.442534659442467,"b₂":1.0732296258883256,"λ₁":3.2433139410527794,"λ₂":2.0126943580500054,"a₁":0.5430673832758721,"a₂":2.1860066770053486,"b₁":-9.19161108829319}},"pair0065":{"<":{"γ":0.010386413044090048,"b₂":-0.012730071502021545,"λ₁":8.06215909871809,"λ₂":0.0023557492256855994,"a₁":-0.023193146856835156,"a₂":0.02854833595325701,"b₁":0.010926819117214492},"^":{"γ":0.18629534097127376,"b₂":1.7586889287617904,"λ₁":0.014455743243800612,"λ₂":-0.2963357002681981,"a₁":0.03139138969584998,"a₂":1.0545166568386364,"b₁":-0.9923158461221},">":{"γ":0.13560986377973272,"b₂":-9.208499913921791,"λ₁":-0.3418989858644572,"λ₂":3.289742281848474,"a₁":1.5981325423480364,"a₂":0.10806423599882287,"b₁":-9.208547375722706}}}}