{"likelihoods":{"pair0058":{"<":506.25889140037077,"^":507.4151254579347,">":507.11248883238983},"pair0051":{"<":1010.3968119492197,"^":1006.0757460790202,">":1001.4490782474911},"pair0059":{"<":511.00625658174516,"^":505.40000388615357,">":511.03623296493953},"pair0057":{"<":501.50595075438207,"^":502.0384899484844,">":501.28560254012626},"pair0056":{"<":495.0851854170417,"^":493.6115476803471,">":491.7358474767102}}}