{"parameters":{"pair0058":{"<":{"γ":9.210340371976185,"b₂":-0.003945060216206997,"λ₁":-0.009505980608668807,"λ₂":0.027937258779392238,"a₁":-0.24844182263905878,"a₂":0.015792411734500078,"b₁":-0.001983006025824352},"^":{"γ":0.14239058013864891,"b₂":1.4414295167848863,"λ₁":-0.7000372644502271,"λ₂":0.045580521707174526,"a₁":-0.030386898388135464,"a₂":0.9061408575042051,"b₁":-1.1501921622423605},">":{"γ":1.7763568394002505e-15,"b₂":1.7763568394002505e-15,"λ₁":1.7763568394002505e-15,"λ₂":1.7763568394002505e-15,"a₁":1.7763568394002505e-15,"a₂":1.7763568394002505e-15,"b₁":1.7763568394002505e-15}},"pair0051":{"<":{"γ":-2.500698426906715,"b₂":-0.28570963118368553,"λ₁":0.706511306817923,"λ₂":0.2271537807395756,"a₁":0.24262946882167213,"a₂":0.30173416424016786,"b₁":0.5573542943185021},"^":{"γ":9.124852920873083,"b₂":9.200632713438088,"λ₁":0.6328777336577343,"λ₂":-1.212875966072799,"a₁":0.03464951223551438,"a₂":0.5902027065388733,"b₁":-0.40226484533986095},">":{"γ":3.422885926136514,"b₂":-0.23541022539289003,"λ₁":4.438772967856636,"λ₂":-0.6167081931452998,"a₁":1.4300208524927491,"a₂":0.592195739952782,"b₁":1.0035335111171122}},"pair0059":{"<":{"γ":0.0061827224080897025,"b₂":0.009115316773653959,"λ₁":-0.03453430747395636,"λ₂":0.002314969525841093,"a₁":0.028177009192354774,"a₂":0.01086663869773119,"b₁":0.019854776098139126},"^":{"γ":9.210340371976185,"b₂":-9.210340371976182,"λ₁":-1.220187245796006,"λ₂":-0.25780064907241673,"a₁":0.43197910064668577,"a₂":0.020153598660371586,"b₁":-0.7623855108423125},">":{"γ":1.7763568394002505e-15,"b₂":1.7763568394002505e-15,"λ₁":1.7763568394002505e-15,"λ₂":1.7763568394002505e-15,"a₁":1.7763568394002505e-15,"a₂":1.7763568394002505e-15,"b₁":1.7763568394002505e-15}},"pair0057":{"<":{"γ":7.767246129898043,"b₂":-1.5681322817977001,"λ₁":-0.8605183230566169,"λ₂":0.7133011217854328,"a₁":1.0661954629949015,"a₂":-1.2657414859674487,"b₁":-0.24832465026261374},"^":{"γ":9.210340371976185,"b₂":9.05784625877189,"λ₁":-1.24540495582451,"λ₂":-0.49370734977212827,"a₁":0.33437649405791525,"a₂":-9.207714890737922,"b₁":-1.131404371454325},">":{"γ":6.173420298905764,"b₂":-0.116787218189776,"λ₁":-0.6070336980505306,"λ₂":0.8342518257832037,"a₁":-1.1899036731418295,"a₂":0.8657346109444912,"b₁":-0.9634726130727671}},"pair0056":{"<":{"γ":2.018242687131165,"b₂":0.29690519860879583,"λ₁":-0.5250517212778867,"λ₂":-0.2665451231983287,"a₁":-0.10661632031032298,"a₂":0.03374585027343713,"b₁":-0.5541982865441959},"^":{"γ":9.210340371976185,"b₂":0.096250279361481,"λ₁":-0.8340516878229334,"λ₂":-0.560617744230715,"a₁":0.26401740301218446,"a₂":9.210340371976185,"b₁":-1.0536963053210933},">":{"γ":0.8426255549483113,"b₂":-0.6584220249903634,"λ₁":-0.576187893306713,"λ₂":0.7919259668369492,"a₁":0.03647152210449356,"a₂":0.013146278547274903,"b₁":-1.2979932909131637}}}}