{"likelihoods":{"pair0042":{"4":{"<":2213.3873450250944,"^":2280.6547662086955,">":2165.1774524155876},"2":{"<":2213.024523666615,"^":2612.447597405028,">":2213.075171318386},"3":{"<":2185.524069869035,"^":2349.255869385819,">":2183.835931301987},"5":{"<":2205.1085995936505,"^":2217.6515590445424,">":2189.6715760032835},"1":{"<":2363.4100013772845,"^":2843.5768840629767,">":2359.8254795895664}},"pair0041":{"4":{"<":1925.6869281663612,"^":1929.1671025575577,">":1932.6715788984313},"2":{"<":1966.8270045754482,"^":1958.4558255376794,">":1962.9086368013948},"3":{"<":1955.6700573436444,"^":1930.681740936391,">":1946.7490234104264},"5":{"<":0.0,"^":1921.1315479232906,">":1941.1403418559623},"1":{"<":2151.9351070364637,"^":2164.301353872355,">":2152.0037427505154}}}}