{"parameters":{"pair0042":{"4":{"<":{"γ":-3.8080479372789124,"b₂":0.4649341530695512,"λ₁":-0.9789367702739025,"λ₂":-0.06639718191976485,"a₁":-0.6877316210050655,"a₂":0.856710182491689,"b₁":-0.1962083571596036},"^":{"γ":0.600910142933559,"b₂":5.660076928650419,"λ₁":-2.736144446566053,"λ₂":0.47579841410124324,"a₁":0.06901404141074607,"a₂":-3.921044618325885,"b₁":-2.117428501649952},">":{"γ":-4.153793970391744,"b₂":0.8309925237784501,"λ₁":-5.733017837900068,"λ₂":0.1307431853730172,"a₁":0.136074446270257,"a₂":1.4911580732699878,"b₁":-5.385742636401545}},"2":{"<":{"γ":2.1946930881480498,"b₂":-0.7085533232382488,"λ₁":-1.425132424204424,"λ₂":-0.5885734284428459,"a₁":-0.47242289430717754,"a₂":-0.5720400911590886,"b₁":-1.8869656953718135},"^":{"γ":-1.5982125014482307,"b₂":0.24017688394194536,"λ₁":-1.5852014030716823,"λ₂":-0.18788912261161528,"a₁":0.030918956167161227,"a₂":1.5484494316572075,"b₁":-0.059792748100456095},">":{"γ":0.4426844218684636,"b₂":0.03889807620764962,"λ₁":0.1072675460825323,"λ₂":-0.9770937289091943,"a₁":0.09843957313516327,"a₂":1.112183783210579,"b₁":0.21630915394439576}},"3":{"<":{"γ":0.10902390177634658,"b₂":0.12266763621784271,"λ₁":-1.666596935775864,"λ₂":-0.5141070255365268,"a₁":-4.044353013729159,"a₂":0.8963663336685777,"b₁":-10.856739896373476},"^":{"γ":0.5900144922986357,"b₂":6.715616754837079,"λ₁":-2.5814156548330054,"λ₂":-0.10885849491862665,"a₁":-0.9709652431740619,"a₂":-3.3538060913448895,"b₁":-5.33839730122952},">":{"γ":-2.849698363257934,"b₂":1.2117324132354899,"λ₁":-3.1334020426223628,"λ₂":-0.7848547477390166,"a₁":0.5688073881387083,"a₂":1.6623922335184247,"b₁":-1.6236650484447335}},"5":{"<":{"γ":3.4678547013615884,"b₂":-2.6114784784208034,"λ₁":-1.5063843470048432,"λ₂":-2.283622488667657,"a₁":0.09982188445022366,"a₂":-3.1935276267261674,"b₁":-0.6038369680838134},"^":{"γ":0.6917252154282227,"b₂":-8.379258310484857,"λ₁":-3.806792105648107,"λ₂":-1.4221177191614753,"a₁":0.05554925362555885,"a₂":-1.5750646347581494,"b₁":-1.5979188938967024},">":{"γ":6.885374728874876,"b₂":-2.7718385528851357,"λ₁":-6.861474023471681,"λ₂":0.5173178691018929,"a₁":-3.0391288918043067,"a₂":-2.7393718140489174,"b₁":-4.27555758906656}},"1":{"<":{"γ":0.0,"b₂":0.0,"λ₁":0.0,"λ₂":0.0,"a₁":0.0,"a₂":0.0,"b₁":0.0},"^":{"γ":1.9281363556465188,"b₂":-1.198194380069042,"λ₁":13.815510557964274,"λ₂":13.815510557964274,"a₁":-0.2614532671348009,"a₂":-13.815510557964274,"b₁":-0.4037114839176237},">":{"γ":-3.0633007630391855,"b₂":-1.5371663155521915,"λ₁":6.696887919435792,"λ₂":-0.5810189391279703,"a₁":0.37780422061761065,"a₂":-0.2950283454751812,"b₁":-0.13786150300529698}}},"pair0041":{"4":{"<":{"γ":1.598042033777297,"b₂":-0.0011028996652111545,"λ₁":-3.1441158044596733,"λ₂":3.904515440108856,"a₁":-0.7556314706417186,"a₂":1.2730925346161595,"b₁":-5.368410105485813},"^":{"γ":0.18715069948144425,"b₂":-0.32527953410854593,"λ₁":-4.213386990528054,"λ₂":0.48077899651599587,"a₁":-0.10212234216361615,"a₂":-6.536774622756722,"b₁":-3.9348273558205396},">":{"γ":1.4021235079811056,"b₂":-0.12501802517921234,"λ₁":-2.6847992733561554,"λ₂":2.3278788553260945,"a₁":0.33957107668153697,"a₂":0.05955617202487673,"b₁":-3.1340436382952266}},"2":{"<":{"γ":12.929435558026963,"b₂":-2.8321404723385797,"λ₁":-3.2758609864873165,"λ₂":1.3326171749245859,"a₁":-6.318982615987858,"a₂":0.11780000454215056,"b₁":-12.552516681648239},"^":{"γ":3.607481010937825,"b₂":2.968697647792496,"λ₁":-1.4669966002437036,"λ₂":-0.13299982849427394,"a₁":-0.4606456275637676,"a₂":0.6671201280131402,"b₁":-1.4799710727377846},">":{"γ":-0.0068381092387852505,"b₂":0.20269135057514376,"λ₁":-0.5062233402983995,"λ₂":0.2175647500632234,"a₁":1.1771609023479055,"a₂":0.015071574979636182,"b₁":-0.11370643988616358}},"3":{"<":{"γ":1.4564832015503093,"b₂":-2.3205246191229474,"λ₁":-6.452653181882019,"λ₂":2.7409837228540255,"a₁":0.20649447691265266,"a₂":-0.11698940244956546,"b₁":-1.098612850595842},"^":{"γ":1.148868794916135,"b₂":4.351949285863149,"λ₁":-3.8519134163811053,"λ₂":1.1499545451118287,"a₁":-0.5089091736677389,"a₂":13.548683026526668,"b₁":-4.825685879797284},">":{"γ":1.1371743679918946,"b₂":-1.3195605566591464,"λ₁":-13.815510557964274,"λ₂":-2.5558370386655316,"a₁":-0.05677180848591412,"a₂":0.08535359485755833,"b₁":-4.777801449010187}},"5":{"<":{"γ":0.0,"b₂":0.0,"λ₁":0.0,"λ₂":0.0,"a₁":0.0,"a₂":0.0,"b₁":0.0},"^":{"γ":13.812425084064483,"b₂":-13.815510557964274,"λ₁":-2.8445100396273393,"λ₂":1.1870720000593007,"a₁":-1.0866828422432597,"a₂":-0.048460225710623916,"b₁":-2.466780361318161},">":{"γ":9.009896169374862,"b₂":-13.788408249406455,"λ₁":-4.133512354659992,"λ₂":0.5939000538516357,"a₁":-4.838194201697462,"a₂":-4.213026752778045,"b₁":-13.217204624221981}},"1":{"<":{"γ":0.9459305985560693,"b₂":-1.7798353579618578,"λ₁":9.488719208491432,"λ₂":1.4616688341000206,"a₁":0.1812332610972618,"a₂":-0.8503305375388539,"b₁":-0.05844569872090588},"^":{"γ":5.077339208080918,"b₂":7.403008571298347,"λ₁":13.793935722797329,"λ₂":13.815510557964274,"a₁":13.815510557964274,"a₂":-13.672795975704034,"b₁":13.815510557964274},">":{"γ":1.7334988722896263,"b₂":-1.0899214393470604,"λ₁":2.517015914576074,"λ₂":4.481140195352268,"a₁":0.42410019436017166,"a₂":-0.4525623361616553,"b₁":0.18686415647218624}}}}}