{"likelihoods":{"pair0043":{"4":{"<":-5.933937416302123,"^":1071.3936929251229,">":15.46923958225033},"2":{"<":84.29802649816459,"^":1797.873317918601,">":81.77574337920747},"3":{"<":12.294592709538577,"^":1300.5620116705454,">":19.10722509694674},"5":{"<":-15.690096461502522,"^":956.2876187531762,">":88.82318967855336},"1":{"<":601.8805756881712,"^":2841.3219118537518,">":604.4542460742778}},"pair0042":{"4":{"<":2195.31066603281,"^":2266.477842084964,">":2193.7676978406103},"2":{"<":2212.3396973752106,"^":2606.4189717033755,">":2206.780953161465},"3":{"<":2179.462395710794,"^":2319.5184844091063,">":2162.7943606581734},"5":{"<":2176.081228777429,"^":2223.504990040616,">":2153.8799216852685},"1":{"<":2825.559790562089,"^":2844.344418765044,">":2338.429030015326}},"pair0044":{"4":{"<":-966.6597451497076,"^":84.11466620234845,">":-1124.119365237213},"2":{"<":-959.5579650754688,"^":764.4727588540987,">":-942.3266457092878},"3":{"<":-1080.9185960834147,"^":289.0737605593276,">":-997.739007452796},"5":{"<":-1108.0732571509714,"^":-91.47728820687696,">":-1147.7565854817087},"1":{"<":-93.51918795873988,"^":2837.022115238059,">":-117.1728189795288}},"pair0041":{"4":{"<":1968.0084852783723,"^":1928.236515547472,">":1934.177113046521},"2":{"<":1975.018513249739,"^":1958.181522100421,">":1964.2022906598586},"3":{"<":1969.8133242950387,"^":1932.8684986310554,">":1928.8053714487835},"5":{"<":1968.2686133402406,"^":1929.6638559831235,">":1917.9120892163041},"1":{"<":2150.5805072631215,"^":2170.55501556612,">":2151.9961510471976}}}}