{"parameters":{"pair0043":{"4":{"<":{"γ":3.105989760108642,"b₂":-7.210920563579406,"λ₁":-4.097769504495277,"λ₂":-4.714584721013343,"a₁":-1.0644363221804625,"a₂":-0.19992793133468467,"b₁":-5.712162304467591},"^":{"γ":9.069137301515203,"b₂":9.210340371976185,"λ₁":-4.229244232383128,"λ₂":-4.2471638171344175,"a₁":0.0012541604846614263,"a₂":8.987796248151318,"b₁":-2.7655842947893694},">":{"γ":2.721671797344573,"b₂":-7.267253680949289,"λ₁":-8.78139414730147,"λ₂":-5.134735191185371,"a₁":-4.835868068945421,"a₂":-0.6884890470733236,"b₁":-9.209320790644488}},"2":{"<":{"γ":1.659863339691709,"b₂":-9.02340680527227,"λ₁":-3.027038072819898,"λ₂":-5.801144733723399,"a₁":-2.296015838085113,"a₂":-2.5474737519430493,"b₁":-7.106285531156591},"^":{"γ":2.1979754909825235,"b₂":5.6197834053319955,"λ₁":-3.2566343957321067,"λ₂":-2.0764561803545796,"a₁":-0.6184161010676021,"a₂":-0.16392046548365613,"b₁":-3.317732477928005},">":{"γ":1.4071483107656633,"b₂":-8.44265945728728,"λ₁":-2.9237909006882346,"λ₂":-4.7196703634322565,"a₁":-1.0098525022320217,"a₂":-1.349246792444978,"b₁":-4.570476378969842}},"3":{"<":{"γ":3.902424009464257,"b₂":-8.853240001218573,"λ₁":-5.144976254428186,"λ₂":-4.645976056924466,"a₁":-3.246221765549815,"a₂":-2.77229416692606,"b₁":-9.192719689145395},"^":{"γ":3.5851042428532516,"b₂":9.175430667834801,"λ₁":-2.5378514603073627,"λ₂":-3.65853867433266,"a₁":0.3333955527838963,"a₂":-9.210340371976182,"b₁":-2.3366808512643935},">":{"γ":2.8755596176289853,"b₂":-6.592202744719222,"λ₁":-4.94925816512086,"λ₂":-4.1873405652010245,"a₁":-1.6311348612217387,"a₂":-0.1299273573812787,"b₁":-9.210340371976182}},"5":{"<":{"γ":5.560941937739184,"b₂":-7.146741012525423,"λ₁":-7.756479857747362,"λ₂":-5.143893194774605,"a₁":-1.3562419794603047,"a₂":-0.5040719292393234,"b₁":-4.115400579765135},"^":{"γ":2.163724985014831,"b₂":9.210269135776832,"λ₁":-3.268514321884843,"λ₂":-9.207481438735094,"a₁":-3.5426241082710703,"a₂":-9.207495370017138,"b₁":-9.207547150140408},">":{"γ":1.4606141794658019,"b₂":-9.2085641578903,"λ₁":-5.278298951124535,"λ₂":-4.248213897236998,"a₁":6.710649224139775,"a₂":-2.205966674905655,"b₁":3.967844403463646}},"1":{"<":{"γ":-9.201213197624845,"b₂":-6.2988759449630445,"λ₁":9.183185026026424,"λ₂":-2.9121889990771495,"a₁":-2.4531558987749706,"a₂":-1.7468707517431215,"b₁":-9.210340371976182},"^":{"γ":9.210340371976185,"b₂":9.190066985759985,"λ₁":9.193650551966895,"λ₂":9.159394665883271,"a₁":1.909598452353082,"a₂":9.204701150725226,"b₁":1.8835716203765642},">":{"γ":2.4715329064646756,"b₂":-9.210340371976182,"λ₁":1.399057321422788,"λ₂":-2.5356054068086884,"a₁":-1.2750591310842276,"a₂":-2.139157492894422,"b₁":-2.979463808598771}}},"pair0042":{"4":{"<":{"γ":0.17097065034190173,"b₂":-1.3261960600572102,"λ₁":-0.3612711636476664,"λ₂":-4.959519405391155,"a₁":-0.6976913590044624,"a₂":1.8821697467737266,"b₁":-0.9644077831776201},"^":{"γ":1.8724098259895374,"b₂":-4.6366525081343015,"λ₁":-2.7680476749432232,"λ₂":-4.100101510085918,"a₁":-2.3863902460946536,"a₂":6.720941991141116,"b₁":-4.869172730809536},">":{"γ":0.4431556901768374,"b₂":-0.01657718164239519,"λ₁":-0.01574497758229043,"λ₂":0.032773624724310224,"a₁":-0.004627614207469932,"a₂":0.026800601205286156,"b₁":-4.132186835654606}},"2":{"<":{"γ":0.6518792183232804,"b₂":-3.649687440431717,"λ₁":-3.0393631172458386,"λ₂":-2.528378634418396,"a₁":-0.4599014030547899,"a₂":-1.03669935899166,"b₁":-2.2559860595769905},"^":{"γ":0.4956397163106807,"b₂":0.6773261306237757,"λ₁":-2.3435948583947015,"λ₂":-0.5743395282704284,"a₁":0.1256566583787091,"a₂":-0.7231029965946227,"b₁":-1.2738694159060726},">":{"γ":0.35453295571719856,"b₂":-0.3768175181314959,"λ₁":-1.1493928901537185,"λ₂":-0.5519905896898312,"a₁":0.12612695394813045,"a₂":0.45454094906910747,"b₁":-0.37392527705511114}},"3":{"<":{"γ":3.416329557608332,"b₂":-1.9316865041637978,"λ₁":-1.2923613444416908,"λ₂":-1.8743422446233362,"a₁":0.08455222999221945,"a₂":0.9711397800512209,"b₁":-1.2369496914361475},"^":{"γ":1.4434225581768825,"b₂":9.06460216042847,"λ₁":-5.4494040193016104,"λ₂":-1.2898372398903168,"a₁":-1.0234627992849852,"a₂":4.369491396426765,"b₁":-1.6473637883297778},">":{"γ":1.644429723217801,"b₂":-1.2144913920382079,"λ₁":-2.4928674454193,"λ₂":-0.7554488381033337,"a₁":0.10906469293388632,"a₂":0.0067221733815685525,"b₁":-1.1840371076872351}},"5":{"<":{"γ":3.265939573154009,"b₂":-2.5920056906650935,"λ₁":0.1798076778831046,"λ₂":-2.041585082810606,"a₁":0.35754009632154293,"a₂":-0.1500009959195019,"b₁":0.03820854698010123},"^":{"γ":3.54515781419847,"b₂":4.707339339652091,"λ₁":-3.0806711586406452,"λ₂":-9.189082325497711,"a₁":-0.6134297961041906,"a₂":9.182561136805,"b₁":-3.0327141623621827},">":{"γ":0.9865173852493161,"b₂":-0.11678939184672288,"λ₁":-3.343567224381733,"λ₂":-0.7407258412044015,"a₁":-0.34417621707240365,"a₂":-0.23197904574496242,"b₁":-3.693301889738576}},"1":{"<":{"γ":-5.223291108372376,"b₂":-0.35232924567700863,"λ₁":9.210340371976185,"λ₂":2.0539496947675406,"a₁":0.6773867876084019,"a₂":-0.2191439907381998,"b₁":1.0410558137230534},"^":{"γ":9.210340371976185,"b₂":9.190832896847654,"λ₁":9.208490183699586,"λ₂":9.210340371976185,"a₁":0.2838719780281451,"a₂":9.197812626912759,"b₁":-0.9097285451509318},">":{"γ":1.7763568394002505e-15,"b₂":1.7763568394002505e-15,"λ₁":1.7763568394002505e-15,"λ₂":1.7763568394002505e-15,"a₁":1.7763568394002505e-15,"a₂":1.7763568394002505e-15,"b₁":1.7763568394002505e-15}}},"pair0044":{"4":{"<":{"γ":9.210340371976185,"b₂":-3.7700948132946666,"λ₁":-3.2922235946891014,"λ₂":-4.275821447924055,"a₁":-9.210340371976182,"a₂":-7.406482204682956,"b₁":-9.210340371976182},"^":{"γ":0.5019954210419133,"b₂":3.362952304252694,"λ₁":-2.5354107781387576,"λ₂":-2.979848099654536,"a₁":-1.645305359658618,"a₂":-9.210340371976182,"b₁":-6.081527122827094},">":{"γ":-4.115607657338805,"b₂":-9.139967167824926,"λ₁":-6.198218476479664,"λ₂":-6.823697815347138,"a₁":-2.127297643637114,"a₂":-0.12017398740790419,"b₁":-8.470776086856295}},"2":{"<":{"γ":0.491688242192879,"b₂":-8.037896003765535,"λ₁":-4.055773639525045,"λ₂":-5.212622507045525,"a₁":-4.957460811733958,"a₂":-0.4965915464218664,"b₁":-9.210340371976182},"^":{"γ":0.6100808610654003,"b₂":-0.13364938241299207,"λ₁":-1.330638593053104,"λ₂":-1.6289035983280167,"a₁":-0.6298243909761307,"a₂":-1.3439037526815119,"b₁":-3.3211645453622367},">":{"γ":-0.22560404372466358,"b₂":-1.5344088418659707,"λ₁":-0.6446185741049781,"λ₂":-6.867409860087925,"a₁":-2.329458590278465,"a₂":4.835109912066988,"b₁":-6.46196054342016}},"3":{"<":{"γ":4.960532025994759,"b₂":-7.498113757120031,"λ₁":-2.752785742511156,"λ₂":-9.006095594538591,"a₁":-2.093474276364349,"a₂":-0.16993812819336895,"b₁":-2.461515231556988},"^":{"γ":1.0629332519802368,"b₂":8.288407772470245,"λ₁":-2.9214009728833013,"λ₂":-2.8937506941875624,"a₁":-1.8621580396001658,"a₂":2.515328609799475,"b₁":-7.450111346608635},">":{"γ":0.08289314870618547,"b₂":-9.170454238857747,"λ₁":0.1517458264561764,"λ₂":-5.971799980917795,"a₁":-0.6912098840675416,"a₂":-8.623656803386138,"b₁":-4.978811708197517}},"5":{"<":{"γ":-3.1416660209047844,"b₂":-7.16954398677159,"λ₁":-9.210340371976182,"λ₂":-6.535669862798063,"a₁":-6.05227849225739,"a₂":0.0691683584501348,"b₁":-9.210340371976182},"^":{"γ":4.7780409954593885,"b₂":-3.9707701801801774,"λ₁":-6.783541692240021,"λ₂":-3.913158804691629,"a₁":-2.2443731197727184,"a₂":-9.210340371976182,"b₁":-7.374709832465694},">":{"γ":3.659646594240094,"b₂":-9.02636604037622,"λ₁":-2.6805075383569665,"λ₂":-6.03566271525659,"a₁":-3.0970080147727606,"a₂":-4.339872210046892,"b₁":-7.447265938704581}},"1":{"<":{"γ":-9.210041449560295,"b₂":-4.279430912522344,"λ₁":2.1873043964083987,"λ₂":-4.378794612185235,"a₁":-7.046930388816474,"a₂":1.7534299227346146,"b₁":-7.472623912502841},"^":{"γ":9.176309507317333,"b₂":-9.210340371976182,"λ₁":9.199454443324166,"λ₂":9.199956447344162,"a₁":9.210340371976185,"a₂":9.152739459648261,"b₁":9.210340371976182},">":{"γ":-5.372893152887497,"b₂":-9.010112877904676,"λ₁":6.205892963003597,"λ₂":-4.7284707114070335,"a₁":-5.114017178478489,"a₂":-2.429466869123025,