{"likelihoods":{"pair0007":{"4":{"<":2348.3944475836156,"^":2429.707176826301,">":2353.2436422709134},"2":{"<":2341.280129192617,"^":0.0,">":2340.189060281381},"3":{"<":2347.6839241016396,"^":2475.1084850032316,">":2350.6375602535045},"5":{"<":632.2448123450843,"^":2414.167091727127,">":2243.951782046318},"1":{"<":2452.5049387952386,"^":2843.0673505731656,">":2451.363915138705}},"pair0005":{"4":{"<":2241.703757749228,"^":2422.598559519044,">":2310.5433345615634},"2":{"<":2349.3226391838875,"^":2623.155972581645,">":0.0},"3":{"<":2353.3609840711033,"^":0.0,">":2353.0802200905036},"5":{"<":2272.6827584869093,"^":1488.0427125171286,">":668.2540043207355},"1":{"<":2465.6989320480266,"^":2843.19004335923,">":2459.6361837722297}},"pair0001":{"4":{"<":637.3682742908239,"^":663.3504939202238,">":656.4160654171337},"2":{"<":662.1320131026849,"^":804.6301409177473,">":645.8446515878179},"3":{"<":639.2144872782233,"^":725.6559270824557,">":628.7348211561867},"5":{"<":621.9484418662444,"^":654.0512139533258,">":623.4059890144061},"1":{"<":0.0,"^":998.2065411657877,">":744.9736169886731}},"pair0004":{"4":{"<":912.9289608270808,"^":898.7285466942727,">":901.6436177407776},"2":{"<":934.7302365467937,"^":927.1264567645273,">":920.885564917077},"3":{"<":899.7465031296874,"^":912.5707894174136,">":923.6047769673912},"5":{"<":886.4618827604131,"^":0.0,">":891.490220975558},"1":{"<":993.8405087894783,"^":997.4646894969306,">":993.2543880852177}},"pair0006":{"4":{"<":1726.1130203220512,"^":2387.932733680576,">":2373.1421585539733},"2":{"<":2420.5326740123937,"^":2624.755023368902,">":2420.5326740123937},"3":{"<":2376.739906975554,"^":2458.76888547948,">":2361.6394538439977},"5":{"<":2221.6991316267863,"^":2387.7927550538016,">":2372.946600209013},"1":{"<":2546.6144872570994,"^":2836.8785655343677,">":2553.0127568950497}},"pair0002":{"4":{"<":701.7758868515502,"^":0.0,">":709.6789353746218},"2":{"<":755.3549600929745,"^":781.5495569587529,">":751.9425137247446},"3":{"<":703.3135508977255,"^":705.5883183435914,">":710.4376831719218},"5":{"<":697.9357985519123,"^":686.5085101478298,">":700.1945788688424},"1":{"<":848.0799884680717,"^":993.8159497012379,">":846.7509275961432}},"pair0003":{"4":{"<":929.2709251241427,"^":914.3693576249236,">":921.7208360216213},"2":{"<":930.0246266492381,"^":0.0,">":931.065021200175},"3":{"<":913.7424643954818,"^":930.0876132254898,">":920.7807955216314},"5":{"<":920.8274951281271,"^":0.0,">":923.2360382754781},"1":{"<":988.5307661069882,"^":994.9528954261347,">":990.6803115033665}}}}