{"parameters":{"pair0007":{"4":{"<":{"γ":0.4850798331027768,"b₂":-1.617904259487517,"λ₁":0.06151988358507232,"λ₂":0.5536488139464772,"a₁":0.024430745156969635,"a₂":-0.00444223530002219,"b₁":-1.3657807281494474},"^":{"γ":0.7522746735680066,"b₂":-1.002746553413278,"λ₁":-2.1827568832786586,"λ₂":-2.7981359380931874,"a₁":-0.03729749537201421,"a₂":-13.814804257638157,"b₁":-0.7213931247497349},">":{"γ":-0.3134197696125458,"b₂":-1.7357157816107573,"λ₁":0.8853305703429672,"λ₂":-1.1281056399962175,"a₁":0.08237866571874797,"a₂":-1.1322832091587358,"b₁":-0.2498177549904863}},"2":{"<":{"γ":-0.5492027332384968,"b₂":0.09497712245132739,"λ₁":-0.16305041764764283,"λ₂":-0.03550470183064114,"a₁":-0.2005436605595019,"a₂":0.8514438596235614,"b₁":-0.49667603122804493},"^":{"γ":0.0,"b₂":0.0,"λ₁":0.0,"λ₂":0.0,"a₁":0.0,"a₂":0.0,"b₁":0.0},">":{"γ":0.0012548754123162809,"b₂":-1.4205731852606451,"λ₁":1.5433062295875004,"λ₂":-0.30083150787234736,"a₁":0.12885728321116474,"a₂":0.06172062032838532,"b₁":-0.12053235806798668}},"3":{"<":{"γ":0.9761430930931443,"b₂":-0.4100036779841325,"λ₁":0.06993662014652458,"λ₂":-0.47388017380248826,"a₁":-0.1122079834061438,"a₂":0.03707437785931056,"b₁":0.090873182908771},"^":{"γ":0.6525330540602479,"b₂":0.9818594569959149,"λ₁":-1.359588733106662,"λ₂":-1.2501323251340875,"a₁":0.010191203006369776,"a₂":4.342154706942747,"b₁":-0.43452543143366107},">":{"γ":0.0,"b₂":0.0,"λ₁":0.0,"λ₂":0.0,"a₁":0.0,"a₂":0.0,"b₁":0.0}},"5":{"<":{"γ":-11.650400107280538,"b₂":1.9628690067915908,"λ₁":-13.815510557964274,"λ₂":-10.487865132963151,"a₁":-0.29407540162327805,"a₂":1.6867357899324649,"b₁":-13.769875812695004},"^":{"γ":13.815510557964274,"b₂":13.80728099364319,"λ₁":-0.9587242857598017,"λ₂":-0.2265597464116862,"a₁":-0.006032232750483146,"a₂":0.049744590576194625,"b₁":-1.5703361427525877},">":{"γ":0.32908081310863047,"b₂":-1.423978799729987,"λ₁":2.6536392585977673,"λ₂":-4.432015897655944,"a₁":-0.08767060627745771,"a₂":-0.7135796342172469,"b₁":-7.958378563430102}},"1":{"<":{"γ":0.0075330671997786425,"b₂":0.015472202898401122,"λ₁":5.024335946078807,"λ₂":0.8109801542608146,"a₁":0.8282707109398313,"a₂":-0.10790143158999399,"b₁":-1.4558581720572334},"^":{"γ":-13.815510557964274,"b₂":-13.815510557964274,"λ₁":13.81551055796427,"λ₂":13.815510557964274,"a₁":0.3222291354222033,"a₂":13.815510557964274,"b₁":0.6589216728139444},">":{"γ":0.7834249686734776,"b₂":-1.3360678510735955,"λ₁":1.1248494560612325,"λ₂":1.2250907225468097,"a₁":0.03364242249129745,"a₂":-0.02597628242286021,"b₁":0.2418179190019547}}},"pair0005":{"4":{"<":{"γ":1.1104223182211932,"b₂":-0.05714207132318627,"λ₁":4.079436165883838,"λ₂":-0.26149486326291616,"a₁":-1.912025061813715,"a₂":0.32069223114777934,"b₁":-13.815510557964274},"^":{"γ":1.2015575496090918,"b₂":-0.42419232870573076,"λ₁":-2.645501794302131,"λ₂":-1.2087932328069666,"a₁":0.049062029154994136,"a₂":0.023786171077706086,"b₁":-0.8038471760461849},">":{"γ":-12.280453829301576,"b₂":1.023371152441797,"λ₁":-1.0233711524417988,"λ₂":-12.280453829301576,"a₁":-12.280453829301576,"a₂":0.0,"b₁":-12.280453829301576}},"2":{"<":{"γ":0.9283203878214028,"b₂":0.13948154421461822,"λ₁":-0.01600146566667604,"λ₂":-0.28361032748475523,"a₁":-0.6299871465603317,"a₂":1.6105449527286542,"b₁":0.34681791027187003},"^":{"γ":0.040509856022509894,"b₂":0.07475663145645584,"λ₁":-0.4227771252315744,"λ₂":-0.5195534531797339,"a₁":-0.0021592668919172553,"a₂":-0.22895109441012806,"b₁":-0.042518830910587724},">":{"γ":0.0,"b₂":0.0,"λ₁":0.0,"λ₂":0.0,"a₁":0.0,"a₂":0.0,"b₁":0.0}},"3":{"<":{"γ":13.782998716313298,"b₂":-1.6853948323044712,"λ₁":0.3309353407568487,"λ₂":0.01584235952781654,"a₁":-1.2075010051657635,"a₂":0.3995929712988602,"b₁":-2.861514547692048},"^":{"γ":0.0,"b₂":0.0,"λ₁":0.0,"λ₂":0.0,"a₁":0.0,"a₂":0.0,"b₁":0.0},">":{"γ":13.56770178624086,"b₂":0.18797713249392523,"λ₁":1.0425401044517137,"λ₂":-0.7923189481117099,"a₁":-0.5616680115038903,"a₂":1.7255420687199123,"b₁":-0.1995222125987457}},"5":{"<":{"γ":-4.758187411147256,"b₂":0.36241405258706294,"λ₁":-11.529153770929888,"λ₂":0.14059975131852198,"a₁":2.6440182125783487,"a₂":1.895347261387574,"b₁":-2.095151577588794},"^":{"γ":13.815510557964274,"b₂":-13.815510557964274,"λ₁":-13.815510557964274,"λ₂":4.810039537108523,"a₁":2.0484847974284044,"a₂":-0.30741831001447295,"b₁":-13.815510557964274},">":{"γ":-9.567723947974157,"b₂":-0.05416786147430663,"λ₁":-13.797716064532661,"λ₂":-5.322064257635274,"a₁":-0.47260699886182067,"a₂":-9.610131820619376,"b₁":-13.561433414638083}},"1":{"<":{"γ":-0.23134611054920917,"b₂":-1.0012097770769959,"λ₁":4.652639602801155,"λ₂":0.18534284960476555,"a₁":-2.845264055613887,"a₂":0.12921309852959162,"b₁":-11.62501387549241},"^":{"γ":-13.812942114825747,"b₂":-13.812804534405009,"λ₁":13.815251438186507,"λ₂":13.814876302049043,"a₁":0.17895381898406448,"a₂":-13.812821490253702,"b₁":-0.18274199071669095},">":{"γ":1.1747831520877998,"b₂":-0.4092104759425492,"λ₁":11.553312149052086,"λ₂":1.9309530339581524,"a₁":13.788536905212599,"a₂":0.2934020683434291,"b₁":13.798226217831647}}},"pair0001":{"4":{"<":{"γ":0.8297953938558091,"b₂":-0.7062704322660185,"λ₁":-1.9906857671578049,"λ₂":-0.29099017407633454,"a₁":-2.767162020583875,"a₂":0.30520357694093647,"b₁":-1.8521231136302418},"^":{"γ":-1.082656792798284,"b₂":-0.6819258087133555,"λ₁":-2.0413575663729535,"λ₂":-0.9805704919748681,"a₁":-0.482863601023503,"a₂":2.3479985435305544,"b₁":-1.4906122159749522},">":{"γ":-0.04077826895058223,"b₂":-3.6094872611196056,"λ₁":0.10292910700957236,"λ₂":-0.3962852294152075,"a₁":-0.21579005519079253,"a₂":0.15961716622693523,"b₁":-0.02157810374879432}},"2":{"<":{"γ":0.16184017765175618,"b₂":-4.191614294133958,"λ₁":-6.045274511131774,"λ₂":1.0328457010851153,"a₁":-6.65256255136868,"a₂":-2.986318399230697,"b₁":-11.619204555689883},"^":{"γ":1.0456107175731368,"b₂":-0.05090160807660915,"λ₁":-0.44234184166251644,"λ₂":0.2517577417995991,"a₁":-0.036456611681090934,"a₂":13.752429869662901,"b₁":-0.4226006515271816},">":{"γ":0.03143049752625693,"b₂":1.013591224813858,"λ₁":-1.5493089309579275,"λ₂":0.06362875449262084,"a₁":0.0567559697531248,"a₂":2.54402766062314,"b₁":-4.184317339784343}},"3":{"<":{"γ":-0.3832342864541154,"b₂":-1.7898576107720388,"λ₁":-1.1002392283105404,"λ₂":-2.42595121805579,"a₁":-1.8519071663153497,"a₂":0.8526358654937809,"b₁":-0.470016939737814},"^":{"γ":0.0,"b₂":0.0,"λ₁":0.0,"λ₂":0.0,"a₁":0.0,"a₂":0.0,"b₁":0.0},">":{"γ":-0.3745770944197453,"b₂":-13.78842838320615,"λ₁":-1.030520843197948,"λ₂":-0.949171371160249,"a₁":-1.4505891148750862,"a₂":-4.198997235100286,"b₁":-7.994143029275389}},"5":{"<":{"γ":1.2203935277992013,"b₂":-0.677327708373447,"λ₁":-4.028093346767099,"λ₂":0.32140433724140216,"a₁":-0.3428712378811678,"a₂":-0.28671383835803077,"b₁":-5.969922746405281},"^":{"γ":-0.05651787993775237,"b₂":-2.2896638929660167,"λ₁":-8.376731918638722,"λ₂":-0.004825850452133906,"a₁":-1.1287890134146696,"a₂":-6.889649533641512,"b₁":-10.831975483502111},">":{"γ":-2.0640278283710636,"b₂":-2.6747206862845054,"λ₁":-1.8583586538868353,"λ₂":-0.3694940687498498,"a₁":-0.45218172038641846,"a₂":0.15850776945084455,"b₁":-2.410042768953778}},"1":{"<":{"γ":0.0,"b₂":0.0,"λ₁":0.0,"λ₂":0.0,"a₁":0.0,"a₂":0.0,"b₁":0.0},"^":{"γ":3.0979410393956783,"b₂":10.53531644137297,"λ₁":12.190477991766041,"λ₂":-0.17977047890383346,"a₁":-0.03203804514550335,"a₂":13.810232225286313,"b₁":-0.7595713109667557},">":{"γ":-0.06635446155720359,"b₂":-2.4252842048997074,"λ₁":6.678569869793151,"λ₂":-0.1849915428100033,"a₁":0.30632410167449464,"a₂":-0.5783146691029781,"b₁":0.15621419320641472}}},"pair0004":{"4":{"<":{"γ":-0.8020682822359539,"b₂":1.5363014673812163,"λ₁":0.11783763383488122,"λ₂":5.5037244214277905,"a₁":-3.5505113656635245,"a₂":0.04182723686151668,"b₁":-3.246919100226325},"^":{"γ":0.2902160036728958,"b₂":13.81551055796427,"λ₁":-1.4808463576500426,"λ₂":0.3219665300371517,"a₁":0.11028360010126903,"a₂":-0.35961937892884954,"b₁":-0.8441597124005042},">":{"γ":-1.1847265274068963,"b₂":-4.10753934538474,"λ₁":-2.4199743665768043,"λ₂":1.0474767442336343,"a₁":-0.10166585178978593,