{"likelihoods":{"pair0061":{"<":522.5423272835008,"^":518.6334655207482,">":518.6844761154315},"pair0058":{"<":501.34557572893397,"^":505.0569057106764,">":503.10093615609827},"pair0060":{"<":521.107142260123,"^":516.3265846156121,">":515.7431764043549},"pair0062":{"<":517.8397777249946,"^":516.8715966318239,">":518.1116381810789},"pair0063":{"<":512.6158362259578,"^":513.118509282067,">":527.5805233505862},"pair0051":{"<":0.0,"^":1022.0463200175324,">":1005.9023383577666},"pair0059":{"<":502.97921148401696,"^":533.5619822389524,">":511.03623296493976},"pair0057":{"<":503.3715545179722,"^":506.7054031095107,">":504.4874503193942},"pair0056":{"<":492.66883086092326,"^":0.0,">":494.32673442717925},"pair0064":{"<":256.9438997248924,"^":186.5613698151499,">":309.7413443471175}}}