{"parameters":{"pair0058":{"<":{"γ":0.05685396480018312,"b₂":-0.17056184685355014,"λ₁":0.17056187062705241,"λ₂":0.4737829290585296,"a₁":0.3979776585072834,"a₂":0.05563022397049444,"b₁":0.08936676761453555},"^":{"γ":13.811659188828866,"b₂":-13.797406947107504,"λ₁":-0.1765751168790164,"λ₂":0.07018141954732471,"a₁":0.32026477524204644,"a₂":-10.414649217430142,"b₁":-0.7696312468391433},">":{"γ":7.949953271312573,"b₂":-0.3388802421709407,"λ₁":-0.6031340181491753,"λ₂":0.7014778218850974,"a₁":-0.26789285947285535,"a₂":-0.1780804691610829,"b₁":-0.505788066881081}},"pair0060":{"<":{"γ":-1.7609561789561319,"b₂":-0.9847377091636833,"λ₁":-1.0412758943981189,"λ₂":1.9417682953781856,"a₁":-0.32190486848442035,"a₂":0.10849499853537736,"b₁":-0.5536020118828713},"^":{"γ":5.817270566209469,"b₂":-0.17468223482635636,"λ₁":0.5836969070065603,"λ₂":0.7323466173747288,"a₁":-0.1604236491858817,"a₂":3.3068734897672023,"b₁":-1.306917710215938},">":{"γ":0.30932201400777437,"b₂":-0.22910467356243558,"λ₁":-1.026556044653029,"λ₂":1.4253800402943284,"a₁":0.07315435615934263,"a₂":0.06854954729463891,"b₁":-2.2758326588951974}},"pair0063":{"<":{"γ":0.06824263653598095,"b₂":-0.09953788400748564,"λ₁":0.6730257794537735,"λ₂":0.5072260347942876,"a₁":0.18892470615135082,"a₂":0.7114060078242783,"b₁":-0.5776167678976183},"^":{"γ":13.759504867302745,"b₂":-13.815510557964274,"λ₁":-0.11468337212274626,"λ₂":0.19996407954413797,"a₁":0.44369122503669445,"a₂":-13.774790940208941,"b₁":-0.632195096893863},">":{"γ":8.280687612731775,"b₂":-3.2279000542669003,"λ₁":-1.9742619591750774,"λ₂":-1.8780123616594953,"a₁":-3.540439790428824,"a₂":-0.7048341664224971,"b₁":-2.9957017708812863}},"pair0064":{"<":{"γ":-10.976324853501524,"b₂":-13.813884968982329,"λ₁":-4.167187188221558,"λ₂":-10.822261471952164,"a₁":-6.7313008374899646,"a₂":-3.057225034908619,"b₁":-13.815510557964274},"^":{"γ":13.815510557964274,"b₂":13.81551055796427,"λ₁":-13.815510557964274,"λ₂":-13.815510557964274,"a₁":-2.051039914806573,"a₂":-13.815510557964274,"b₁":-13.815510557964274},">":{"γ":-0.22560054769089533,"b₂":-3.215570410669887,"λ₁":-0.6214501964117645,"λ₂":-1.8980293475721606,"a₁":-0.03886676342753326,"a₂":-1.8385088005251458,"b₁":-0.8184422003999732}}}}