{"likelihoods":{"pair0005":{"<":1594.4768866546447,"^":2110.06813009945,">":1661.5852425345113},"pair0001":{"<":628.258113794119,"^":629.0818797631787,">":622.784949369512},"pair0004":{"<":892.6483880694159,"^":891.1002743359551,">":898.8220260914859},"pair0002":{"<":722.4585530113415,"^":712.3613699563606,">":690.1126236971224},"pair0003":{"<":925.2784302715007,"^":906.6263985611055,">":917.3813501881228}}}