{"parameters":{"pair0005":{"<":{"γ":-9.208726129153016,"b₂":-1.8683008162927255,"λ₁":-9.208845219773698,"λ₂":9.20986592542001,"a₁":-0.08888902523386832,"a₂":0.09123130091520437,"b₁":-9.208528260150501},"^":{"γ":-9.206283794189504,"b₂":9.192094615796313,"λ₁":-9.210122204104263,"λ₂":9.209403752722254,"a₁":-1.058616503013221,"a₂":-9.199022499694065,"b₁":-9.210340371976182},">":{"γ":-1.8087762353571017,"b₂":-0.5632500209906492,"λ₁":-9.205884492810599,"λ₂":5.155766467814262,"a₁":-1.34176507634061,"a₂":-8.412613039858927,"b₁":-7.559629278049406}},"pair0001":{"<":{"γ":-1.3092506079283739,"b₂":-6.791237855100572,"λ₁":-2.011337158789746,"λ₂":-0.5699159268958383,"a₁":-0.5766262863390796,"a₂":-3.020069495869155,"b₁":-2.364229852181233},"^":{"γ":0.5413025784723473,"b₂":9.210340371976185,"λ₁":-3.467254145579389,"λ₂":-1.3521918913525681,"a₁":-1.9349067045524988,"a₂":-9.210340371976182,"b₁":-6.9549003902919875},">":{"γ":0.006891425088962677,"b₂":-1.4164685569435953,"λ₁":-0.8325162576100009,"λ₂":0.1494581698375761,"a₁":-1.9344260598999368,"a₂":0.05961080194096802,"b₁":-9.20855049153148}},"pair0004":{"<":{"γ":-1.0103084691221103,"b₂":-0.12571508164326772,"λ₁":-2.65850859432022,"λ₂":1.6683289324839965,"a₁":-2.133617534529092,"a₂":0.6784559144651396,"b₁":-3.212995472692426},"^":{"γ":0.6514818445924089,"b₂":9.210340371976185,"λ₁":-2.04606179075751,"λ₂":-0.0606103298756171,"a₁":0.003829671432447057,"a₂":-9.210340371976182,"b₁":-1.5165393401941856},">":{"γ":-0.9704238873304281,"b₂":-3.696766120268636,"λ₁":-4.3714307648594914,"λ₂":7.494296369908165,"a₁":-3.302406890784815,"a₂":-3.83972553448441,"b₁":-6.246824764522276}},"pair0002":{"<":{"γ":-2.182589816523743,"b₂":-0.22735543808147796,"λ₁":-6.2140901442952865,"λ₂":2.233415225602517,"a₁":-6.387129107603281,"a₂":1.3492487377338165,"b₁":-7.419764536846912},"^":{"γ":9.210340371976185,"b₂":8.977356513155241,"λ₁":-9.210340371976182,"λ₂":0.16712476358318007,"a₁":-1.0698113893096703,"a₂":9.030308630902718,"b₁":-3.7937839790313994},">":{"γ":0.33867423316377376,"b₂":-6.721639134311729,"λ₁":-3.859962124221343,"λ₂":0.5731646582279541,"a₁":-0.4420436807527732,"a₂":-0.7015269922826608,"b₁":-4.197969573444872}},"pair0003":{"<":{"γ":-1.8794227640791625,"b₂":-3.7127390408757464,"λ₁":1.944272488346252,"λ₂":1.8768752980868637,"a₁":-2.458872828264286,"a₂":-1.9821818226865755,"b₁":0.6965291603188692},"^":{"γ":0.25553220317082115,"b₂":4.603009261907401,"λ₁":-0.5744143148179184,"λ₂":-1.121033529603519,"a₁":0.018698021033822343,"a₂":2.006146917828289,"b₁":-0.9938855455431064},">":{"γ":-0.41815084076581144,"b₂":-0.0058849886690275355,"λ₁":5.169652595833501,"λ₂":-0.1633068482443516,"a₁":0.20541204615838282,"a₂":-0.034154582427071034,"b₁":0.22513282796562883}}}}