{"likelihoods":{"pair0070":{"4":{"<":-3426.2969817743206,"^":-5805.642345286264,">":-4839.532181852483},"2":{"<":-5156.707779854634,"^":-5851.7410211642755,">":-6091.639404229681},"3":{"<":-5799.009920038916,"^":-6162.5401741300075,">":-6122.666884579874},"5":{"<":-4183.697969608792,"^":-4428.605051419707,">":-5759.028818323686},"1":{"<":2579.8337156004036,"^":2846.7569959214666,">":2583.305694913437}},"pair0074":{"4":{"<":350.08364947442635,"^":294.6060505202721,">":0.0},"2":{"<":326.0346141015227,"^":375.6753654737301,">":316.06352943508824},"3":{"<":314.09718582106535,"^":315.33345512637374,">":314.73110874136984},"5":{"<":344.715718274005,"^":314.41530821229327,">":330.00574987486243},"1":{"<":501.49258002535043,"^":0.0,">":500.797494945589}},"pair0075":{"4":{"<":250.21116384000257,"^":247.72012883487685,">":282.2281791243009},"2":{"<":304.5666332479616,"^":354.4880963721525,">":333.3303624249735},"3":{"<":324.37058104068893,"^":284.9734176839851,">":286.1697934641412},"5":{"<":348.1107738788947,"^":273.9855411244967,">":317.22526526880745},"1":{"<":539.8581396239299,"^":0.0,">":539.864964921822}},"pair0073":{"4":{"<":303.8438207160421,"^":542.9364664130878,">":360.82479022035807},"2":{"<":788.413982102172,"^":1414.9930230201373,">":774.0439201587285},"3":{"<":438.236706112358,"^":820.2129553774416,">":388.9222297196628},"5":{"<":330.48655450723857,"^":458.7074541944857,">":289.4885546909358},"1":{"<":2056.1993035412343,"^":2850.079576783798,">":2056.3896768154173}},"pair0072":{"4":{"<":2615.9605063784643,"^":2630.8128909894203,">":2624.369516712072},"2":{"<":2673.3471332812164,"^":2679.6200504692447,">":2681.320789876673},"3":{"<":2628.5670257201596,"^":2618.1941144408447,">":2624.835968884907},"5":{"<":2665.394264121377,"^":2604.4157787673225,">":2647.4716622379665},"1":{"<":2833.2722863497693,"^":0.0,">":2839.5261270669407}}}}