{"parameters":{"pair0070":{"4":{"<":{"m₁":2.426319886403034,"γ":-13.75261884702037,"b₂":1.039002573867144,"λ₁":-3.849339287630629,"λ₂":-13.813908886703764,"a₁":-13.815510557964274,"a₂":13.810144964338413,"m₂":6.1198141849379155,"b₁":-4.589066439409555},"^":{"m₁":-0.4137139319942129,"γ":0.18699458990525386,"b₂":-13.721803408266416,"λ₁":8.992154973118325,"λ₂":-13.815510557964274,"a₁":-13.415166350355495,"a₂":5.118260086962302,"m₂":-0.673164615873155,"b₁":-13.814391704033028},">":{"m₁":2.8594985813369505,"γ":-8.581120893774795,"b₂":-13.812374611293494,"λ₁":-13.27729857159834,"λ₂":-13.815510557964274,"a₁":2.9443683805788936,"a₂":-13.717018181433561,"m₂":-1.2422452142678804,"b₁":6.468827752803197}},"2":{"<":{"m₁":9.998146323106273,"γ":-13.484055304937899,"b₂":-13.807152510162638,"λ₁":-5.575867046514842,"λ₂":-13.815510557964274,"a₁":1.005908651617526,"a₂":-4.645515195604707,"m₂":-2.0740066441531857,"b₁":2.2443659077514617},"^":{"m₁":1.953653594078773,"γ":1.922114619792671,"b₂":-6.553254922200042,"λ₁":-11.499273997457063,"λ₂":-13.815510557964274,"a₁":-13.763567502546733,"a₂":-8.510690539061738,"m₂":1.8953613894402501,"b₁":-13.811487629387468},">":{"m₁":-9.871398252009476,"γ":-1.861442946152307,"b₂":-13.815477023950034,"λ₁":-6.697640542480583,"λ₂":-13.815510557964274,"a₁":-3.9057326343731464,"a₂":-2.32361160258076,"m₂":-0.24328487283033873,"b₁":-7.423875508519043}},"3":{"<":{"m₁":9.954993000927168,"γ":13.815510557964274,"b₂":-13.812666547658099,"λ₁":-8.03971080051572,"λ₂":-13.81523482767845,"a₁":-13.662450472600343,"a₂":-13.715663174139454,"m₂":0.3706648947903055,"b₁":-13.772991623934551},"^":{"m₁":-8.566615338188445,"γ":-10.342418554546748,"b₂":2.733373918311262,"λ₁":-13.793919562801728,"λ₂":-13.813501169574597,"a₁":-6.486700439330829,"a₂":-6.161079596926528,"m₂":0.0047933307708696304,"b₁":-13.815510557964274},">":{"m₁":-7.4342340463249394,"γ":-4.77837763029026,"b₂":-13.811163147974229,"λ₁":-7.738228694967024,"λ₂":-13.815510557964274,"a₁":-4.8345573437203235,"a₂":-3.9296079666038803,"m₂":0.06167398373635713,"b₁":-0.7367716807163625}},"5":{"<":{"m₁":9.983629369212249,"γ":13.815510557964274,"b₂":-13.78524976466501,"λ₁":-13.80229991489777,"λ₂":-10.168132662015736,"a₁":-1.9035454795790496,"a₂":-13.795717614451076,"m₂":-0.27479443472745935,"b₁":-13.76858309970007},"^":{"m₁":1.0449293650373725,"γ":-0.41633439903219127,"b₂":-2.7317560020978906,"λ₁":-13.797335860623583,"λ₂":-13.43766981334835,"a₁":-8.404325192364983,"a₂":1.4871823680876926,"m₂":-1.6479939132822192,"b₁":-9.779631598960599},">":{"m₁":-10.0,"γ":-4.831262587167318,"b₂":-13.801610298370427,"λ₁":-6.825489817094296,"λ₂":-13.777786775030995,"a₁":0.6072478372590577,"a₂":-13.11386511276039,"m₂":0.8230692104410373,"b₁":-13.786294843858144}},"1":{"<":{"m₁":-0.005374312978371876,"γ":0.03556868416616865,"b₂":0.03626635327707106,"λ₁":12.654548811792246,"λ₂":-0.021097749983411518,"a₁":-0.017500968936717598,"a₂":0.05915595490392711,"m₂":0.02728249680953354,"b₁":0.0023232487678406244},"^":{"m₁":0.0,"γ":0.0,"b₂":0.0,"λ₁":0.0,"λ₂":9.21034037197618,"a₁":0.0,"a₂":0.0,"m₂":0.0,"b₁":0.0},">":{"m₁":0.0,"γ":0.0,"b₂":0.0,"λ₁":0.0,"λ₂":0.0,"a₁":0.0,"a₂":0.0,"m₂":0.0,"b₁":0.0}}},"pair0074":{"4":{"<":{"m₁":-4.578723054424978,"γ":-0.17429942568162282,"b₂":-0.6307351109433323,"λ₁":-8.460819747730357,"λ₂":-0.4440736892751893,"a₁":0.042884207761215265,"a₂":0.1375736907756906,"m₂":0.1732707771150217,"b₁":-0.44230427862240873},"^":{"m₁":-0.5407547958014884,"γ":-0.08828645053855588,"b₂":-11.305895266107369,"λ₁":-0.8192969701127542,"λ₂":-2.8379981365530114,"a₁":-0.16023684524193627,"a₂":-13.815510557964274,"m₂":0.09324988595881756,"b₁":-3.9128993397842144},">":{"m₁":0.0,"γ":0.0,"b₂":0.0,"λ₁":0.0,"λ₂":0.0,"a₁":0.0,"a₂":0.0,"m₂":0.0,"b₁":0.0}},"2":{"<":{"m₁":0.1001142029206683,"γ":-0.35479866960747053,"b₂":-0.1416864544238301,"λ₁":-0.7358694871623435,"λ₂":-4.097692346140123,"a₁":-0.1670895524379965,"a₂":-0.023120250850325874,"m₂":0.015197496464391946,"b₁":-3.1249229886013357},"^":{"m₁":0.5624418512346292,"γ":1.1165219837634286,"b₂":-13.788018973653745,"λ₁":-7.305825723833334,"λ₂":-13.815510557964274,"a₁":-0.12831689940456315,"a₂":13.812640618864432,"m₂":9.904367176530446,"b₁":-2.3205571519321317},">":{"m₁":-0.49650704873529605,"γ":2.0067609093212972,"b₂":-1.711948054124374,"λ₁":-0.14567690029420532,"λ₂":-0.9013022751518545,"a₁":-0.025562919522068128,"a₂":0.31098454684297216,"m₂":0.19636374886897912,"b₁":-2.357938897842322}},"3":{"<":{"m₁":-0.5887314663661432,"γ":-1.272224622601712,"b₂":-1.6318528912511905,"λ₁":-0.5857522191476239,"λ₂":-3.124776151996066,"a₁":-0.1629496875063392,"a₂":-0.15766393342955887,"m₂":-2.977999523663936,"b₁":-5.3891123232895435},"^":{"m₁":-1.2007627481082732,"γ":0.7310962756373254,"b₂":-13.70011663609515,"λ₁":-7.764470620101208,"λ₂":-13.788893782688916,"a₁":-3.4782479904490238,"a₂":-13.785470980430246,"m₂":1.4683040754809298,"b₁":-6.103209239056817},">":{"m₁":0.07317737409516134,"γ":0.2588233100399435,"b₂":-1.2666858132875127,"λ₁":-1.2752173327721845,"λ₂":-1.2845336456746246,"a₁":-0.2572642689366287,"a₂":0.15591982465978482,"m₂":0.03497143724099594,"b₁":-1.9310484623423623}},"5":{"<":{"m₁":0.20329582939287327,"γ":-4.460897590735172,"b₂":-1.8389722136383018,"λ₁":-6.513930779732018,"λ₂":-0.6745263353207207,"a₁":-2.8118227340910646,"a₂":-13.771464749584279,"m₂":0.12011298701399653,"b₁":-12.830812141094812},"^":{"m₁":9.999999999999996,"γ":13.783637258554624,"b₂":-13.80827515575347,"λ₁":-13.800274759790947,"λ₂":-13.802100018383623,"a₁":-3.8258465401343056,"a₂":13.759176188874559,"m₂":2.792813080016467,"b₁":-13.813476177653502},">":{"m₁":2.324047643689976,"γ":-4.6503797721180185,"b₂":-2.621725404765481,"λ₁":-4.762137919829463,"λ₂":-1.5275325120581869,"a₁":0.7627890988922648,"a₂":-0.1829666866186308,"m₂":-0.6963426911470911,"b₁":-3.5185729190567923}},"1":{"<":{"m₁":-0.052370081222250064,"γ":-0.04921691376894621,"b₂":-0.03434904437489905,"λ₁":0.2468868039370573,"λ₂":-0.17068289985197715,"a₁":-0.005212629002043556,"a₂":-0.0073593117188472945,"m₂":0.006478361231820884,"b₁":-0.010313340867494247},"^":{"m₁":0.0,"γ":0.0,"b₂":0.0,"λ₁":0.0,"λ₂":0.0,"a₁":0.0,"a₂":0.0,"m₂":0.0,"b₁":0.0},">":{"m₁":-0.043055213872452924,"γ":-0.2777190501548734,"b₂":-2.256398987437562,"λ₁":2.95261186659458,"λ₂":-0.83624816298083,"a₁":-0.1374794431766766,"a₂":-0.04240440898891684,"m₂":0.42154928874504805,"b₁":0.4628426357456057}}},"pair0075":{"4":{"<":{"m₁":-0.37084686753391694,"γ":0.7160712618396143,"b₂":-3.909925820815891,"λ₁":-4.78630426202707,"λ₂":-0.6731134084373664,"a₁":-1.1264569625102165,"a₂":-0.09198676932848748,"m₂":-0.40165332617961447,"b₁":-2.655157392515715},"^":{"m₁":9.928484957503162,"γ":11.587701862690341,"b₂":-6.583611175742618,"λ₁":-13.749552718141661,"λ₂":-9.132944388040741,"a₁":-0.7405025374532652,"a₂":13.714719427244816,"m₂":9.999509613153833,"b₁":-8.674738495941348},">":{"m₁":7.438333816026432,"γ":1.4265224992418553,"b₂":-11.485455695951313,"λ₁":-10.064838378097498,"λ₂":-11.551281165398873,"a₁":-3.745445347028461,"a₂":-3.719157405412293,"m₂":5.575432251658691,"b₁":-7.414726395312913}},"2":{"<":{"m₁":-1.3382499776034038,"γ":1.5269205326462476,"b₂":-3.4950158943124325,"λ₁":-3.2747017862530168,"λ₂":-1.6528209849616022,"a₁":-3.6466700442512963,"a₂":0.1475072604334553,"m₂":0.061669396549410394,"b₁":-4.53273324058579},"^":{"m₁":9.999599912662823,"γ":13.815439812847014,"b₂":-13.81323153864009,"λ₁":-13.812529476910095,"λ₂":-8.41058480529426,"a₁":-5.169441362393394,"a₂":-13.813097748363504,"m₂":-9.998259971773601,"b₁":-13.813385541664466},">":{"m₁":-0.3137243608835778,"γ":-0.09248654969208303,"b₂":-13.765677880330397,"λ₁":-3.596175648010309,"λ₂":-4.9377655065430694,"a₁":-5.251919973809272,"a₂":-13.081082552513408,"m₂":-1.212621784399543,"b₁":-13.780521803161777}},"3":{"<":{"m₁":-1.620259161136012,"γ":5.383585709386434,"b₂":-2.742015450145983,"λ₁":-2.1777833060700917,"λ₂":-2.558265633800895,"a₁":-3.5470133899617995,"a₂":-0.5695401122072532,"m₂":-1.1502663021515218,"b₁":-0.43135285348903984},"^":{"m₁":-9.981847359079909,