{"parameters":{"pair0043":{"<":{"γ":1.7898445718482066,"b₂":-9.203794139088943,"λ₁":-2.825915529227033,"λ₂":-5.283453077976096,"a₁":-1.6944406525238715,"a₂":-1.0211482305476345,"b₁":-8.629894076591336},"^":{"γ":1.9535321200255584,"b₂":3.280815629891128,"λ₁":-4.521590014567947,"λ₂":-4.513088084961028,"a₁":0.6121885803896063,"a₂":-2.964634496097961,"b₁":-3.7058086875475293},">":{"γ":4.405245203135264,"b₂":-4.307700890452114,"λ₁":-4.6805772960692575,"λ₂":-4.143374461046565,"a₁":-1.4031101305524931,"a₂":0.8131053765505651,"b₁":-5.092405240391978}},"pair0045":{"<":{"γ":-9.210340371976182,"b₂":-5.225941970241389,"λ₁":-0.2132182483753482,"λ₂":-1.586388861521935,"a₁":-1.1857798917913378,"a₂":0.10902255973940456,"b₁":-2.004709557967212},"^":{"γ":0.7247258966522185,"b₂":2.367426577920682,"λ₁":-4.297823361974218,"λ₂":-2.6363667250837546,"a₁":-0.4924457887737841,"a₂":2.155451067917916,"b₁":-3.9220661029665678},">":{"γ":0.37286726206277976,"b₂":-8.186660593393938,"λ₁":-3.837641821656643,"λ₂":-3.0437434020394543,"a₁":-3.8376418216567414,"a₂":-3.851003143923162,"b₁":-2.371566177221542}},"pair0042":{"<":{"γ":1.5612646363475449,"b₂":-4.282743674790251,"λ₁":-2.1356325227230313,"λ₂":-1.5737413939406784,"a₁":0.6555928245259288,"a₂":-1.3002600932916053,"b₁":-0.6594460396848998},"^":{"γ":4.124787983610302,"b₂":7.118769926500567,"λ₁":-1.932223814155285,"λ₂":-2.161751554407692,"a₁":-2.2380704382776333,"a₂":-4.409955227930631,"b₁":-2.9297272125292153},">":{"γ":-0.3616181231856732,"b₂":-1.6751436564274602,"λ₁":-3.3280456621996146,"λ₂":-0.9673900841442169,"a₁":-0.4989628599736875,"a₂":0.21777360806186508,"b₁":-5.668426028965637}},"pair0044":{"<":{"γ":0.6671130258100479,"b₂":-9.210340371976182,"λ₁":-3.1755926139513004,"λ₂":-6.089031899299162,"a₁":-4.342822868318952,"a₂":-3.5327914142385293,"b₁":-5.660187389919255},"^":{"γ":5.019504379019988,"b₂":-4.36134161335202,"λ₁":-3.2663552516011762,"λ₂":-5.102897205938134,"a₁":-1.0500802981867352,"a₂":-9.04974265451025,"b₁":-6.102431501000822},">":{"γ":0.7157081507129757,"b₂":-8.853423437455437,"λ₁":-3.4162736316144358,"λ₂":-6.591201782937102,"a₁":-3.0809580103705443,"a₂":-0.4996958778422247,"b₁":-4.005340279715558}},"pair0041":{"<":{"γ":9.210340371976185,"b₂":-2.3522071830219353,"λ₁":0.18764695414409616,"λ₂":-0.5680194809492196,"a₁":2.013568148389819,"a₂":-0.2877981669712355,"b₁":1.9156526328312733},"^":{"γ":9.209800595360045,"b₂":-9.197618465645643,"λ₁":-9.20978372881224,"λ₂":-0.22184589294369594,"a₁":-0.11542414986744554,"a₂":-9.20263541613497,"b₁":-2.892237554619368},">":{"γ":9.210340371976185,"b₂":2.6457890067244936,"λ₁":-4.02295008642249,"λ₂":2.153755657813864,"a₁":0.4126016322948125,"a₂":3.000663376171577,"b₁":-4.927661250222787}}}}