{"likelihoods":{"pair0076":{"<":728.354508208437,"^":777.8128264890987,">":732.693547235344}}}