{"parameters":{"pair0076":{"<":{"γ":-0.040028508155979026,"b₂":-3.3608118915114673,"λ₁":8.162616861921606,"λ₂":-1.8703190330903965,"a₁":-0.0599349886780125,"a₂":0.31961631206069363,"b₁":-0.004641742764279755},"^":{"γ":-0.27290546453236963,"b₂":-7.163187236258237,"λ₁":-3.075262377132427,"λ₂":-1.7684002382708393,"a₁":-0.03200030531767517,"a₂":0.14155431803256668,"b₁":-2.7107457396329533},">":{"γ":0.014495426659143718,"b₂":-1.8309892563509553,"λ₁":-0.22595447904214438,"λ₂":-0.008501991550250665,"a₁":-0.015553267231403822,"a₂":0.03791183252888075,"b₁":-1.1450688731448615}}}}