{"likelihoods":{"pair0034":{"4":{"<":473.90564451641336,"^":287.6400910877129,">":192.77179372587116},"2":{"<":360.9649683155214,"^":506.9440961730635,">":328.9302089128582},"3":{"<":581.4569682993902,"^":477.2614671444787,">":304.5404018310758},"5":{"<":676.1129487336801,"^":542.0531337036501,">":926.0422790483617},"1":{"<":993.9105180799496,"^":986.1263192329892,">":993.5887855374799}},"pair0035":{"4":{"<":174.99926142913068,"^":349.31688801401464,">":704.6998894226883},"2":{"<":800.0762770475976,"^":0.0,">":865.5754262567466},"3":{"<":183.0666065614204,"^":449.61276481612214,">":387.6111864166675},"5":{"<":383.2994196996685,"^":428.30323462100165,">":291.59295998843896},"1":{"<":988.0876104422456,"^":0.0,">":985.7142239984342}},"pair0033":{"4":{"<":559.0690119026193,"^":359.27851632744273,">":906.4129273867744},"2":{"<":293.62170650271025,"^":336.6743935174663,">":528.8986467855843},"3":{"<":434.1065634881684,"^":309.75007182068026,">":320.42813387970284},"5":{"<":0.0,"^":394.9741104722833,">":455.55880454135297},"1":{"<":980.6043824029366,"^":0.0,">":979.4047141919145}},"pair0036":{"4":{"<":168.70409396177953,"^":375.7264929900976,">":559.1207712808838},"2":{"<":880.2864696454905,"^":868.9535855571618,">":312.9687153778523},"3":{"<":431.1729723394635,"^":257.2853214873331,">":272.5135243285822},"5":{"<":421.5386637662914,"^":410.2672812894733,">":59.57864832278254},"1":{"<":983.219628168128,"^":988.1531827537715,">":0.0}},"pair0031":{"4":{"<":2807.470460188225,"^":2805.3032648181425,">":2809.116342337031},"2":{"<":2821.8625086552715,"^":2810.8200316341645,">":2821.0649079239947},"3":{"<":2818.0100936808667,"^":2794.9395051707475,">":2817.7310683943756},"5":{"<":2818.894073258328,"^":2789.349117544565,">":2814.591776718159},"1":{"<":2848.512785860331,"^":2849.6452026686356,">":2843.8015988393167}},"pair0037":{"4":{"<":0.0,"^":159.38986899381436,">":0.0},"2":{"<":796.3266622490052,"^":783.7270915529825,">":283.761732974395},"3":{"<":213.14844986474455,"^":393.3773121368876,">":596.2710153125089},"5":{"<":86.42376469469218,"^":500.9964892899468,">":282.24596620228135},"1":{"<":977.1596136744251,"^":989.0608017086091,">":977.6133915649926}},"pair0038":{"4":{"<":1978.5526944642645,"^":1948.1798279030772,">":1947.2786395147393},"2":{"<":1974.2093862532304,"^":1987.7914171312555,">":1985.2139691603854},"3":{"<":1975.9924274509433,"^":1960.0677862075636,">":1981.7713843408387},"5":{"<":1981.6589281965141,"^":1976.8862466217847,">":1931.917791597513},"1":{"<":2152.1676447171058,"^":2160.0035016729703,">":2157.6634903789563}},"pair0039":{"4":{"<":916.6635490410356,"^":907.9105291846679,">":915.9580357044626},"2":{"<":945.5228178362729,"^":957.5499760897778,">":946.254631417703},"3":{"<":926.1420521689298,"^":921.0760299946439,">":926.1420521688844},"5":{"<":919.7139271008176,"^":915.3570787074256,">":926.7301266085934},"1":{"<":1125.6340652196936,"^":1126.888139033612,">":1125.0868811389428}},"pair0040":{"4":{"<":1884.6795677016983,"^":1860.2407178063077,">":1864.6461851775714},"2":{"<":1900.04746326106,"^":1892.6718486889422,">":1899.743365058815},"3":{"<":1885.911147336816,"^":1883.8291589972837,">":1865.6806991876783},"5":{"<":1848.7307808545406,"^":1881.6273426083214,">":1866.363190334873},"1":{"<":2053.1639560393214,"^":2091.830110554513,">":2050.0265281566585}},"pair0032":{"4":{"<":-707.3606348470845,"^":-63.342144040687565,">":-904.7085769810916},"2":{"<":2029.3474901090347,"^":2101.4127697385406,">":2035.2115473252595},"3":{"<":1896.4060623948528,"^":1973.4454350097349,">":1905.5903962816164},"5":{"<":-544.273341278303,"^":-345.5197030635579,">":-809.2996693663183},"1":{"<":2673.285919758687,"^":0.0,">":2676.692642058427}}}}