{"likelihoods":{"pair0029":{"4":{"<":757.1912187057602,"^":692.0433305702187,">":709.149139168942},"2":{"<":752.4366804010316,"^":793.2963781964426,">":760.5290790236437},"3":{"<":745.5913478017585,"^":761.4251963985955,">":665.5747662741959},"5":{"<":820.9647742087471,"^":756.3477994848722,">":669.2900373653664},"1":{"<":2869.2039667094555,"^":2928.744233350342,">":2870.746281255698}},"pair0027":{"4":{"<":-822.1976694597822,"^":-769.5822309547576,">":-838.1354288727639},"2":{"<":-673.4713750246326,"^":-729.8422796977025,">":-751.7671756931557},"3":{"<":-808.3966244625484,"^":-767.31761272133,">":-822.4774322235237},"5":{"<":-795.2068391076999,"^":-854.9210640211544,">":-776.4507199034189},"1":{"<":2924.3299372574998,"^":2929.6108531710092,">":2922.8724782466516}},"pair0028":{"4":{"<":2398.1830246568375,"^":2357.3343578774807,">":2298.18708145497},"2":{"<":2833.7113112670017,"^":2845.110109624121,">":2826.1322896609395},"3":{"<":2772.625204918841,"^":2765.0118968226707,">":2795.367058987373},"5":{"<":2571.375432754115,"^":2307.344908403731,">":2754.4355163537316},"1":{"<":2840.3316847282626,"^":2922.161678784732,">":2844.23515425135}},"pair0021":{"4":{"<":903.8124347918915,"^":0.0,">":906.0533880398712},"2":{"<":904.4005349340094,"^":922.0392784819184,">":900.3671268722277},"3":{"<":900.0470991990248,"^":892.5194181396396,">":896.0367574753781},"5":{"<":901.5556922601168,"^":0.0,">":902.7859366518782},"1":{"<":995.4242788184041,"^":994.6226485289257,">":994.5065914386066}},"pair0024":{"4":{"<":1254.1874976169024,"^":0.0,">":1248.4771673412315},"2":{"<":1245.3295119559014,"^":1251.4284329477382,">":1242.49200549976},"3":{"<":1247.7945623472733,"^":1254.2549474153057,">":1251.0004514325105},"5":{"<":1256.4294599448715,"^":1254.584516016648,">":1265.3925326194797},"1":{"<":1249.7278454251034,"^":1278.950206605205,">":1253.525085587731}},"pair0025":{"4":{"<":2718.0144232408165,"^":2706.2988531689916,">":2731.3844594757747},"2":{"<":2733.3030274639414,"^":2758.2597550336745,">":2732.773523974632},"3":{"<":0.0,"^":2714.1141495714514,">":2725.8891317195844},"5":{"<":2727.907425700027,"^":2720.9771664709974,">":2727.224370011297},"1":{"<":2796.9029161821773,"^":2922.1616068980347,">":2798.4737963624534}},"pair0022":{"4":{"<":1193.832170033263,"^":1040.002539319319,">":1195.8727749372576},"2":{"<":1188.1564131305345,"^":1190.8828904830825,">":1194.3927019145765},"3":{"<":1198.2513348998077,"^":0.0,">":1202.7935538900224},"5":{"<":1206.8419774875847,"^":1023.9692685433378,">":1075.5626579147652},"1":{"<":1212.229734089172,"^":1282.2782742323816,">":0.0}},"pair0023":{"4":{"<":1188.1496681453036,"^":1213.502546010107,">":1190.9208263214025},"2":{"<":1185.50898979951,"^":1240.2992614472153,">":1181.0307417443937},"3":{"<":1188.2090329563632,"^":1229.8924262982684,">":1184.6589860527645},"5":{"<":1197.654789024699,"^":1201.0144905328966,">":1186.2842163011908},"1":{"<":1202.5653486493275,"^":1281.7870251126476,">":1205.3112464172289}},"pair0030":{"4":{"<":2835.242328666781,"^":2851.423757081663,">":2841.8233861020562},"2":{"<":2905.365522033376,"^":2908.847545837192,">":0.0},"3":{"<":2911.8939485212495,"^":2860.92303008066,">":2869.6139457719178},"5":{"<":2845.2826455616155,"^":2834.01679181867,">":2883.6698582356785},"1":{"<":2913.740732900744,"^":2928.9181419180477,">":2918.2978077341654}},"pair0026":{"4":{"<":201.54744568899915,"^":203.48421773835923,">":105.10666337888155},"2":{"<":200.6688237665369,"^":194.7418205551719,">":191.89045288760667},"3":{"<":123.8697015781072,"^":235.71057605479905,">":214.03906925812802},"5":{"<":105.46687525554681,"^":117.72874815091784,">":74.55270086857651},"1":{"<":2916.3412699127985,"^":2922.1614307921564,">":2913.5622883826004}}}}