{"likelihoods":{"pair0039":{"<":923.9846841391616,"^":907.1823610580055,">":917.0915536300968}}}