{"parameters":{"pair0039":{"<":{"γ":0.005957112106054652,"b₂":-1.8918506399123043,"λ₁":0.14677979842704403,"λ₂":0.5198329796606433,"a₁":0.12570311730996586,"a₂":-0.007277243470104722,"b₁":-0.07161661031996935},"^":{"γ":2.5866671057173534,"b₂":-13.791012514622322,"λ₁":-0.5964534056580284,"λ₂":-0.13022621734464934,"a₁":-0.09493264355854336,"a₂":-0.4732666497188571,"b₁":-2.4946694725900738},">":{"γ":0.9087259779693007,"b₂":-1.8711200565562667,"λ₁":-1.2190001548006446,"λ₂":-0.00028861826639925425,"a₁":0.0917264781444107,"a₂":-1.952849174998141,"b₁":-1.3744235944348766}}}}