{"params":{"P":100,"m₂":0.0,"b₁":171.32585517166117,"name":"m_1_k_1","seed_no":107,"M":4,"λ₁":0.0052173114177947975,"a₂":10.965985883382093,"b₂":0.00010071340512601369,"Rs":[1,2,3,4,5],"T_max":1000,"m₁":0.0,"γ":0.040872060180211486,"a₁":2694.6808322930815,"λ₂":15.005554845525639,"EPOCHS":200,"tr_acc":-0.7486169297258448}}