{"params":{"P":100,"m₂":0.0,"b₁":10.072723417960164,"name":"m_1_k_2","seed_no":107,"M":4,"λ₁":8.232219793898828,"a₂":0.006637348230408294,"b₂":1.041622520933036,"Rs":[1,2,3,4,5],"T_max":1000,"m₁":0.0,"γ":0.2106730683104737,"a₁":3.954866051694639,"λ₂":142.00673063029146,"EPOCHS":200,"tr_acc":-0.8045170960946363}}