{"params":{"P":100,"m₂":0.0,"b₁":9942.023341125705,"name":"m_1_k_3","seed_no":107,"M":4,"λ₁":0.6115367678222376,"a₂":0.00010096778069471844,"b₂":0.00010233474321653503,"Rs":[1,2,3,4,5],"T_max":1000,"m₁":0.0,"γ":7191.140250223068,"a₁":329.45227856299186,"λ₂":99.3707518188037,"EPOCHS":200,"tr_acc":-0.8468911402463248}}