{"likelihoods":{"pair0089":{"<":355.510119837743,"^":355.39067284295606,">":347.1688078341136}}}