{"parameters":{"pair0089":{"<":{"γ":-2.631217227152254,"b₂":-12.259807872674598,"λ₁":4.434395428281782,"λ₂":1.0017073765931048,"a₁":-4.862612743281119,"a₂":-2.1470232437376993,"b₁":-9.716430648318196},"^":{"γ":0.017210946712948427,"b₂":0.3314505740811917,"λ₁":-0.1487435832336601,"λ₂":0.012962629503885381,"a₁":0.00825019268610383,"a₂":-0.02943051483076964,"b₁":-0.17311762564777133},">":{"γ":-1.5293327885060162,"b₂":-0.503610180304312,"λ₁":-1.0358413665971753,"λ₂":1.3598877074260027,"a₁":0.0019797199195181747,"a₂":-0.010339400227106665,"b₁":-0.08945937071841747}}}}