{"likelihoods":{"pair0061":{"4":{"<":525.8450037398536,"^":527.9301706552931,">":525.9665026807731},"2":{"<":518.0327762526613,"^":518.3786155249596,">":517.3735013700957},"3":{"<":524.2057010546971,"^":517.200906081072,">":522.9178612143501},"5":{"<":525.7502941033543,"^":527.2138640888833,">":0.0},"1":{"<":542.0163747062164,"^":543.9894494422647,">":541.1299032543146}},"pair0058":{"4":{"<":516.1986726080595,"^":505.2370151745004,">":523.090246408901},"2":{"<":506.17977552501475,"^":504.9018363481616,">":505.02562324112756},"3":{"<":510.7660298183639,"^":507.18633673046685,">":510.25859033075614},"5":{"<":525.330726093811,"^":512.9980904974763,">":522.358968121536},"1":{"<":537.7311142972212,"^":544.0175306037244,">":539.3495196766925}},"pair0060":{"4":{"<":520.9695162109248,"^":525.2775007149355,">":544.2075283286293},"2":{"<":517.7796072854912,"^":515.8165918386292,">":517.1237951825129},"3":{"<":518.8515509631775,"^":514.0765963910936,">":512.791207372614},"5":{"<":528.0490902143988,"^":522.2802599031668,">":525.0753430051648},"1":{"<":542.6811141167746,"^":545.9342404881351,">":541.7370052721125}},"pair0062":{"4":{"<":0.0,"^":521.7571772830498,">":522.636493606805},"2":{"<":516.5712897420443,"^":519.1564671357522,">":518.9279652650343},"3":{"<":528.4284245280587,"^":519.6887202911495,">":526.1341186387051},"5":{"<":531.4893542644847,"^":528.1466571749316,">":526.9865294071315},"1":{"<":541.6353646278246,"^":543.8991151655063,">":541.3784084034573}},"pair0063":{"4":{"<":519.9663682300466,"^":522.6076926124126,">":523.4281083802001},"2":{"<":515.4803143780327,"^":0.0,">":517.2986545445779},"3":{"<":523.0417425563727,"^":513.1084177474363,">":528.0672055532648},"5":{"<":523.7854040643485,"^":520.6768472921522,">":539.9703091874536},"1":{"<":539.6629642063863,"^":547.7071438156568,">":540.1698289643715}},"pair0051":{"4":{"<":1008.1931415913795,"^":1009.615904790693,">":1011.1139710189134},"2":{"<":1009.3818794952654,"^":1005.7088648162747,">":1001.5448690275381},"3":{"<":1020.4511623074611,"^":1008.6534745096959,">":0.0},"5":{"<":1018.9244493675752,"^":1007.274770625853,">":1022.6304775487702},"1":{"<":1022.6558628582181,"^":1034.8790401058204,">":1022.289061733167}},"pair0059":{"4":{"<":518.8874027463871,"^":506.4540908335575,">":530.0091876196653},"2":{"<":507.1876210597959,"^":507.9233571575682,">":505.95779238599374},"3":{"<":511.561208251648,"^":510.6523135897095,">":545.5969323113121},"5":{"<":529.3458343744888,"^":0.0,">":520.1365802787814},"1":{"<":538.3879685958773,"^":543.9010392670588,">":540.3462903611664}},"pair0057":{"4":{"<":0.0,"^":510.2338098501958,">":512.994972811022},"2":{"<":0.0,"^":504.73061956994144,">":506.2547650911725},"3":{"<":503.579296775355,"^":503.310251900639,">":509.9413455047572},"5":{"<":514.9004350024135,"^":516.8816324412362,">":515.7299429969829},"1":{"<":539.4646336809413,"^":543.9008208689842,">":536.6579571075042}},"pair0056":{"4":{"<":511.76213551055275,"^":504.7013684587037,">":507.064189195159},"2":{"<":0.0,"^":0.0,">":495.96180718836985},"3":{"<":504.5388696910556,"^":493.3647936391693,">":496.79852650660126},"5":{"<":512.074287494593,"^":499.01610114756085,">":520.3762556734717},"1":{"<":537.035551373939,"^":549.0545183602994,">":534.6815318472852}},"pair0064":{"4":{"<":288.8397979800277,"^":241.1240965343461,">":301.2527526267766},"2":{"<":292.75037871575205,"^":329.8790561307381,">":301.7972022751712},"3":{"<":288.2921085307952,"^":270.7030728999055,">":262.7008093356496},"5":{"<":265.16794464850096,"^":241.47637667558905,">":247.07211397529252},"1":{"<":390.06820369477197,"^":464.5253679712524,">":0.0}}}}