{"likelihoods":{"pair0007":{"<":1695.1643863194208,"^":2386.779245197643,">":2187.454723103497},"pair0006":{"<":2031.4196699806591,"^":2366.838024821819,">":2370.897711742802}}}