{"parameters":{"pair0007":{"<":{"γ":-13.813054463644045,"b₂":-13.812811146356573,"λ₁":-13.812955067703,"λ₂":-13.813128345146568,"a₁":-8.035319857190215,"a₂":1.5840952288128136,"b₁":-13.812671128082314},"^":{"γ":2.217296534434002,"b₂":-3.2278124238317343,"λ₁":-0.7410824703462779,"λ₂":-0.7649337834478356,"a₁":0.20600650660097308,"a₂":-2.4246452176147972,"b₁":-1.329678619104028},">":{"γ":1.6987091215673171,"b₂":-0.7730427231367134,"λ₁":1.1154043249815633,"λ₂":0.11228355337131823,"a₁":2.1761837271066877,"a₂":-0.7948842383601544,"b₁":-4.639212691310254}},"pair0006":{"<":{"γ":-0.854305714956892,"b₂":-9.099279164794904,"λ₁":11.219649480163735,"λ₂":-2.3214147941528314,"a₁":-13.765706667033962,"a₂":-6.189619003683104,"b₁":-2.9168515538943947},"^":{"γ":1.8736122955549313,"b₂":-0.9517869451916798,"λ₁":-3.040775226356187,"λ₂":-5.1976342652586975,"a₁":-0.03958497765324687,"a₂":-0.0246252362713264,"b₁":-0.6932966669920546},">":{"γ":0.9613052842998293,"b₂":-6.700382997880526,"λ₁":-4.180650833200691,"λ₂":-1.763143200371987,"a₁":8.62925896037352,"a₂":-1.3139113263872648,"b₁":7.81459982702021}}}}