{"likelihoods":{"pair0007":{"4":{"<":9738.926796781992,"^":10050.593296235655,">":9746.043786211989},"2":{"<":9752.398000826719,"^":0.0,">":9752.287679827024},"3":{"<":9729.887048846711,"^":10303.554479505528,">":9762.209052587448},"5":{"<":4839.944509312724,"^":6441.936932327906,">":6586.650187373844},"1":{"<":10250.005733606784,"^":11853.351193924786,">":10247.69399901989}},"pair0005":{"4":{"<":7206.306717222393,"^":10090.728954484814,">":9014.71103585051},"2":{"<":9791.058598591715,"^":10878.419753443723,">":9791.273293976723},"3":{"<":9782.149107118505,"^":10339.815058268252,">":9785.473504425381},"5":{"<":8068.082068618037,"^":0.0,">":9810.219212333956},"1":{"<":10298.368010070128,"^":11853.351422724107,">":10299.826852422237}},"pair0009":{"4":{"<":9875.551612292275,"^":10034.227988892631,">":9879.901201317385},"2":{"<":10289.753648473697,"^":10898.315566930303,">":10290.566864222148},"3":{"<":9922.716328357992,"^":10297.721233285825,">":9932.71233037873},"5":{"<":9801.440490064342,"^":9939.167633319264,">":9779.249024580648},"1":{"<":10844.689735042124,"^":11860.99526798029,">":10842.176558726742}},"pair0001":{"4":{"<":624.0208522957048,"^":658.7860224125434,">":638.7059898816697},"2":{"<":651.5262903629587,"^":803.4443084493034,">":659.2268849521458},"3":{"<":625.2511222239957,"^":716.3000230503068,">":634.2400480802836},"5":{"<":609.0891900918248,"^":638.3342219094253,">":635.2088888389592},"1":{"<":747.3729301106622,"^":994.9395811205275,">":0.0}},"pair0010":{"4":{"<":10076.57206635822,"^":10266.378913687236,">":10080.693116236484},"2":{"<":10554.768908718697,"^":11048.50138631243,">":10554.264280972895},"3":{"<":10148.355012772174,"^":10550.202167310581,">":10148.552896336449},"5":{"<":8135.184526729687,"^":10124.601281095225,">":10035.458275727482},"1":{"<":11119.000758472084,"^":11853.351193924875,">":11117.18046136636}},"pair0004":{"4":{"<":889.2129948538394,"^":889.4984143926271,">":898.2698861277956},"2":{"<":919.0398533392416,"^":919.7325706646953,">":927.0351558471481},"3":{"<":908.9090529938312,"^":894.2183649426867,">":889.8890318040346},"5":{"<":897.362903510314,"^":889.0990123054855,">":904.9491692062207},"1":{"<":1001.0218224768769,"^":996.6615444382048,">":998.5725315208226}},"pair0006":{"4":{"<":9590.051795608473,"^":9837.836046072882,">":9609.05377774577},"2":{"<":9963.556615733525,"^":10838.978770076452,">":9964.78925338324},"3":{"<":9657.63483859095,"^":10086.772632465603,">":9648.785246669035},"5":{"<":9569.04891725766,"^":9650.59661345698,">":9561.862149859613},"1":{"<":10593.73838985695,"^":11861.306468391667,">":10591.467873514046}},"pair0002":{"4":{"<":717.1458304841358,"^":694.9566186229483,">":694.7810587035175},"2":{"<":745.519435068675,"^":0.0,">":752.6253093966153},"3":{"<":702.173082705355,"^":705.050540062966,">":752.5606218063799},"5":{"<":706.5447720257931,"^":678.2125774827416,">":706.0130763962173},"1":{"<":850.308621843521,"^":989.4705838059774,">":848.7713556980068}},"pair0003":{"4":{"<":917.6746243198703,"^":907.9729505716551,">":914.3502708526837},"2":{"<":929.3521965208269,"^":952.7866117777027,">":928.9144265231558},"3":{"<":923.4799747879861,"^":927.1572619427174,">":920.2346598319866},"5":{"<":929.1337342168591,"^":0.0,">":925.5326177462736},"1":{"<":989.2236359987068,"^":989.4706761914566,">":985.9738409313326}},"pair0008":{"4":{"<":7821.610232283197,"^":8624.335830109818,">":5970.127838772815},"2":{"<":9779.215124804266,"^":11211.433766369868,">":9774.476851214802},"3":{"<":9628.613554857373,"^":9237.978541459213,">":9412.232335637367},"5":{"<":9611.377127516644,"^":7925.417382342302,">":9618.837479387768},"1":{"<":10689.447098468529,"^":11856.001439239897,">":10685.155649340142}}}}