{"likelihoods":{"pair0007":{"<":2031.8848227696574,"^":2475.5127856088866,">":1686.0429492675476},"pair0009":{"<":2398.3426249871545,"^":1768.2544773579127,">":1989.987646852076},"pair0010":{"<":2484.1549135885066,"^":2193.3418950438836,">":2214.4129406530437},"pair0006":{"<":2260.5975114896655,"^":2395.51875166341,">":2351.206223068072},"pair0008":{"<":1947.619045887509,"^":1920.292677650588,">":1851.0023422050995}}}