{"parameters":{"pair0007":{"<":{"γ":-9.205114358896914,"b₂":-8.17133196954273,"λ₁":2.2501196485803057,"λ₂":-9.176863247624963,"a₁":-9.194323134319092,"a₂":-9.10129972635473,"b₁":-8.910508783738594},"^":{"γ":1.4952816217564813,"b₂":-7.3322269056590965,"λ₁":-1.286555467760416,"λ₂":-1.6119212923813233,"a₁":-2.8963979591898417,"a₂":4.0967658568164325,"b₁":-2.6793668906545767},">":{"γ":-9.192326308291902,"b₂":2.8518360966032024,"λ₁":-9.194918439364262,"λ₂":-5.59289200098174,"a₁":2.9684462947456876,"a₂":3.434943147196254,"b₁":-8.059723210286558}},"pair0009":{"<":{"γ":-0.9208624868494404,"b₂":-2.3800819631757735,"λ₁":-0.035432562950946433,"λ₂":0.04019113613855474,"a₁":0.013523527413202174,"a₂":3.7008489954378003,"b₁":0.1872256920266011},"^":{"γ":0.8764566469348196,"b₂":0.605691017537417,"λ₁":-9.208824713334991,"λ₂":9.209961082725654,"a₁":0.9366636405403401,"a₂":8.3683735582327,"b₁":-8.48925217952624},">":{"γ":9.210340371976185,"b₂":1.3905909143630701,"λ₁":-9.210340371976182,"λ₂":-0.5985326355871763,"a₁":3.393351727638045,"a₂":3.0898143315684408,"b₁":-9.210340371976182}},"pair0010":{"<":{"γ":1.535738517966582,"b₂":-0.8956641645979229,"λ₁":-1.4667464890716637,"λ₂":0.7217514707209638,"a₁":-0.053144773049105254,"a₂":0.07046021204219954,"b₁":-0.016581861751451044},"^":{"γ":-9.210340371976182,"b₂":-1.7905304941070357,"λ₁":-9.198206347496342,"λ₂":3.1161297973279822,"a₁":0.014713097634261985,"a₂":0.9487729583329401,"b₁":-9.209412295080051},">":{"γ":-1.7326511316416822,"b₂":-9.208502033205756,"λ₁":0.8350423941094522,"λ₂":1.9617699358450853,"a₁":-0.023256126968627555,"a₂":0.11239438545433345,"b₁":-9.208549838351251}},"pair0006":{"<":{"γ":-9.20864753542263,"b₂":-9.208518760697508,"λ₁":9.210279423193944,"λ₂":-7.967931030259034,"a₁":3.0826238518789193,"a₂":2.8527326850315067,"b₁":2.573116605381138},"^":{"γ":9.210340371976185,"b₂":-9.210340371976182,"λ₁":-1.2288371858157294,"λ₂":-3.787496855560147,"a₁":-1.2508154606161908,"a₂":9.210340371976185,"b₁":-2.901155592001315},">":{"γ":0.7262788081612133,"b₂":-1.6612534260151843,"λ₁":-0.5165922947613222,"λ₂":0.04698657966827291,"a₁":0.7296261160290083,"a₂":-0.5843668649695264,"b₁":0.11744390778808267}},"pair0008":{"<":{"γ":9.191028773809384,"b₂":-9.205221852019113,"λ₁":9.089802244376413,"λ₂":-2.044644850822695,"a₁":-9.178096475022059,"a₂":-9.10928363395617,"b₁":-6.958876886682564},"^":{"γ":1.3088329720824952,"b₂":-9.201870373060013,"λ₁":-4.185596300711607,"λ₂":0.17427902625695602,"a₁":-2.673836995482451,"a₂":-9.210340371976182,"b₁":-9.210340371976182},">":{"γ":2.759238658718523,"b₂":0.08027914905259514,"λ₁":-9.164851987430511,"λ₂":-0.303691055730118,"a₁":-1.1373466936343295,"a₂":0.23375068033861623,"b₁":-9.206312715600493}}}}