{"likelihoods":{"pair0068":{"<":-1364.7169433484796,"^":-1431.045055291025,">":-1953.0817751537438},"pair0069":{"<":2613.6443753476615,"^":2612.925365820661,">":2231.9099368418197}}}