{"parameters":{"pair0068":{"<":{"γ":0.1837072512710609,"b₂":-13.815510557964274,"λ₁":-4.882571876860538,"λ₂":-0.17251799234113108,"a₁":-4.841916161611746,"a₂":-4.511509980430789,"b₁":-13.815510557964274},"^":{"γ":-2.6649745559944247,"b₂":-10.672892319072389,"λ₁":-10.70638903618058,"λ₂":-2.439090546051135,"a₁":-2.0527395521414515,"a₂":2.3311312116030223,"b₁":-4.460272897005195},">":{"γ":-1.4883499608834114,"b₂":-13.136074456961493,"λ₁":-13.814317251179338,"λ₂":-13.756253248138831,"a₁":-1.7792198434854924,"a₂":-11.01541666721289,"b₁":-11.832792320093358}},"pair0069":{"<":{"γ":1.880780418630117,"b₂":-0.1810151725647433,"λ₁":0.3321428608391397,"λ₂":0.755967469954447,"a₁":-0.45426604249021096,"a₂":0.26498403413483196,"b₁":-2.280950751611588},"^":{"γ":13.80736222580337,"b₂":13.815510557964274,"λ₁":-0.6466500521533067,"λ₂":-0.3093299427705869,"a₁":-0.2029653361585222,"a₂":-13.791821719386293,"b₁":-1.3326219726174244},">":{"γ":-13.812180765390098,"b₂":1.312711040532193,"λ₁":-13.812435301933762,"λ₂":-13.812794630356748,"a₁":-13.812959689661053,"a₂":-7.519215376285644,"b₁":-13.811768594604692}}}}