{"likelihoods":{"pair0046":{"4":{"<":13306.842316231783,"^":15008.424916201435,">":12708.083839716091},"2":{"<":15229.392986402376,"^":18104.51535254998,">":15269.196350152977},"3":{"<":13559.075520499266,"^":15727.54450019847,">":14629.282071711648},"5":{"<":10576.853519192397,"^":13008.159802726783,">":10544.476362030959},"1":{"<":23173.275422929906,"^":29433.673406046168,">":23170.657938037624}},"pair0049":{"4":{"<":926.7795080411324,"^":0.0,">":921.9602047972193},"2":{"<":908.0357843453531,"^":0.0,">":907.74279525635},"3":{"<":914.7297297308247,"^":0.0,">":918.8668818751327},"5":{"<":934.5395961381436,"^":0.0,">":923.8291875110899},"1":{"<":920.4251180125633,"^":1038.5252767327227,">":920.8105544063345}},"pair0050":{"4":{"<":928.9176956525399,"^":921.7113316633145,">":924.9660522573976},"2":{"<":908.067607496858,"^":0.0,">":913.3371068495841},"3":{"<":917.0639868067517,"^":932.9798781802152,">":0.0},"5":{"<":938.4554727808819,"^":928.1489653145718,">":964.4086247279425},"1":{"<":929.5169920431146,"^":1043.9548191546153,">":930.3071265308698}},"pair0047":{"4":{"<":-1378.34767451005,"^":-1304.7959170000834,">":-1308.3772261936144},"2":{"<":-1220.837938355188,"^":-1284.126816239691,">":-1077.8364431201278},"3":{"<":-1379.4232363472993,"^":-1291.471263565878,">":-1004.9725340632779},"5":{"<":-1251.1552373588763,"^":-1249.8379388096905,">":-1195.8524199790738},"1":{"<":724.5631964392282,"^":727.8693790748023,">":727.4499789321227}},"pair0048":{"4":{"<":468.4067211144345,"^":463.92647806604407,">":461.5203801550137},"2":{"<":462.0463956648296,"^":463.3926795891374,">":456.93317751859104},"3":{"<":455.54566782150437,"^":452.2185026745299,">":0.0},"5":{"<":471.86773761786975,"^":459.9755015898279,">":456.9882045847707},"1":{"<":471.2455518053601,"^":480.6279620199159,">":469.17995839211517}}}}