{"parameters":{"pair0046":{"4":{"<":{"γ":-13.784156972536053,"b₂":-13.203363512914299,"λ₁":-13.803348814962986,"λ₂":-13.802279651164191,"a₁":-13.803894894535876,"a₂":-13.800133001833194,"b₁":-5.300036369949012},"^":{"γ":-0.34013317854559943,"b₂":0.11846445643562653,"λ₁":-5.034071470866921,"λ₂":-3.6104432006291702,"a₁":-0.1370445656938255,"a₂":3.4112606184402985,"b₁":-3.441654157328637},">":{"γ":-1.1550054770347078,"b₂":-13.801737904682417,"λ₁":-13.815510557964274,"λ₂":-10.104689093142717,"a₁":-6.122648102365036,"a₂":-0.8865788083182373,"b₁":-13.715653916028236}},"2":{"<":{"γ":-0.5451598348489721,"b₂":-1.8173542078151073,"λ₁":0.5232234274702439,"λ₂":-0.36665970181434915,"a₁":0.01790016283028173,"a₂":0.0561577203747845,"b₁":-0.5076661075956146},"^":{"γ":-0.08548126296548197,"b₂":-2.3037682764742016,"λ₁":-0.082353666180488,"λ₂":-0.8512301799247002,"a₁":-0.04764933982583486,"a₂":0.5851381785453302,"b₁":-1.3577960828691698},">":{"γ":1.3754144333397793,"b₂":-8.651509032282114,"λ₁":0.7521036937603753,"λ₂":-8.17307522121608,"a₁":-6.046260194489162,"a₂":-2.016866501102637,"b₁":-13.815510557964274}},"3":{"<":{"γ":-12.338485835979185,"b₂":-13.218766407296709,"λ₁":-12.017030632098564,"λ₂":-13.783198059538051,"a₁":-11.879526532702991,"a₂":-0.012000783128922166,"b₁":-13.799360306758283},"^":{"γ":0.45640579217105604,"b₂":-1.5470310217970198,"λ₁":-5.695850599289818,"λ₂":-9.441743019221748,"a₁":-1.8002125811316851,"a₂":3.5195551702803876,"b₁":-7.153631402696856},">":{"γ":0.8091723304231255,"b₂":-4.553424436714375,"λ₁":-0.2408295057722345,"λ₂":-1.8647031980745403,"a₁":-0.5421379980827865,"a₂":-2.247007969607756,"b₁":-0.22205363789863775}},"5":{"<":{"γ":-3.729419132513666,"b₂":-13.431774505259028,"λ₁":-13.793630541589309,"λ₂":-13.751770750655055,"a₁":-2.856916560040121,"a₂":-13.812610925554266,"b₁":-13.801355934460373},"^":{"γ":-4.071205843821803,"b₂":-13.812759555661929,"λ₁":-13.813543919853268,"λ₂":-13.815510557964274,"a₁":-6.320831748106849,"a₂":13.815172829482378,"b₁":-13.8130885849917},">":{"γ":-1.700339503460592,"b₂":-13.815510557964274,"λ₁":-13.799768289241158,"λ₂":-13.81211601277868,"a₁":-5.645967084664463,"a₂":-13.73923001238486,"b₁":-13.815510557964274}},"1":{"<":{"γ":13.778223154535219,"b₂":-4.810391194225984,"λ₁":5.913348760553344,"λ₂":0.7609848415378888,"a₁":-2.3294935126944836,"a₂":-1.4768519624278778,"b₁":-4.1370752157004755},"^":{"γ":-13.769004265739822,"b₂":-13.815510557964274,"λ₁":13.788181534227125,"λ₂":13.78295292790775,"a₁":0.8824896143938457,"a₂":13.786298781244302,"b₁":0.17192542450854553},">":{"γ":-12.725887422485942,"b₂":-3.1626810967745715,"λ₁":11.658234877314186,"λ₂":0.3626561661610541,"a₁":-1.3978645776523724,"a₂":-1.388774983659049,"b₁":-2.78680661350678}}},"pair0049":{"4":{"<":{"γ":0.0,"b₂":0.0,"λ₁":0.0,"λ₂":0.0,"a₁":0.0,"a₂":0.0,"b₁":0.0},"^":{"γ":0.0,"b₂":0.0,"λ₁":0.0,"λ₂":0.0,"a₁":0.0,"a₂":0.0,"b₁":0.0},">":{"γ":1.6995776521700279,"b₂":-1.6994230414771945,"λ₁":-0.4610079430584424,"λ₂":0.1570685799988265,"a₁":0.07324250050538517,"a₂":-0.2971954033654143,"b₁":-0.40977358235659445}},"2":{"<":{"γ":12.772491519968302,"b₂":-0.42732971546154097,"λ₁":-0.5296702695411,"λ₂":1.5373580649812677,"a₁":-1.1031918571293495,"a₂":0.012950448163040917,"b₁":-3.0086740920795556},"^":{"γ":0.0,"b₂":0.0,"λ₁":0.0,"λ₂":0.0,"a₁":0.0,"a₂":0.0,"b₁":0.0},">":{"γ":9.21034037197618,"b₂":0.0,"λ₁":0.0,"λ₂":0.0,"a₁":0.0,"a₂":0.0,"b₁":0.0}},"3":{"<":{"γ":0.007026823008882133,"b₂":-0.09802187806416107,"λ₁":1.5326814280963124,"λ₂":-0.041742250272610804,"a₁":1.0355840584000546,"a₂":0.015685100003368646,"b₁":0.5056390873527228},"^":{"γ":0.0,"b₂":0.0,"λ₁":0.0,"λ₂":0.0,"a₁":0.0,"a₂":0.0,"b₁":0.0},">":{"γ":-0.5662492757229298,"b₂":-5.729431395376018,"λ₁":0.8866638300787759,"λ₂":1.5388872494140866,"a₁":-0.05207311220841504,"a₂":-0.06719111220029816,"b₁":-0.051732446542946064}},"5":{"<":{"γ":-1.1036604070026907,"b₂":-3.443669834006389,"λ₁":-2.6223373976009974,"λ₂":-2.3617191759230476,"a₁":-0.7804739982456468,"a₂":0.14645559747920167,"b₁":-2.5247753745086428},"^":{"γ":0.0,"b₂":0.0,"λ₁":0.0,"λ₂":0.0,"a₁":0.0,"a₂":0.0,"b₁":0.0},">":{"γ":-3.875705280568795,"b₂":-3.091168669059204,"λ₁":7.11425410424874,"λ₂":0.1261723561717183,"a₁":1.158934244047165,"a₂":-4.002198148505981,"b₁":1.8078616614587784}},"1":{"<":{"γ":-0.7040010634775253,"b₂":0.996341551046795,"λ₁":-0.0792132949270119,"λ₂":0.25747171001421876,"a₁":0.11085758129310186,"a₂":1.2216009195221496,"b₁":0.4755363886260202},"^":{"γ":13.815510557964274,"b₂":13.815510557964274,"λ₁":13.815510557964274,"λ₂":13.79704565468915,"a₁":1.565727526144748,"a₂":13.81551055796427,"b₁":1.571741407651512},">":{"γ":0.660075708790318,"b₂":-0.7566551534236243,"λ₁":0.008697181706121881,"λ₂":-0.05744397225116238,"a₁":-0.010408267095781909,"a₂":0.02869059084815362,"b₁":0.00875642517962305}}},"pair0050":{"4":{"<":{"γ":-1.4821445052420366,"b₂":0.048961773490797,"λ₁":0.9236221779767941,"λ₂":0.3286501912266573,"a₁":0.1266583880393295,"a₂":-0.0780409483162714,"b₁":-0.3564946451850126},"^":{"γ":0.14388960676613216,"b₂":13.815510557964274,"λ₁":-2.1485515217381153,"λ₂":-2.1737520149559497,"a₁":-0.10613992428332253,"a₂":-5.956359655993718,"b₁":-1.2763684914804614},">":{"γ":-1.8433465984643451,"b₂":-0.12675630154214446,"λ₁":1.9121974003880862,"λ₂":-1.123098223576319,"a₁":0.6488734496226893,"a₂":-0.1591263647998602,"b₁":-1.8369622914185353}},"2":{"<":{"γ":6.62625379542909,"b₂":-0.8518315008926738,"λ₁":-0.011666726592546084,"λ₂":0.007441772826563664,"a₁":0.05246953539270649,"a₂":0.6264496727180475,"b₁":-0.004674340963875423},"^":{"γ":0.0,"b₂":0.0,"λ₁":0.0,"λ₂":0.0,"a₁":0.0,"a₂":0.0,"b₁":0.0},">":{"γ":0.8062283522636235,"b₂":-0.22322330177263972,"λ₁":0.8127926946715309,"λ₂":0.08932313276620718,"a₁":-0.03722020661091996,"a₂":0.038234335269752506,"b₁":-0.0729666882733575}},"3":{"<":{"γ":1.2346653363006492,"b₂":-2.5052050007709497,"λ₁":0.22895985105740735,"λ₂":0.0782242612305808,"a₁":0.06520144423325824,"a₂":-0.46885494199529987,"b₁":-0.49206290520973717},"^":{"γ":-0.17044388646356268,"b₂":13.815510557964274,"λ₁":-1.6743006128278015,"λ₂":-0.8694217330718654,"a₁":-0.04107371076525368,"a₂":1.1146411388725816,"b₁":-3.064672611562143},">":{"γ":0.0,"b₂":0.0,"λ₁":0.0,"λ₂":0.0,"a₁":0.0,"a₂":0.0,"b₁":0.0}},"5":{"<":{"γ":-0.8423210193568362,"b₂":0.38288612996450944,"λ₁":0.09102376299604842,"λ₂":1.6457810076293367,"a₁":-1.1392646854168493,"a₂":-0.12482463445236647,"b₁":-2.634498582286989},"^":{"γ":2.69793278099527,"b₂":0.27681250899628473,"λ₁":-1.0092633432054061,"λ₂":-1.5393632141198665,"a₁":0.04520719263427253,"a₂":0.4396403938572604,"b₁":-1.1491797764536624},">":{"γ":12.62710396317436,"b₂":8.521577335109548,"λ₁":-2.0795182938931855,"λ₂":-2.6265118187271383,"a₁":-0.4474089909408967,"a₂":9.373927721197077,"b₁":-1.4671770029477464}},"1":{"<":{"γ":-0.7193742624175634,"b₂":0.20604455092652607,"λ₁":3.641132847680531,"λ₂":0.23559967908164303,"a₁":-0.3351490084605331,"a₂":0.8547448747651867,"b₁":-0.4860015704817524},"^":{"γ":13.784929060854147,"b₂":13.793451641118068,"λ₁":13.800849990861241,"λ₂":0.19498163659581813,"a₁":-0.7464315448871623,"a₂":13.815510557964274,"b₁":-0.7765715459959619},">":{"γ":-0.14256694819445137,"b₂":0.47573121942637364,"λ₁":4.238720471071943,"λ₂":1.456637074481094,"a₁":0.02366475784282862,"a₂":-0.4456516606800278,"b₁":-0.20549027169888667}}},"pair0047":{"4":{"<":{"γ":-4.8741120233123745,"b₂":-13.814349489042069,"λ₁":-0.3625030159154843,"λ₂":-13.8154782281545,"a₁":12.60678350391268,"a₂":4.146022746057504,"b₁":12.660170445128092},"^":{"γ":-3.8419331689540517,"b₂":13.81551055796427,"λ₁":5.047299976183389,"λ₂":-13.815510557964274,"a₁":-1.1194784278788017,"a₂":-4.390830166995535,"b₁":-13.815510557964274},">":{"γ":2.6280215562295552,"b₂":-13.815510557964274,"λ₁":-13.815510557964274,"λ₂":-13.815510557964274,"a₁":-2.6475069682038193,"a₂":-2.9791638632292727,"b₁":-13.64159997450152}},"2":{"<":{"γ":-13.523714473375623,"b₂":-6.220405894274141,"λ₁":-0.3788206980415474,"λ₂":-13.815510557964274,"a₁":10.52028655974673,"a₂":10.24150011587166,"b₁":10.430367319545692},