{"likelihoods":{"pair0021":{"<":895.4719822961858,"^":891.2918641882778,">":896.1957950113904},"pair0024":{"<":1248.6883122094775,"^":1251.2451828273427,">":1241.7224881174661},"pair0025":{"<":2650.5591872358777,"^":2634.504733317747,">":2632.7733460463483},"pair0022":{"<":961.1128180351923,"^":1061.4346967442798,">":1186.9349389482375},"pair0023":{"<":1210.0137066280079,"^":1205.11846096059,">":1189.6136391133157}}}