{"parameters":{"pair0021":{"<":{"γ":1.9733216016947015,"b₂":-0.14833065404014079,"λ₁":0.43258117463986245,"λ₂":1.4968200729280383,"a₁":0.04744620835591107,"a₂":-0.2617114403353611,"b₁":-0.6982370789460894},"^":{"γ":0.4741154870323516,"b₂":9.210316607883348,"λ₁":-0.5095130410394653,"λ₂":-0.5031806001395775,"a₁":0.1752813327019691,"a₂":-0.4059658631266281,"b₁":-0.4373438125614868},">":{"γ":0.9485241126095794,"b₂":-0.8036553081338287,"λ₁":5.23362542265275,"λ₂":0.6469896750140194,"a₁":0.012437203716681111,"a₂":0.549562205850533,"b₁":-0.1380812258949451}},"pair0024":{"<":{"γ":-0.2795828090835837,"b₂":-0.7484493108025241,"λ₁":0.5209439136106795,"λ₂":8.68101783369148,"a₁":-0.08442234244976454,"a₂":-0.32460262890675473,"b₁":0.3046505905011401},"^":{"γ":-0.45920485940148303,"b₂":-2.685092100195119,"λ₁":9.210340371976185,"λ₂":0.05070270615842709,"a₁":0.025696945072946065,"a₂":-9.19347288528842,"b₁":0.009617473410827415},">":{"γ":7.350138758011154,"b₂":-0.5127892085480745,"λ₁":7.315257672511853,"λ₂":1.970325504889498,"a₁":-0.6873831477819863,"a₂":0.7447652465568062,"b₁":0.46422144093422446}},"pair0025":{"<":{"γ":0.7215282930667026,"b₂":-0.9137422233661869,"λ₁":0.32009746708239284,"λ₂":0.09726728853855882,"a₁":-0.3936393848044215,"a₂":1.600238113703071,"b₁":-0.5145110717153134},"^":{"γ":0.11239662172996212,"b₂":-9.210340371976182,"λ₁":-5.131193427766611,"λ₂":-1.6264830757566529,"a₁":-1.3373952721367743,"a₂":4.840410598388663,"b₁":-3.502782010966131},">":{"γ":1.7772850263661777,"b₂":-0.7692761075250107,"λ₁":-3.1882440279106783,"λ₂":0.13727286562960828,"a₁":-1.9951098084428116,"a₂":0.002194568472681624,"b₁":-2.866904629012966}},"pair0022":{"<":{"γ":-9.175802070729745,"b₂":9.210340371976185,"λ₁":-9.19366909699816,"λ₂":-9.19014745495779,"a₁":-4.200338289629124,"a₂":9.1960762783608,"b₁":-9.181958842541562},"^":{"γ":-9.204562484465772,"b₂":9.172749607593632,"λ₁":9.20938410769354,"λ₂":-9.203864203229374,"a₁":-9.210340371976182,"a₂":-9.193635474003495,"b₁":-9.207229166996713},">":{"γ":-1.0184873680384179,"b₂":-1.1184907330569,"λ₁":1.3902224248039285,"λ₂":2.9843434385479917,"a₁":0.5865054023601921,"a₂":-0.6277536406947579,"b₁":0.104757567100906}},"pair0023":{"<":{"γ":1.1257282165735152,"b₂":-0.3216486518483901,"λ₁":-0.9231020105967147,"λ₂":0.8454159449159899,"a₁":0.14381924933874224,"a₂":0.485357465841016,"b₁":0.17261541390118218},"^":{"γ":-0.5461112845786893,"b₂":9.205784100675578,"λ₁":-3.0387872016379918,"λ₂":-1.5204470729011828,"a₁":0.047030079514795986,"a₂":-0.41465570378968764,"b₁":-0.3351200584181999},">":{"γ":-0.37532228048442384,"b₂":-0.6842394262805627,"λ₁":1.3077903450441557,"λ₂":0.10644558783833702,"a₁":1.19503629851968,"a₂":-1.1148731974753918,"b₁":-0.6587940847469174}}}}