{"likelihoods":{"pair0076":{"<":726.5669776172165,"^":767.8329155816723,">":735.9975508847187},"pair0080":{"<":1293.859690892385,"^":1287.9326171252424,">":1307.7768653787655},"pair0077":{"<":2395.960355630895,"^":2371.19018569064,">":2395.3604745289404},"pair0078":{"<":1286.3342533858631,"^":1380.07029126486,">":1298.1214532207357},"pair0079":{"<":1445.3248058234158,"^":1488.3266006121125,">":1452.5352320419383}}}