{"likelihoods":{"pair0044":{"4":{"<":-1036.5593805782605,"^":54.707722679977756,">":-1199.910646636089},"2":{"<":-1001.6298682668059,"^":761.4301747774626,">":-993.19727840065},"3":{"<":-1098.7025067034497,"^":273.6260408877689,">":-1062.951686515399},"5":{"<":-790.6037742374712,"^":117.24649950504767,">":-1206.9733948630358},"1":{"<":-163.147516459158,"^":2836.8894007319063,">":-172.88347114180482}}}}