{"parameters":{"pair0044":{"4":{"<":{"γ":-4.21631912233628,"b₂":-10.213350509647952,"λ₁":-11.654199617759486,"λ₂":-3.616520446450904,"a₁":-9.661936494045932,"a₂":-12.494960169738683,"b₁":-1.2766553495118966},"^":{"γ":0.425575228230322,"b₂":13.771772834250125,"λ₁":-3.1328847733190557,"λ₂":-1.3797793048758393,"a₁":-0.9378542781089685,"a₂":-12.880297005028162,"b₁":-5.117030866568536},">":{"γ":13.679750865010668,"b₂":-11.757467677265783,"λ₁":-6.506197006681852,"λ₂":-5.182516811283641,"a₁":0.41044739990012324,"a₂":-2.5857360539273984,"b₁":-2.2803525024064566}},"2":{"<":{"γ":1.3146450934624028,"b₂":7.244382066422737,"λ₁":-1.9903243125455639,"λ₂":-5.269835299346822,"a₁":-3.5938445352147212,"a₂":13.62629280752122,"b₁":-7.2689521391712155},"^":{"γ":1.1374119530192743,"b₂":2.203431554950445,"λ₁":-1.2308362704791929,"λ₂":-1.271537901181178,"a₁":-4.65004727953295,"a₂":13.728727578850489,"b₁":-13.815510557964274},">":{"γ":-2.022953880358722,"b₂":-3.3857081839975063,"λ₁":-3.2854793791629238,"λ₂":-6.091352793962277,"a₁":-5.168333394979628,"a₂":2.928981417565222,"b₁":-13.815510557964274}},"3":{"<":{"γ":6.08494258275465,"b₂":-9.99227028472459,"λ₁":-1.092498760461062,"λ₂":-8.722948524127416,"a₁":-1.0800763053905893,"a₂":-2.8061766974535907,"b₁":-0.3493461406090592},"^":{"γ":1.2925601673525726,"b₂":13.758962045819533,"λ₁":-5.585279310896754,"λ₂":-1.9443127508476685,"a₁":-1.5906291282613285,"a₂":13.776020214148105,"b₁":-5.271447446289024},">":{"γ":-0.08531882722569328,"b₂":-7.802614868586366,"λ₁":-2.4715755912647026,"λ₂":-5.043927202007639,"a₁":-2.4214955229021236,"a₂":-7.405745853840046,"b₁":-9.985245718752179}},"5":{"<":{"γ":-13.815510557964274,"b₂":0.6088312120227926,"λ₁":-3.553629678232733,"λ₂":-13.33511163868203,"a₁":5.011705090016076,"a₂":6.402237369715937,"b₁":3.2509783406323294},"^":{"γ":-13.408055267250747,"b₂":5.772350013509513,"λ₁":-3.0364011975025544,"λ₂":-5.3919940249907725,"a₁":-13.700766175174419,"a₂":13.808343965220459,"b₁":-13.669557382001283},">":{"γ":3.282318372218114,"b₂":-6.294270349610314,"λ₁":-3.666923250902137,"λ₂":-7.19468466265224,"a₁":-0.050122893639779065,"a₂":2.6369743423979948,"b₁":-3.708408460393029}},"1":{"<":{"γ":13.815510557964274,"b₂":-13.814871957269727,"λ₁":-2.893397776633014,"λ₂":-5.3778805731847115,"a₁":-3.1252841166178946,"a₂":-7.012611489488334,"b₁":-9.323951308734374},"^":{"γ":13.815234521623385,"b₂":2.3329862887862767,"λ₁":13.81500268548761,"λ₂":10.655358116095229,"a₁":13.815228505912962,"a₂":13.814935927165934,"b₁":13.81483539689501},">":{"γ":-7.162538838127121,"b₂":-10.12896522461528,"λ₁":13.811452724840503,"λ₂":-4.723408033088756,"a₁":-2.05389116938972,"a₂":-3.4769985349408117,"b₁":-3.6791727853434075}}}}}