{"likelihoods":{"pair0095":{"4":{"<":2497.8928126624232,"^":2518.464226581782,">":2488.536752083725},"2":{"<":2653.405422915652,"^":2702.153392664041,">":0.0},"3":{"<":2529.949394257625,"^":2584.048137752866,">":2532.8684592612367},"5":{"<":2493.289675533377,"^":2522.6329993109257,">":2501.702037146478},"1":{"<":2828.995954521794,"^":2850.0977484247496,">":0.0}},"pair0092":{"4":{"<":286.04611131366664,"^":283.90442612628476,">":295.57631400052276},"2":{"<":309.6372859943684,"^":325.2322320553524,">":310.0186915102674},"3":{"<":286.7417205641392,"^":283.2354987173252,">":288.9774342547568},"5":{"<":283.10792155481636,"^":278.78861387994124,">":329.74317592177846},"1":{"<":321.2103973156538,"^":432.84590362581235,">":320.98208290414914}},"pair0093":{"4":{"<":830.8410347453982,"^":874.9207998060803,">":841.7441983235107},"2":{"<":829.6288587198109,"^":1065.9240842810684,">":829.6288587198359},"3":{"<":821.880465906502,"^":963.9565660246759,">":816.9569773163624},"5":{"<":846.4258459379812,"^":0.0,">":829.7951289029177},"1":{"<":877.1405704984065,"^":0.0,">":879.7336282517937}},"pair0094":{"4":{"<":2664.774463740095,"^":2668.355191030634,">":2669.6503887585854},"2":{"<":0.0,"^":2773.2041732215516,">":2737.8598131360845},"3":{"<":2679.7870846217606,"^":2695.4670527537405,">":2680.336915283142},"5":{"<":2662.273856669355,"^":2668.134402029902,">":2669.6901638912727},"1":{"<":2814.835844786953,"^":0.0,">":2814.9167391313854}},"pair0091":{"4":{"<":327.1343387713433,"^":314.9427368536558,">":337.04148079136417},"2":{"<":345.51132791479006,"^":322.29332105758607,">":313.2407816931436},"3":{"<":355.2738542432998,"^":315.10417275226547,">":343.3234579914377},"5":{"<":315.81129063102014,"^":313.05274066561026,">":319.88326587767017},"1":{"<":361.8768397269415,"^":430.90318308634954,">":362.74549659714194}}}}