{"parameters":{"pair0095":{"4":{"<":{"m₁":-2.5253503123533525,"γ":-0.5159554190472253,"b₂":0.30133940013393534,"λ₁":-2.163591351624376,"λ₂":-1.4940776991183107,"a₁":0.11039306624442702,"a₂":-0.19539248413138388,"m₂":0.004359948607035591,"b₁":-3.0973579178692088},"^":{"m₁":-0.9200236821697914,"γ":-0.3481662405005306,"b₂":0.4788661842689894,"λ₁":-1.666276983091734,"λ₂":-1.602915960893279,"a₁":-0.38302666649257766,"a₂":-12.792938739372754,"m₂":-0.3155681995582711,"b₁":-0.9408292994573433},">":{"m₁":-0.006483891681817511,"γ":0.4599694320181982,"b₂":-0.4836947431826619,"λ₁":-0.663541074785778,"λ₂":-0.06115882641950954,"a₁":0.7580113684205081,"a₂":-0.001609932056256369,"m₂":-0.03293159302948645,"b₁":0.07083893541076591}},"2":{"<":{"m₁":0.0,"γ":0.0,"b₂":0.0,"λ₁":0.0,"λ₂":0.0,"a₁":0.0,"a₂":0.0,"m₂":0.0,"b₁":0.0},"^":{"m₁":0.0,"γ":0.0,"b₂":0.0,"λ₁":0.0,"λ₂":0.0,"a₁":0.0,"a₂":0.0,"m₂":0.0,"b₁":0.0},">":{"m₁":0.0,"γ":0.0,"b₂":0.0,"λ₁":0.0,"λ₂":0.0,"a₁":0.0,"a₂":0.0,"m₂":0.0,"b₁":0.0}},"3":{"<":{"m₁":0.4437131072708471,"γ":1.4596044918463846,"b₂":-0.5219395039240258,"λ₁":-0.4447232999232913,"λ₂":-1.658119357564642,"a₁":0.04891276354994467,"a₂":0.012240784718390074,"m₂":-1.1123293832817822,"b₁":-1.8016502725944488},"^":{"m₁":-0.11676978023852058,"γ":9.61538255971228,"b₂":0.18195864579128695,"λ₁":-0.11349765620337493,"λ₂":-0.8812233774404632,"a₁":-0.07190055141000151,"a₂":-0.09021638767770668,"m₂":0.015375004353012756,"b₁":-1.1448290468041264},">":{"m₁":-0.009029407862531258,"γ":0.04133206422904934,"b₂":-0.42631635808635693,"λ₁":0.07846417189755606,"λ₂":-0.5481116657958882,"a₁":-0.08931353913307838,"a₂":0.005334121685184101,"m₂":-0.34510457206416234,"b₁":-0.38565753154878557}},"5":{"<":{"m₁":0.3554098740341587,"γ":-1.5293919915996366,"b₂":-0.5032653660412976,"λ₁":-0.060505466751864745,"λ₂":-1.6027073607749927,"a₁":-0.22485486797410026,"a₂":-0.004787088026489528,"m₂":0.15593135401222646,"b₁":-0.7438360238852972},"^":{"m₁":-2.1121954240149368,"γ":-1.1461939427619985,"b₂":-10.49548559530859,"λ₁":-2.5885704306499644,"λ₂":-2.3199339337378646,"a₁":-0.4791577830503613,"a₂":-0.9453427732113102,"m₂":1.0800053828806444,"b₁":-1.0221303470936753},">":{"m₁":1.539705057205813,"γ":0.6230036432388086,"b₂":1.3827322455625684,"λ₁":-0.968243530769751,"λ₂":-3.137789630918924,"a₁":0.728882886033233,"a₂":1.77599679772905,"m₂":-0.11764087797888223,"b₁":-1.1500394540079117}},"1":{"<":{"m₁":-0.013324152993588356,"γ":0.03603743426545947,"b₂":0.015594010630863409,"λ₁":12.658066531168163,"λ₂":0.09028302306629676,"a₁":-0.049468602218581736,"a₂":-0.014554321030111339,"m₂":0.04379809334165152,"b₁":-0.011766043624458433},"^":{"m₁":-0.5883370919374755,"γ":1.21659160392419,"b₂":-0.962207429605261,"λ₁":0.000714706557751299,"λ₂":0.20930648040759436,"a₁":0.314552658167484,"a₂":0.08699258856616332,"m₂":0.020597218618366497,"b₁":0.69138867004167},">":{"m₁":0.0,"γ":0.0,"b₂":0.0,"λ₁":0.0,"λ₂":0.0,"a₁":0.0,"a₂":0.0,"m₂":0.0,"b₁":0.0}}},"pair0092":{"4":{"<":{"m₁":-1.38697726566342,"γ":1.17653657482572,"b₂":-4.502091647935602,"λ₁":0.11756238977599764,"λ₂":-1.2001415634234096,"a₁":-2.3537885859789416,"a₂":-0.35488151046367733,"m₂":-0.36526494664937026,"b₁":-4.3213102605722735},"^":{"m₁":-1.1014129570510125,"γ":13.815510557964274,"b₂":0.3187664082607391,"λ₁":-2.422958168945682,"λ₂":-5.243777386969075,"a₁":0.0498087510828249,"a₂":0.7147611912188623,"m₂":-1.2829739382020904,"b₁":-2.8877508458664085},">":{"m₁":1.3343299354343934,"γ":-4.402290748405411,"b₂":-1.5130093341856536,"λ₁":-1.76293739244678,"λ₂":-2.585065344690527,"a₁":-0.6416147151515101,"a₂":-0.42437467466694834,"m₂":-0.2898955227286404,"b₁":-3.50679597482403}},"2":{"<":{"m₁":0.06311177271428292,"γ":-0.18144461013316793,"b₂":-0.3463407534091516,"λ₁":0.20857410136710008,"λ₂":-0.12592955982983156,"a₁":-0.49781173014221913,"a₂":0.07021830784669625,"m₂":0.188420952002069,"b₁":-0.6254866885233223},"^":{"m₁":-1.0566547933054817,"γ":2.375261505107069,"b₂":1.0990804503668077,"λ₁":-1.0227860059340106,"λ₂":-4.421825834564325,"a₁":0.23578845358583855,"a₂":-13.815510557964274,"m₂":-0.48232013783580463,"b₁":-2.4849703651023756},">":{"m₁":0.18144426299734562,"γ":0.0750915117942128,"b₂":0.02445911344260132,"λ₁":-1.1265948897222966,"λ₂":-1.6043127150597378,"a₁":0.5714612643136903,"a₂":0.015443417422487116,"m₂":-0.11692254636005472,"b₁":0.02150455753141145}},"3":{"<":{"m₁":0.8671047431781442,"γ":0.5138229792251465,"b₂":-7.8579393959483514,"λ₁":-4.403954717019017,"λ₂":-4.635401615402678,"a₁":1.4698609645326517,"a₂":-4.693650808413517,"m₂":-0.18769682275954302,"b₁":-0.9952475745361706},"^":{"m₁":-0.7513416142492684,"γ":6.023429983307345,"b₂":-1.4775220372857678,"λ₁":-0.7728475897432663,"λ₂":-3.8204897570066745,"a₁":-0.05202855872233947,"a₂":1.4359209181128865,"m₂":-0.9117739429387886,"b₁":-3.6639956474617303},">":{"m₁":0.3822129223363646,"γ":11.615002392454706,"b₂":-13.815510557964274,"λ₁":-4.127894164576613,"λ₂":-4.1746982377649875,"a₁":1.1995805350055289,"a₂":-7.512789947227003,"m₂":-1.2413985613724705,"b₁":-0.9742107195804905}},"5":{"<":{"m₁":-0.16396501063750968,"γ":0.30124366045841633,"b₂":-2.7883249713727007,"λ₁":-1.137399419741934,"λ₂":-0.5457141691814886,"a₁":-0.15779138446496077,"a₂":-0.09069198754682972,"m₂":-0.05254238236723374,"b₁":-2.5717023892334083},"^":{"m₁":-1.0144398925683742,"γ":1.1045086246312845,"b₂":-6.13817115842074,"λ₁":-0.8532000256460375,"λ₂":-2.8709255758080516,"a₁":-0.22638101210700867,"a₂":-13.77489720706885,"m₂":-0.7850050385113416,"b₁":-4.397708768727915},">":{"m₁":0.0,"γ":0.0,"b₂":0.0,"λ₁":0.0,"λ₂":0.0,"a₁":0.0,"a₂":0.0,"m₂":0.0,"b₁":0.0}},"1":{"<":{"m₁":0.08492800165152481,"γ":-7.423257441775881,"b₂":-0.34103490141212767,"λ₁":1.3717846715571866,"λ₂":-0.6265507340396113,"a₁":-0.18607957243523643,"a₂":0.06659716613569877,"m₂":0.23108568171650035,"b₁":0.6411415865415311},"^":{"m₁":0.1469550067346681,"γ":-0.08751687029236166,"b₂":0.18153482249885222,"λ₁":3.2669755250143666,"λ₂":0.0640089468429963,"a₁":0.013331517271385707,"a₂":-0.008395851589616754,"m₂":-0.18681279489820923,"b₁":-0.03727475096737365},">":{"m₁":0.5947472162462102,"γ":0.46696933009172525,"b₂":-0.32982719288753337,"λ₁":0.6431961769805916,"λ₂":-0.031871841513785526,"a₁":-0.3380738703144619,"a₂":0.2971352455630427,"m₂":0.25641792298785404,"b₁":-0.3170059780561978}}},"pair0093":{"4":{"<":{"m₁":0.2613634461215639,"γ":0.18565845898495326,"b₂":-0.9178610074789351,"λ₁":0.21840378371451763,"λ₂":-0.11268614566796487,"a₁":-0.2645234292274843,"a₂":0.005659955320027166,"m₂":-0.07518805701875664,"b₁":-0.8441118398069598},"^":{"m₁":-0.5541345776082238,"γ":0.20652863419808654,"b₂":1.8540386861944693,"λ₁":-0.06982724600986145,"λ₂":-3.958710394249735,"a₁":-0.296969609795358,"a₂":5.440151597106389,"m₂":-0.23555273877004268,"b₁":-2.686036842537508},">":{"m₁":0.0,"γ":0.0,"b₂":0.0,"λ₁":0.0,"λ₂":0.0,"a₁":0.0,"a₂":0.0,"m₂":0.0,"b₁":0.0}},"2":{"<":{"m₁":0.0,"γ":0.0,"b₂":0.0,"λ₁":0.0,"λ₂":0.0,"a₁":0.0,"a₂":0.0,"m₂":0.0,"b₁":0.0},"^":{"m₁":0.5408528576065823,"γ":-0.489848276318547,"b₂":-0.554190267086927,"λ₁":0.17361095849824792,"λ₂":-0.5160983414502187,"a₁":-0.024860487521024766,"a₂":0.4830813353286345,"m₂":0.24213010472202257,"b₁":-0.09144767643477358},">":{"m₁":0.0,"γ":0.0,"b₂":0.0,"λ₁":0.0,"λ₂":0.0,"a₁":0.0,"a₂":0.0,"m₂":0.0,"b₁":0.0}},"3":{"<":{"m₁":0.022722254558498634,"γ":-0.5886760157337001,"b₂":-0.7665359438633423,"λ₁":-0.25004814732049496,"λ₂":-0.10300912144044183,"a₁":-0.006242028751387352,"a₂":0.09867804011935633,"m₂":0.054416179660856656,"b₁":0.7402568588856919},"^":{"m₁":0.027622304356778926,"γ":0.3889907607814127,"b₂":0.00027030632353763906,"λ₁":-1.350887952203859,"λ₂":-0.4448366651706408,"a₁":0.003965733792909987,"a₂":1.4681302524958983,"m₂":0.16910907909632122,"b₁":-0.24766949733215426},">":{"m₁":-1.0154146638295725,"γ":0.6014428711290094,"b₂":-2.9944168756401286,"λ₁":-0.14052577603662542,"λ₂":-0.4008534790602951,"a₁":1.197877881581416,"a₂":-0.42650045738465714,"m₂":0.07010620698080672,"b₁":1.0599955562417094}},"5":{"<":{"m₁":0.0,"γ":0.0,"b₂":0.0,"λ₁":0.0,"λ₂":0.0,"a₁":0.0,"a₂":0.0,