{"likelihoods":{"pair0062":{"<":513.5683518646291,"^":517.5304762860607,">":518.1046248586966}}}