{"parameters":{"pair0062":{"<":{"γ":3.682361868452009,"b₂":0.6197220975558615,"λ₁":0.042519500354879725,"λ₂":0.07291194638908927,"a₁":-0.060652620302143134,"a₂":1.7486058530507105,"b₁":-0.6966494107249694},"^":{"γ":13.025827990684672,"b₂":-0.007933689052974202,"λ₁":0.24266249241659565,"λ₂":-0.0830737228881695,"a₁":-0.2371498757942856,"a₂":-1.153412919426767,"b₁":-1.1068898310939463},">":{"γ":1.72648271200155,"b₂":0.017370195919264475,"λ₁":-1.5504972317793975,"λ₂":-0.21467629891272821,"a₁":-0.10540291420772974,"a₂":-0.03240884583857273,"b₁":-0.49483116957062556}}}}