{"likelihoods":{"pair0095":{"<":2554.3945325162026,"^":2578.707403447631,">":2570.3683483174227},"pair0092":{"<":278.7034294915634,"^":272.5293995355577,">":272.38647172235807},"pair0093":{"<":821.9681783692336,"^":874.0093789863628,">":829.4270505204414},"pair0094":{"<":2654.195639951264,"^":2652.6999007130967,">":2665.8385394551733},"pair0091":{"<":313.81114292485853,"^":308.9261590714382,">":303.9724540179886}}}