{"parameters":{"pair0095":{"<":{"γ":-2.4177057106107984,"b₂":-0.18181770862967817,"λ₁":-3.5596609657647607,"λ₂":-0.4358465639212028,"a₁":-0.6985795238872061,"a₂":0.23938145461434956,"b₁":-4.109869153770633},"^":{"γ":0.3720100583572794,"b₂":-1.5693877645774998,"λ₁":-2.74814848108951,"λ₂":0.25573930081574225,"a₁":-0.771755707308813,"a₂":-0.2638903413479827,"b₁":-2.3921951792905958},">":{"γ":0.5728188115343027,"b₂":-1.089264365222224,"λ₁":-0.7817568304913038,"λ₂":0.36419251150007526,"a₁":-0.0006123507552935337,"a₂":-0.13126620892601437,"b₁":-1.281038336948244}},"pair0092":{"<":{"γ":-2.496599109841733,"b₂":-3.269202531107582,"λ₁":-2.6121576618688964,"λ₂":-3.1314984386757034,"a₁":-1.2712760348619137,"a₂":-2.487279095091507,"b₁":-1.3293651817102363},"^":{"γ":0.9115385172379273,"b₂":9.207000630662685,"λ₁":-3.1920874380408106,"λ₂":-4.494876149025376,"a₁":-0.42062357029499786,"a₂":-9.178801633121507,"b₁":-3.3418320074828882},">":{"γ":6.888525426013777,"b₂":-2.9008401816117724,"λ₁":-2.069568454892643,"λ₂":-2.5287642380078577,"a₁":-1.2874303783814662,"a₂":-1.8395603188687533,"b₁":-4.10852345353793}},"pair0093":{"<":{"γ":-1.5088103115376708,"b₂":-2.7672746674927238,"λ₁":3.4414879665742273,"λ₂":0.2581718850908885,"a₁":0.3873402175520795,"a₂":-0.17764333583059688,"b₁":0.16599695270015147},"^":{"γ":-4.629459831433871,"b₂":5.797178135944359,"λ₁":-3.4874143430678304,"λ₂":-4.492916445774951,"a₁":-3.318300418496742,"a₂":-8.276967010940556,"b₁":-7.719834201425484},">":{"γ":1.7763568394002505e-15,"b₂":1.7763568394002505e-15,"λ₁":1.7763568394002505e-15,"λ₂":1.7763568394002505e-15,"a₁":1.7763568394002505e-15,"a₂":1.7763568394002505e-15,"b₁":1.7763568394002505e-15}},"pair0094":{"<":{"γ":9.210340371976185,"b₂":-0.2704848530234507,"λ₁":-9.210340371976182,"λ₂":-0.21534870462495803,"a₁":-0.1072950484754962,"a₂":0.09988601763571658,"b₁":-1.164834998613662},"^":{"γ":9.203750524171431,"b₂":0.6308875806952603,"λ₁":-2.075487954649738,"λ₂":-1.8919231248643467,"a₁":0.044707421748533704,"a₂":-0.8969261490181051,"b₁":-0.47363503572049304},">":{"γ":9.210340371976185,"b₂":-1.9191651375898235,"λ₁":-0.4457302623720345,"λ₂":-2.477662370866093,"a₁":-1.544176790200912,"a₂":-3.634054872441668,"b₁":-7.363329279289891}},"pair0091":{"<":{"γ":-1.6750678840897493,"b₂":-5.3084237209573075,"λ₁":-4.498781377733262,"λ₂":0.20152716670168402,"a₁":-5.054941861505029,"a₂":-0.3284628718014524,"b₁":-7.897472139859343},"^":{"γ":9.210340371976185,"b₂":9.103115111726465,"λ₁":-3.971008256863171,"λ₂":-2.1261269235437634,"a₁":-2.5788756309687138,"a₂":-8.762138770975515,"b₁":-6.103909089777531},">":{"γ":1.3804881934819289,"b₂":-0.7021476880310278,"λ₁":-4.759780816209042,"λ₂":1.1546507048223411,"a₁":0.21084212599170016,"a₂":0.5943682525185139,"b₁":-3.0697024703080764}}}}