{"params":{"P":100,"m₂":0.0,"b₁":9995.515110625436,"name":"m_1_k_1","seed_no":103,"M":4,"λ₁":0.001214315902333681,"a₂":0.00010017696417407153,"b₂":0.0001001902136589974,"Rs":[1,2,3,4,5],"T_max":1000,"m₁":0.0,"γ":2.713442096261257,"a₁":0.0001585900261624586,"λ₂":217.97957166637627,"EPOCHS":200,"tr_acc":-0.7712765318020991}}