{"params":{"P":100,"m₂":0.0,"b₁":249.3686263453148,"name":"m_1_k_3","seed_no":103,"M":4,"λ₁":3.425060314921109,"a₂":0.004054996406399277,"b₂":0.00010024516504754936,"Rs":[1,2,3,4,5],"T_max":1000,"m₁":0.0,"γ":0.00010051822879664755,"a₁":0.02488597862513235,"λ₂":120.03316943753515,"EPOCHS":200,"tr_acc":-0.825121985348217}}