{"params":{"P":100,"m₂":0.0,"b₁":0.2590539959915298,"name":"m_1_k_2","seed_no":103,"M":4,"λ₁":0.022623073072717367,"a₂":0.00014799994004186627,"b₂":0.0010294338273086575,"Rs":[1,2,3,4,5],"T_max":1000,"m₁":0.0,"γ":13.446840550186227,"a₁":83.66125863463331,"λ₂":0.08234663001700107,"EPOCHS":200,"tr_acc":-0.8324710735134758}}