{"params":{"P":100,"m₂":0.0,"b₁":10000.000000000025,"name":"m_1_k_3","seed_no":108,"M":4,"λ₁":0.00010006060568742579,"a₂":0.02127136640598698,"b₂":10000.000000000025,"Rs":[1,2,3,4,5],"T_max":1000,"m₁":0.0,"γ":0.0001000987414563301,"a₁":0.00010001008200809838,"λ₂":9965.41816536615,"EPOCHS":200,"tr_acc":-0.7737617189561856}}