{"params":{"P":100,"m₂":0.0,"b₁":9995.195721868931,"name":"m_1_k_2","seed_no":108,"M":4,"λ₁":49.69921099154011,"a₂":0.06192010508878889,"b₂":11.901540218688325,"Rs":[1,2,3,4,5],"T_max":1000,"m₁":0.0,"γ":0.06289948946471739,"a₁":0.00010017903655914137,"λ₂":0.2098741809216524,"EPOCHS":200,"tr_acc":-0.9251239028450363}}