{"params":{"P":100,"m₂":0.0,"b₁":4.852377312486867,"name":"m_1_k_1","seed_no":108,"M":4,"λ₁":0.4512897421129063,"a₂":0.00010000000000000009,"b₂":0.00010021444600103305,"Rs":[1,2,3,4,5],"T_max":1000,"m₁":0.0,"γ":9997.704900869036,"a₁":0.00010019703340056533,"λ₂":186.24414764130725,"EPOCHS":200,"tr_acc":-0.8009850833770272}}