{"likelihoods":{"pair0057":{"<":504.25396263224064,"^":501.98007158335093,">":504.3531621631973}}}