{"parameters":{"pair0057":{"<":{"γ":0.5517117016775828,"b₂":-0.30352527755628955,"λ₁":-0.9623698684654496,"λ₂":0.5248479703934841,"a₁":2.011523601730099,"a₂":0.18152916081987058,"b₁":0.6664591246526648},"^":{"γ":7.7595649018741675,"b₂":13.808356551327943,"λ₁":-0.649875206537919,"λ₂":-0.22453874387248085,"a₁":0.4905367099777749,"a₂":-13.815510557964274,"b₁":-0.8410098572550062},">":{"γ":13.282487648316373,"b₂":-0.009560449178650288,"λ₁":-0.48895796795376256,"λ₂":0.07035685326593466,"a₁":0.03889568459590009,"a₂":0.002619525898520436,"b₁":0.05663626149523715}}}}