{"likelihoods":{"pair0056":{"<":514.5405667785866,"^":501.4288092303827,">":490.937200319698}}}