{"parameters":{"pair0056":{"<":{"γ":0.9078420160113136,"b₂":-6.72914248216943,"λ₁":5.7113667678220885,"λ₂":-2.617607902366389,"a₁":-4.660679863929316,"a₂":-2.248523151031737,"b₁":-4.188254682129898},"^":{"γ":0.26812840804926275,"b₂":0.04325521908601182,"λ₁":-0.08448876401244654,"λ₂":-0.03159840596811314,"a₁":0.03371396034493479,"a₂":0.006458253911533873,"b₁":0.001452623283908494},">":{"γ":12.30179449844633,"b₂":-0.748637992239999,"λ₁":-0.1138764343485903,"λ₂":1.013705766457882,"a₁":0.702127949783101,"a₂":0.22918949032146863,"b₁":-1.0218780297974117}}}}