{"likelihoods":{"pair0012":{"4":{"<":11347.389674304579,"^":11440.388378678374,">":11360.247946665555},"2":{"<":12319.356476497389,"^":12643.61833038501,">":12319.356476496632},"3":{"<":11639.285311450349,"^":11861.041851561948,">":11638.152125223714},"5":{"<":11181.140716876958,"^":11225.162813794748,">":11216.542492388531},"1":{"<":13947.185388283468,"^":14195.673300280157,">":13952.457616717289}},"pair0015":{"4":{"<":815.9303521435609,"^":821.0645501584315,">":817.193062138443},"2":{"<":805.4490082951355,"^":901.0633703672486,">":803.5876480855663},"3":{"<":820.1429325187727,"^":841.8104082329379,">":813.4564371483533},"5":{"<":825.9185461215309,"^":859.3962791381726,">":812.0851047790103},"1":{"<":885.6759666473073,"^":1111.4483976860918,">":887.8668307306255}},"pair0017":{"4":{"<":4058.782953623641,"^":4015.7806976108477,">":4146.376966700909},"2":{"<":6499.128212625061,"^":6514.58817810417,">":6504.34188377617},"3":{"<":4637.303677243767,"^":4631.927080599637,">":4640.063951374764},"5":{"<":3661.155029839847,"^":3543.61512513043,">":3703.891138818109},"1":{"<":14137.910684299064,"^":14197.399817283338,">":14134.9928620185}},"pair0016":{"4":{"<":941.5121290878383,"^":950.4343859944905,">":933.7751905532945},"2":{"<":935.306336900668,"^":0.0,">":934.2492895068257},"3":{"<":1009.1114520474378,"^":950.3869462354572,">":939.2013985827689},"5":{"<":947.6640157966465,"^":951.6364714914843,">":914.5183972998931},"1":{"<":1001.8271420793055,"^":1111.4471530816677,">":1001.1564992277528}},"pair0020":{"4":{"<":894.0966919118325,"^":0.0,">":861.2610271495836},"2":{"<":878.2519189365659,"^":906.8986414284898,">":878.6012981914095},"3":{"<":847.3715914418138,"^":885.8729714708455,">":858.4678137850377},"5":{"<":869.248243271167,"^":853.555516490198,">":865.9150128829936},"1":{"<":978.9669167992652,"^":998.5975529820248,">":980.8445844514633}},"pair0011":{"4":{"<":9912.351103366178,"^":10068.56202473115,">":9907.011740313417},"2":{"<":10346.580327693426,"^":10893.597426205848,">":10346.063152858957},"3":{"<":9955.813217087769,"^":10332.144686802683,">":9955.184938916042},"5":{"<":9824.558363530878,"^":9917.0087448087,">":9845.200290682767},"1":{"<":10925.053811922191,"^":11860.571552366728,">":10921.777811247313}},"pair0013":{"4":{"<":749.9707954311885,"^":734.4313821318472,">":756.2715978933364},"2":{"<":747.293998148479,"^":820.2277857044079,">":758.9671669857235},"3":{"<":730.7890713351832,"^":767.2091400608883,">":742.6875218267321},"5":{"<":770.1941826574784,"^":730.207368837498,">":734.1717882142128},"1":{"<":903.4554157879433,"^":1111.4474151399475,">":904.6130555070441}},"pair0018":{"4":{"<":565.1813652826442,"^":545.0361402345441,">":594.9876694041382},"2":{"<":549.273443125609,"^":645.5919569864575,">":556.7537104949023},"3":{"<":535.169477496821,"^":600.3362725694052,">":576.3890527164779},"5":{"<":535.1315158691335,"^":544.770166578216,">":596.0809604622112},"1":{"<":721.8901382154322,"^":895.5134836352368,">":719.1779698114456}},"pair0019":{"4":{"<":332.5663375052134,"^":323.0436417444572,">":320.8700261749537},"2":{"<":333.63251055567633,"^":330.30761382767827,">":333.792737758239},"3":{"<":319.17845445563734,"^":331.78948310218016,">":329.5714253750144},"5":{"<":347.9134498165757,"^":323.1951730789836,">":330.53904638044907},"1":{"<":417.65658960698835,"^":549.5484416108486,">":420.747919708709}},"pair0014":{"4":{"<":803.565152548234,"^":832.627130708725,">":816.3115752654747},"2":{"<":802.5366424949802,"^":907.7427427877334,">":798.3503322260271},"3":{"<":806.4075080565242,"^":824.4946089661271,">":813.0806395160043},"5":{"<":812.6804881551634,"^":835.1688655368409,">":811.8233631015786},"1":{"<":906.1504254902472,"^":1118.0680846963219,">":0.0}}}}