{"likelihoods":{"pair0076":{"<":730.8239119319837,"^":779.2412010433484,">":728.4528388794084},"pair0085":{"<":2563.867051749463,"^":2570.8715927274798,">":2694.8481793372166},"pair0080":{"<":1292.7580488570306,"^":1286.2641327966833,">":1283.2900685557415},"pair0082":{"<":824.7239751612132,"^":812.6177692795285,">":834.6227504047749},"pair0077":{"<":2393.2609766637843,"^":2387.629626341789,">":2399.459810171048},"pair0078":{"<":1287.6941872958628,"^":1390.7898489630259,">":1279.5203176749906},"pair0079":{"<":1441.5026525840617,"^":1479.6547410253977,">":1453.0733862900977},"pair0083":{"<":672.6354486758623,"^":675.7686490581979,">":677.0523901481693},"pair0084":{"<":496.01401105127843,"^":1662.4542840821998,">":485.8834028472214},"pair0081":{"<":917.5291388107635,"^":917.5758142958587,">":907.0649977694173}}}