{"parameters":{"pair0076":{"<":{"γ":-1.0515004751966117,"b₂":-4.729626809697939,"λ₁":2.377277477922826,"λ₂":0.15865394707297042,"a₁":0.7055115868023769,"a₂":0.04919364248360125,"b₁":0.24200427221978593},"^":{"γ":1.3989264221684579,"b₂":9.131639247676526,"λ₁":-2.0676044256713713,"λ₂":-0.4981952640539049,"a₁":-2.483915243374814,"a₂":2.0309597854567603,"b₁":-7.988297392572464},">":{"γ":-2.122634463793518,"b₂":-0.13856338155806647,"λ₁":9.210320260538767,"λ₂":-0.6515403905509434,"a₁":-0.9723217955687549,"a₂":1.0211190390098785,"b₁":-2.8298657657549713}},"pair0085":{"<":{"γ":-9.208661122501788,"b₂":-9.208510538271389,"λ₁":9.209920648120127,"λ₂":-9.208555764284649,"a₁":0.47673486578255186,"a₂":1.745055321615295,"b₁":-9.208500377401256},"^":{"γ":-9.210340371976182,"b₂":9.210340371976182,"λ₁":-9.210340371976182,"λ₂":-9.210340371976182,"a₁":-6.212798408717886,"a₂":9.210340371976185,"b₁":-9.210340371976182},">":{"γ":-0.8575052635326639,"b₂":-3.8572612279590777,"λ₁":3.1256778743745866,"λ₂":-1.816831092142916,"a₁":-0.6628938088100469,"a₂":-1.6427091757947334,"b₁":-1.1272657453585548}},"pair0080":{"<":{"γ":0.5939056892554238,"b₂":-5.591238373750688,"λ₁":-5.386044973378693,"λ₂":-3.187368885766955,"a₁":-1.0743092158791825,"a₂":-3.13423995696822,"b₁":-9.167099128262002},"^":{"γ":1.130518677108462,"b₂":-1.5056244380166426,"λ₁":-2.9885722703691036,"λ₂":-7.493136055029297,"a₁":-0.8557116616310623,"a₂":-9.205162259498646,"b₁":-9.208893506505158},">":{"γ":0.9283401240719193,"b₂":0.006613101077117989,"λ₁":-6.652608012036628,"λ₂":0.15656559650580526,"a₁":-0.1023896326846021,"a₂":1.902745830153135,"b₁":-7.784063251324495}},"pair0082":{"<":{"γ":0.028359127798081474,"b₂":0.8117118608828626,"λ₁":-1.9199988511934967,"λ₂":0.01871860584709495,"a₁":-0.7343686822857922,"a₂":1.3479615128054565,"b₁":-9.1674662603294},"^":{"γ":8.06691155331106,"b₂":-4.358860112828406,"λ₁":-2.7360756600341336,"λ₂":-2.8667377310169533,"a₁":-1.6112598079836866,"a₂":-9.208536909241719,"b₁":-3.9371248558223035},">":{"γ":0.015480052747898654,"b₂":-4.285230775192415,"λ₁":0.3008853179137052,"λ₂":-0.005960492007261564,"a₁":0.020530200788165587,"a₂":0.02472135042310697,"b₁":0.003932273652530682}},"pair0077":{"<":{"γ":3.575201542239709,"b₂":-0.7383448437654945,"λ₁":-2.9910632633448513,"λ₂":1.7091759961664188,"a₁":0.3200142343338488,"a₂":0.054692075991647826,"b₁":-2.512301623762027},"^":{"γ":8.769166359069645,"b₂":9.197878759059718,"λ₁":-0.9902816117775703,"λ₂":-3.364608483417472,"a₁":-0.06990998020120465,"a₂":9.210340371976185,"b₁":-2.3202094586622115},">":{"γ":1.611642879448631,"b₂":0.1367521857891454,"λ₁":-4.509365992959669,"λ₂":-0.0014966971700900444,"a₁":0.19531578669661087,"a₂":-0.04906049868501228,"b₁":-3.2607243197000804}},"pair0078":{"<":{"γ":9.20400769444902,"b₂":-4.434896397911123,"λ₁":-1.3809707505144457,"λ₂":-1.965453030096037,"a₁":-2.718498926015143,"a₂":-2.424660565905552,"b₁":-5.225453023293097},"^":{"γ":-0.6503611324990413,"b₂":9.210340371976185,"λ₁":-5.675784653072585,"λ₂":-9.210340371976182,"a₁":-4.0828033571103,"a₂":9.210340371976182,"b₁":-9.210340371976182},">":{"γ":9.210340371976185,"b₂":-9.209572156290639,"λ₁":0.3986623355550307,"λ₂":-2.334240369718704,"a₁":0.2635745194620167,"a₂":-2.862309315215147,"b₁":-1.7742427242544547}},"pair0079":{"<":{"γ":0.09261566720292436,"b₂":-2.406119940644161,"λ₁":-0.9580822537315896,"λ₂":-0.5878832982914091,"a₁":-0.07801131724380106,"a₂":0.02100859241603814,"b₁":-1.2179414584503654},"^":{"γ":1.8811511900167108,"b₂":-7.053868487937035,"λ₁":-3.898318904365172,"λ₂":-2.5511850232573234,"a₁":-0.5389873264974057,"a₂":-9.073308569053612,"b₁":-3.3042000061899364},">":{"γ":0.15241140091142213,"b₂":-3.4801395706851856,"λ₁":0.0350289340843144,"λ₂":-0.20607640253744464,"a₁":-1.1212620065487613,"a₂":-1.332394660472037,"b₁":-0.09686862181427891}},"pair0083":{"<":{"γ":3.861152478617436,"b₂":-5.974967942951352,"λ₁":-2.8583357846889657,"λ₂":-0.25799422247121306,"a₁":-2.997399880186844,"a₂":-2.188185112258595,"b₁":-7.626706859045045},"^":{"γ":8.328843610245118,"b₂":-9.204802670271858,"λ₁":-2.0121132799660018,"λ₂":-4.264027412309435,"a₁":-1.0114216960140894,"a₂":9.194379254715196,"b₁":-5.277135480826411},">":{"γ":1.6109705226415088,"b₂":-1.4639043177218731,"λ₁":-3.190317566823068,"λ₂":-1.0505868011270536,"a₁":0.12395237419494265,"a₂":-0.02138776783135299,"b₁":-0.9735944578855413}},"pair0084":{"<":{"γ":7.295367067652917,"b₂":-4.813460778962924,"λ₁":9.001297239598953,"λ₂":-3.8808681095060686,"a₁":-3.599799251819106,"a₂":0.5019366771482581,"b₁":-8.815428100286194},"^":{"γ":9.210340371976185,"b₂":-9.19483191290143,"λ₁":-1.8324382673593913,"λ₂":-1.509717446585701,"a₁":-0.6736166907479983,"a₂":-9.205768627794802,"b₁":-3.7039642075786103},">":{"γ":-1.708477073614442,"b₂":-8.046312296973333,"λ₁":1.9319952324087595,"λ₂":-2.9459885433877506,"a₁":-0.31521691611195735,"a₂":-2.165116543578402,"b₁":-1.8751427926181963}},"pair0081":{"<":{"γ":1.7763568394002505e-15,"b₂":1.7763568394002505e-15,"λ₁":1.7763568394002505e-15,"λ₂":1.7763568394002505e-15,"a₁":1.7763568394002505e-15,"a₂":1.7763568394002505e-15,"b₁":1.7763568394002505e-15},"^":{"γ":0.5298593633138058,"b₂":-0.08144672806388797,"λ₁":-0.35431224021481356,"λ₂":-0.31884249348479976,"a₁":0.3856162581374374,"a₂":0.35914800402690084,"b₁":-0.7542589734290086},">":{"γ":0.49383442561580004,"b₂":-0.8423805052411986,"λ₁":4.843084240792052,"λ₂":0.719336023578343,"a₁":-0.03778662116893905,"a₂":-0.1280866112808674,"b₁":-0.07313614576664662}}}}