{"likelihoods":{"pair0087":{"4":{"<":-923.3452665034149,"^":-681.7501131723368,">":-727.9613777799211},"2":{"<":-782.0145122615323,"^":-804.0204323497078,">":-785.6153655585455},"3":{"<":-906.7409863692563,"^":-966.1983174396693,">":-895.8859533285383},"5":{"<":-677.9431502544531,"^":-512.7682676519671,">":-702.2349412133403},"1":{"<":2810.6114180499017,"^":2848.396012638328,">":2811.033993157793}},"pair0090":{"4":{"<":356.1928794079062,"^":363.08652535802236,">":358.5972855673296},"2":{"<":356.1312816706932,"^":360.63331599250444,">":356.1675519032518},"3":{"<":363.03125448044136,"^":362.47203437487553,">":355.43710410824315},"5":{"<":362.0819768889029,"^":369.35681173508954,">":356.24288182755123},"1":{"<":353.3671301085472,"^":360.18262750607164,">":355.72809235661356}},"pair0095":{"4":{"<":2537.2028719817836,"^":2569.24645948879,">":2537.8331457526215},"2":{"<":2663.1481947818743,"^":2738.013757646909,">":2670.7171927485274},"3":{"<":2576.1696383997887,"^":2620.4195392388287,">":2573.3101612689356},"5":{"<":2549.761572501646,"^":2571.6045132966256,">":2543.535475545761},"1":{"<":2820.4048132199864,"^":2842.636484591925,">":2824.1268658058234}},"pair0094":{"4":{"<":2678.519779681373,"^":2719.808821374602,">":2681.5516773269537},"2":{"<":0.0,"^":2780.2213291248772,">":2751.148456662362},"3":{"<":2706.7973744622755,"^":2728.497390197824,">":2700.9768927869623},"5":{"<":2676.670965174826,"^":2700.877906444895,">":2686.541517209538},"1":{"<":2828.6348474625333,"^":2844.3700862109304,">":2832.7479534636727}},"pair0080":{"4":{"<":1349.4266800537725,"^":1309.2540489208322,">":1335.881205901284},"2":{"<":1384.151652360828,"^":1533.3578703868993,">":1422.0123632147793},"3":{"<":1318.130253401346,"^":1421.2951487153425,">":1325.8909060381113},"5":{"<":1336.4156465985784,"^":1285.6015306140744,">":1357.7839099564956},"1":{"<":1898.7003931613654,"^":2054.45726815553,">":1898.050414013893}},"pair0083":{"4":{"<":671.4498888194489,"^":703.6739703234512,">":678.9169453276572},"2":{"<":695.5176183762421,"^":772.5366581860411,">":677.3819546018548},"3":{"<":670.141660222175,"^":710.5691968587001,">":744.5023345789463},"5":{"<":685.6903576623317,"^":715.6816955933992,">":697.5173011232084},"1":{"<":788.1197905230773,"^":1040.9410580499525,">":788.1487021097292}},"pair0088":{"4":{"<":667.0359136730331,"^":664.8971880241928,">":671.7054216347136},"2":{"<":659.9033890129215,"^":666.0648577027498,">":660.9048296540712},"3":{"<":664.8627809663226,"^":662.7380818124997,">":668.6642869283983},"5":{"<":0.0,"^":680.2636058626755,">":672.588042870706},"1":{"<":710.6377439632738,"^":745.6191724568444,">":710.8986338091534}},"pair0100":{"4":{"<":546.9546619096424,"^":551.4133076933911,">":534.4879081270699},"2":{"<":525.9481483329113,"^":550.5807500110215,">":525.599581424712},"3":{"<":531.2731965914779,"^":536.6160272046769,">":530.2747338245114},"5":{"<":540.605805534842,"^":537.2283414448654,">":531.506365588654},"1":{"<":526.7924814864122,"^":0.0,">":530.4824888040934}},"pair0084":{"4":{"<":547.2828456971424,"^":1880.3644019225874,">":559.3030804436111},"2":{"<":544.5417877316894,"^":2514.2993580917673,">":539.8224184433499},"3":{"<":548.6481896468837,"^":2151.4521051496536,">":549.8877666967248},"5":{"<":582.7814332857265,"^":1692.339845474524,">":567.602246240227},"1":{"<":572.7806229696956,"^":2843.753357060419,">":572.8279645981617}},"pair0099":{"4":{"<":2729.2249711411328,"^":2183.2447723962614,">":2593.3689798954047},"2":{"<":2734.1079561170277,"^":2731.823254891091,">":2741.610006851631},"3":{"<":2731.6061962459403,"^":2188.299242667629,">":2726.634928610323},"5":{"<":2174.507733899335,"^":2203.554593674108,">":2161.296442336871},"1":{"<":2785.6193931920816,"^":2842.452958852299,">":2784.4278288933097}},"pair0085":{"4":{"<":2655.0682442658053,"^":2661.946558833176,">":2686.426718433821},"2":{"<":2700.9072146221906,"^":2735.134923362369,">":2696.272647430775},"3":{"<":2672.156502679763,"^":2695.773912386794,">":2687.9585814920692},"5":{"<":2494.5297405583106,"^":2485.8212532528573,">":2487.0486297218827},"1":{"<":2769.2954689794074,"^":2826.6874515169584,">":2768.630668517155}},"pair0097":{"4":{"<":570.8938999662363,"^":572.2889538788585,">":569.1553246188314},"2":{"<":0.0,"^":573.5531518888745,">":578.7044314258537},"3":{"<":575.0853317860367,"^":572.2880855249589,">":576.884247733169},"5":{"<":552.8215038210823,"^":577.6056417167878,">":573.7245681647136},"1":{"<":564.2602366078685,"^":579.5779501402927,">":567.9981582049893}},"pair0081":{"4":{"<":912.2954505996014,"^":918.3317170986173,">":914.575273119617},"2":{"<":909.3212508584398,"^":0.0,">":909.5273788094753},"3":{"<":912.444200873539,"^":932.0713152800714,">":907.924817026845},"5":{"<":919.7718094508642,"^":924.4981395484863,">":909.8652384666495},"1":{"<":923.4050653175398,"^":1043.0503040009303,">":0.0}},"pair0098":{"4":{"<":0.0,"^":191.18601573604175,">":167.81357682628044},"2":{"<":151.38155583938448,"^":0.0,">":152.80134068119946},"3":{"<":152.5139102137298,"^":202.89965379628697,">":151.58734276757076},"5":{"<":0.0,"^":202.78909716375557,">":0.0},"1":{"<":154.6120411758564,"^":270.5821448209179,">":152.03406751796007}},"pair0096":{"4":{"<":2383.862386244402,"^":2423.4678506644946,">":2390.780540309064},"2":{"<":2461.837372977793,"^":2592.0132050942125,">":2470.6534108076576},"3":{"<":2387.4405244670406,"^":2480.196831071778,">":2384.149669096529},"5":{"<":2393.4327436077924,"^":2401.3624318581137,">":2402.52059106541},"1":{"<":2662.301796251952,"^":2841.4158017939103,">":0.0}},"pair0082":{"4":{"<":833.3975359433294,"^":0.0,">":840.5780060386561},"2":{"<":826.0980952396676,"^":859.4431553141818,">":834.3039731650124},"3":{"<":813.3254863624265,"^":809.3397290687083,">":819.9260133080028},"5":{"<":834.1148251784261,"^":832.8179009162329,">":828.4638589449474},"1":{"<":894.1445561084821,"^":1040.8704348891279,">":893.8637701553598}},"pair0092":{"4":{"<":285.72584166824123,"^":316.42332936124996,">":0.0},"2":{"<":305.3738189755414,"^":326.24889316685574,">":305.34242002736283},"3":{"<":0.0,"^":287.2057502344228,">":289.5042439129575},"5":{"<":0.0,"^":311.8591863456677,">":0.0},"1":{"<":318.9705734645915,"^":430.05332211592804,">":318.44945144451134}},"pair0093":{"4":{"<":821.5452663124297,"^":879.5726941705327,">":828.393255795715},"2":{"<":823.8293165213705,"^":1066.2063979513973,">":821.4117580851096},"3":{"<":819.8911093625057,"^":960.3274515694999,">":815.6463443539445},"5":{"<":835.5558230108163,"^":858.8828645951737,">":840.2425728117847},"1":{"<":879.1515993578813,"^":1228.0928190946709,">":876.5162410186001}},"pair0089":{"4":{"<":356.09541550563995,"^":359.5001672182161,">":0.0},"2":{"<":347.3123947732383,"^":372.06647119347014,">":346.57297730565296},"3":{"<":347.1840264511843,"^":358.64388793484073,">":352.10860325112526},"5":{"<":358.2647636565628,"^":364.9812886500394,">":355.2143590418394},"1":{"<":349.24452946990016,"^":377.72671004607554,">":348.1331546014577}},"pair0091":{"4":{"<":335.5810482447859,"^":308.0816451161932,">":326.1721938794136},"2":{"<":307.0741237022639,"^":310.32305467753935,">":303.7111493920311},"3":{"<":314.5317795618164,"^":311.4071410269797,">":330.7677180566503},"5":{"<":313.808450891924,"^":314.62366285769826,">":0.0},"1":{"<":0.0,"^":428.9300211536011,">":362.7805024165431}},"pair0086":{"4":{"<":1607.0927230396126,"^":1637.5848175400238,">":1607.312128803239},"2":{"<":1637.7600309742413,"^":0.0,">":0.0},"3":{"<":1615.2320781567778,"^":1635.720176790954,">":1606.5077772800796},"5":{"<":1478.265997022334,"^":1631.2170556071053,">":1621.547916842837},"1":{"<":1712.4032444115326,"^":1896.9469132408003,">":1715.0828786586387}}}}