{"likelihoods":{"pair0085":{"4":{"<":2703.626045924506,"^":2525.6426488346738,">":2695.9206103716238},"2":{"<":2721.24606920754,"^":2731.697795190616,">":2695.018770307583},"3":{"<":2689.9226879663825,"^":2679.9715151683617,">":2676.2375034986935},"5":{"<":2668.329165806276,"^":2496.6358728599607,">":2564.3145917854595},"1":{"<":2804.177428220022,"^":2832.9002857363885,">":2766.851866423125}},"pair0080":{"4":{"<":1298.0720614582658,"^":1330.4250885392194,">":1359.3176770260782},"2":{"<":1388.3534654283162,"^":1531.3522442767667,">":1383.8792300807838},"3":{"<":1304.6369942517981,"^":1405.4445197839802,">":1302.8448025383523},"5":{"<":1311.880796153076,"^":1335.0791856334783,">":1371.6672857624858},"1":{"<":1783.9892297914553,"^":2051.397715934551,">":1897.1547349936197}},"pair0082":{"4":{"<":836.6250612568012,"^":827.5754081671864,">":834.2300564317885},"2":{"<":818.1102463735803,"^":855.2624047729521,">":824.0375723243627},"3":{"<":820.1592033248239,"^":807.6738884371754,">":815.1868630742315},"5":{"<":844.2149894414476,"^":814.0228847630158,">":827.2127991530512},"1":{"<":882.2912299957685,"^":1040.685035612576,">":893.6428048114221}},"pair0083":{"4":{"<":679.1438338589063,"^":683.1012845210962,">":676.3121984424025},"2":{"<":672.0444648958517,"^":779.2376030388003,">":685.7417357272727},"3":{"<":666.9319848089805,"^":722.50994442788,">":673.0776715161387},"5":{"<":700.1971282528654,"^":700.2018935499287,">":694.4537300423531},"1":{"<":799.473769321468,"^":1040.4072707526357,">":787.0402351296206}},"pair0078":{"4":{"<":1280.2733789947838,"^":1410.7037866467242,">":1313.157101905472},"2":{"<":1331.6534909430688,"^":1647.9418013454376,">":1295.4651812509846},"3":{"<":1285.7358868054669,"^":1493.0500806912453,">":1284.7215464764042},"5":{"<":1299.2563496443781,"^":1366.2998828736188,">":1286.0895962136726},"1":{"<":1675.8407681464535,"^":2051.2719936140766,">":1506.033973953539}},"pair0079":{"4":{"<":1446.3265241639965,"^":1500.1510663658717,">":1473.5846810025694},"2":{"<":1463.0671261794125,"^":1731.954282109182,">":1472.107524831801},"3":{"<":1444.6251473443758,"^":1582.4457573358227,">":1461.5246397711724},"5":{"<":1451.8164112197362,"^":1492.2348743611055,">":1475.5234931901539},"1":{"<":1547.4694499180555,"^":2050.7519615961937,">":1628.499152592025}},"pair0084":{"4":{"<":455.49295656008013,"^":1863.1950498743493,">":491.800973907826},"2":{"<":455.7500687755339,"^":2456.89052757506,">":466.37717646350046},"3":{"<":515.2594832752778,"^":2139.4613839605036,">":486.4429964256641},"5":{"<":504.7777213315349,"^":1648.2468629280372,">":488.8380820417209},"1":{"<":508.9289561357431,"^":2843.445926193175,">":513.0299983694317}},"pair0081":{"4":{"<":915.8148940763912,"^":920.0084798658644,">":916.7872847363426},"2":{"<":917.1111953862752,"^":940.7050499370366,">":905.6746149245821},"3":{"<":916.8869920121011,"^":927.4039202997945,">":911.8199184370228},"5":{"<":911.1322465498473,"^":921.6651965077276,">":916.5033047992985},"1":{"<":913.8658036566026,"^":1039.7811850875803,">":923.3463241251679}}}}