{"likelihoods":{"pair0061":{"<":518.470953689284,"^":517.3157049472032,">":518.4998983781661},"pair0060":{"<":520.6484536575103,"^":512.6754095168272,">":515.6891864842615},"pair0062":{"<":516.9330374949591,"^":516.5824786716885,">":514.7363686920655},"pair0063":{"<":513.9320179273019,"^":513.3276291867734,">":516.3115147088333},"pair0064":{"<":276.71119497524967,"^":238.06126210577,">":242.13991499470606}}}