{"likelihoods":{"pair0004":{"<":885.6280126801252,"^":893.970870402946,">":896.9846742774606}}}