{"parameters":{"pair0004":{"<":{"γ":3.1448252308355293,"b₂":-3.30328120758735,"λ₁":0.008746070558640184,"λ₂":-1.2664920357901082,"a₁":-0.06019785351203133,"a₂":0.2289390688216546,"b₁":-1.57720783108436},"^":{"γ":-0.35608620019449866,"b₂":13.81551055796427,"λ₁":-2.571196816274588,"λ₂":13.815510557964274,"a₁":-2.0145654296304176,"a₂":13.81551055796427,"b₁":-8.104595105494678},">":{"γ":-1.6587010632032229,"b₂":-5.28313468084866,"λ₁":-2.322277825602825,"λ₂":1.6072892906262872,"a₁":-0.3878711771972174,"a₂":-2.6252423767183295,"b₁":-5.403693974061184}}}}