{"likelihoods":{"pair0046":{"<":1470.0756193776256,"^":1540.725895053578,">":1497.4337994439393},"pair0049":{"<":907.5257447443437,"^":907.0227756104732,">":908.7764895719473},"pair0050":{"<":912.7143154116608,"^":920.0954964172796,">":911.9742223528822},"pair0047":{"<":-805.5135711686137,"^":-717.6076129679024,">":-691.8928871738718},"pair0048":{"<":455.05966394001075,"^":450.38120751150734,">":451.3774933816995}}}