{"parameters":{"pair0046":{"<":{"γ":0.7342858041032088,"b₂":-1.7642426199933574,"λ₁":-2.7197862906514088,"λ₂":-1.108319002108889,"a₁":-3.886755149362835,"a₂":1.3560490384849189,"b₁":-8.762438583328477},"^":{"γ":0.3336900589750531,"b₂":-0.7110857793731036,"λ₁":-2.9530286673714805,"λ₂":-6.5864815724814,"a₁":0.8650302910320011,"a₂":-1.4702702311868112,"b₁":-3.5777287988072537},">":{"γ":-1.3766706701843265,"b₂":-2.5253225533764985,"λ₁":-2.641518336832484,"λ₂":-0.23148846698839343,"a₁":-0.2991700826189092,"a₂":-0.7377953141852291,"b₁":-1.696170624871896}},"pair0049":{"<":{"γ":0.6164491055673835,"b₂":-3.6108089731314976,"λ₁":-0.49315670807082057,"λ₂":1.2194490321626468,"a₁":0.923505063848312,"a₂":-0.2581052627639533,"b₁":0.41578007357184354},"^":{"γ":7.671810982649641,"b₂":9.204530532021925,"λ₁":-1.1016935658580351,"λ₂":-1.9462758299221257,"a₁":1.152605637110712,"a₂":-9.206629152568127,"b₁":-0.322208058752544},">":{"γ":-0.3411284175543603,"b₂":-0.9363390658235584,"λ₁":-0.37146889748456857,"λ₂":-0.03656278598661622,"a₁":0.030684447930886094,"a₂":-0.4194398218588411,"b₁":0.20179541706110626}},"pair0050":{"<":{"γ":3.1340497089874617,"b₂":5.3906657009894285,"λ₁":0.4691244823573797,"λ₂":-1.0845296575563221,"a₁":0.9942394175418858,"a₂":6.727842794100932,"b₁":0.01005630137485447},"^":{"γ":0.430625663648355,"b₂":-0.1419941924335557,"λ₁":-2.120511220883629,"λ₂":-2.331011922743217,"a₁":0.042051414396841125,"a₂":2.80779785844938,"b₁":-1.6859592844062687},">":{"γ":0.34339803170732,"b₂":-1.0107834140903158,"λ₁":0.4322239163436947,"λ₂":-0.051846693031787794,"a₁":-0.08217074981313743,"a₂":-0.1106117531365669,"b₁":0.2356533593998975}},"pair0047":{"<":{"γ":9.210340371976185,"b₂":-9.210340371976182,"λ₁":-3.9331862837655738,"λ₂":-9.210340371976182,"a₁":-9.210340371976182,"a₂":4.193891643711087,"b₁":-0.6290083716582071},"^":{"γ":2.411077968341484,"b₂":2.0970486732427442,"λ₁":9.171006646366374,"λ₂":-9.210083374691688,"a₁":0.6088942052482142,"a₂":4.874524076621,"b₁":-9.210314764610164},">":{"γ":9.20994380815196,"b₂":-9.210244228539917,"λ₁":-2.975887432974835,"λ₂":-9.210340371976182,"a₁":2.242379443159587,"a₂":-2.876996298323176,"b₁":1.8973915156354}},"pair0048":{"<":{"γ":1.5520635460541747,"b₂":-4.818978489944039,"λ₁":6.07050823108489,"λ₂":-1.4027639927452258,"a₁":-4.064612857442817,"a₂":-1.0752987228925228,"b₁":-4.538323055065224},"^":{"γ":8.13461782469991,"b₂":-0.43340069435368456,"λ₁":-0.5178717828462123,"λ₂":-1.6271996103377022,"a₁":0.20493973806377141,"a₂":-1.073440122758722,"b₁":-1.4888077758933775},">":{"γ":0.7785525285444681,"b₂":-1.3774791869798966,"λ₁":0.09883704530578541,"λ₂":-0.02478861816204514,"a₁":-0.03334261262761906,"a₂":0.40964820062052354,"b₁":-1.0209790747231118}}}}