{"likelihoods":{"pair0095":{"<":2596.5922274584527,">":2579.836493111051,"^":2579.6713619553902},"pair0027":{"<":-1936.5157104257094,">":-2051.786664496575,"^":-2023.021900811853},"pair0007":{"<":1695.1643863194208,">":2187.454723103497,"^":2386.779245197643},"pair0084":{"<":529.3688298836416,">":513.0941760675298,"^":1680.497566774623},"pair0064":{"<":256.9438997248924,">":309.7413443471175,"^":186.5613698151499},"pair0058":{"<":501.34557572893397,">":503.10093615609827,"^":505.0569057106764},"pair0062":{"<":513.5683518646291,">":518.1046248586966,"^":517.5304762860607},"pair0034":{"<":387.5996203985547,">":41.48229201422661,"^":74.32907219457961},"pair0085":{"<":2530.0913781370186,">":2650.8876142439212,"^":2389.552920400609},"pair0051":{"<":0.0,">":1005.9023383577666,"^":1022.0463200175324},"pair0031":{"<":2815.3771238626105,">":2823.463814937067,"^":2792.1221688296982},"pair0079":{"<":1452.9653220553498,">":1462.602771542261,"^":1491.970203794603},"pair0018":{"<":517.7056775807864,">":566.6344664944629,"^":538.8896380443299},"pair0068":{"<":-1364.7169433484796,">":-1953.0817751537438,"^":-1431.045055291025},"pair0039":{"<":923.9846841391616,">":917.0915536300968,"^":907.1823610580055},"pair0006":{"<":2031.4196699806591,">":2370.897711742802,"^":2366.838024821819},"pair0056":{"<":514.5405667785866,">":490.937200319698,"^":501.4288092303827},"pair0041":{"<":1957.6688227742645,">":1945.4492759215411,"^":1918.9524488165782},"pair0032":{"<":1636.7172242693628,">":-1409.506441150859,"^":-969.9705504961862},"pair0015":{"<":821.9095152863404,">":801.9513051414084,"^":808.5901594700931},"pair0060":{"<":521.107142260123,">":515.7431764043549,"^":516.3265846156121},"pair0036":{"<":207.90065141570042,">":424.21403774298454,"^":147.5875889890008},"pair0017":{"<":581.357320277535,">":736.4487135637115,"^":566.2958512912397},"pair0004":{"<":885.6280126801252,">":896.9846742774606,"^":893.970870402946},"pair0026":{"<":-748.8735916454408,">":-816.4204836420432,"^":-795.1009217415218},"pair0087":{"<":-1942.7994988332557,">":-1785.7982984971527,"^":-1821.376836906164},"pair0090":{"<":358.85792171031625,">":353.32435646213924,"^":359.36351908595236},"pair0028":{"<":2602.5695066802678,">":2565.553671713077,"^":1990.6986219594796},"pair0045":{"<":1504.598479677076,">":1530.7275562087113,"^":1716.155418192583},"pair0063":{"<":512.6158362259578,">":527.5805233505862,"^":513.118509282067},"pair0088":{"<":667.8197381943871,">":662.1602246419491,"^":683.044223330144},"pair0038":{"<":1987.0241434238978,">":1927.9989514070016,"^":1931.5071253967128},"pair0099":{"<":1675.893862468952,">":1624.5271838963974,"^":1490.9158968444922},"pair0033":{"<":404.61439701034027,">":10.708662855060295,"^":106.8625240814667},"pair0046":{"<":1466.151351492174,">":1480.3949639901525,"^":1528.42487651738},"pair0077":{"<":2469.496455719912,">":2472.110952699539,"^":2443.670032115562},"pair0013":{"<":721.5954051314181,">":737.7705687588724,"^":749.0522850436021},"pair0002":{"<":694.6704842692523,">":700.3742851923779,"^":686.5592950121102},"pair0061":{"<":521.3183524826491,">":519.82266690316,"^":519.4208368047362},"pair0075":{"<":249.9436143078341,">":228.11571792371998,"^":232.10421070593833},"pair0074":{"<":302.999876632301,">":294.9607509374066,"^":262.28499523465945},"pair0035":{"<":310.2026867419186,">":222.53766222440387,"^":124.81634977254761},"pair0040":{"<":1895.8534418637057,">":1880.8697267287855,"^":1862.7859355959945},"pair0011":{"<":2130.880531797136,">":2296.452955199914,"^":2430.946369882515},"pair0014":{"<":818.6230518210579,">":846.6034277510823,"^":834.2138958597553},"pair0012":{"<":2363.998582539864,">":2354.4994885567703,"^":2347.994483629398},"pair0093":{"<":816.2801778711939,">":847.5567512096284,"^":838.860825571175},"pair0021":{"<":897.0194555263107,">":896.7342653971106,"^":0.0},"pair0022":{"<":1203.1156636827811,">":915.8578148458685,"^":1194.8008891918776},"pair0094":{"<":2623.165869889484,">":2633.8646049382573,"^":2630.437917531043},"pair0080":{"<":1322.1617312287865,">":1319.0180463323552,"^":1376.2414710727546},"pair0083":{"<":681.7555530956073,">":680.0363677797237,"^":676.8837771284458},"pair0049":{"<":927.3093653654972,">":908.5555097186275,"^":920.7597884193941},"pair0057":{"<":504.25396263224064,">":504.3531621631973,"^":501.98007158335093},"pair0047":{"<":-1274.8187705941148,">":-1241.5171802038994,"^":-174.6986674224685},"pair0048":{"<":452.6679313510957,">":451.0977532580528,"^":457.783023527718},"pair0029":{"<":-71.28441842580321,">":-80.80228025963328,"^":-66.74597664190203},"pair0097":{"<":565.2259904342109,">":570.5269158109417,"^":572.2490312772786},"pair0020":{"<":871.101980845148,">":862.3529061870491,"^":881.0756204990923},"pair0024":{"<":1252.738661994805,">":1240.6105606631504,"^":1251.317885177667},"pair0025":{"<":2657.4339159238993,">":2613.133089336502,"^":2635.4930207352695},"pair0081":{"<":913.0018865386131,">":909.8076237973522,"^":917.531936931935},"pair0098":{"<":153.8856476572224,">":150.8972335815386,"^":187.52777113828927},"pair0096":{"<":2431.0101577838464,">":2420.461316514637,"^":2429.816610633403},"pair0009":{"<":2389.252049696977,">":791.4349161569315,"^":2468.4383278182872},"pair0010":{"<":2099.141078223782,">":2463.6116904672226,"^":2492.5030339306677},"pair0001":{"<":636.2158514089444,">":630.1113014748595,"^":628.7683187014435},"pair0050":{"<":901.1161128699572,">":913.1589128867505,"^":919.4856613073571},"pair0003":{"<":916.3013643238181,">":913.5896982810176,"^":910.7454641561213},"pair0069":{"<":2613.6443753476615,">":2231.9099368418197,"^":2612.925365820661},"pair0005":{"<":1982.612791793332,">":1704.352805098092,"^":2375.2633791105327},"pair0016":{"<":936.6270137982175,">":931.5114678452144,"^":956.8812163760441},"pair0037":{"<":240.00195553271493,">":-21.31890178475685,"^":148.03539858998565},"pair0089":{"<":355.510119837743,">":347.1688078341136,"^":355.39067284295606},"pair0091":{"<":320.4356385512981,">":309.31372237243227,"^":305.2615479316437},"pair0070":{"<":-6671.193227495865,">":-6412.3393522782535,"^":-5807.136008362709},"pair0100":{"<":532.379306019264,">":529.003578818942,"^":538.6395978541965},"pair0073":{"<":364.19526218475056,">":369.6526681822588,"^":462.6318787960919},"pair0023":{"<":1203.414187877074,">":1189.7130329058964,"^":1199.992650411826},"pair0043":{"<":189.97498784325387,">":106.55495313200734,"^":960.7049765087174},"pair0042":{"<":2242.996498593233,">":2194.156143923012,"^":2223.322217226715},"pair0078":{"<":1305.514929722965,">":1285.0694722951482,"^":1352.8783025774942},"pair0067":{"<":2422.488285450363,">":2424.0187095088377,"^":2475.647209403151},"pair0065":{"<":2356.3414375419998,">":2052.8314664179684,"^":2545.982094856202},"pair0019":{"<":336.0173567238065,">":336.55683761519026,"^":323.58032146187867},"pair0076":{"<":745.416093280502,">":749.4041982143868,"^":778.5449341798941},"pair0082":{"<":817.0077369090912,">":823.7150632448081,"^":809.8307908424631},"pair0072":{"<":2630.8657549296095,">":2618.1904078592033,"^":2591.012404512608},"pair0008":{"<":1854.2887155753278,">":1138.3870085273736,"^":880.2851603488559},"pair0066":{"<":2207.7490323424536,">":2025.3043817724651,"^":2301.71484428171},"pair0092":{"<":286.5550622453367,">":304.39182397834026,"^":303.5698891640449},"pair0059":{"<":505.15227489819955,">":508.57984087599135,"^":504.1166326306691},"pair0030":{"<":2836.803852935993,">":2739.0266257021485,"^":2749.6396858307253},"pair0044":{"<":-1336.1481619665806,">":-1198.7239628503514,"^":-246.5454700778137},"pair0086":{"<":1370.6681785433148,">":1613.653779102401,"^":1625.170973295901}}}