{"likelihoods":{"pair0095":{"<":2541.017918481627,">":2536.967256964785,"^":2536.2919850840804},"pair0007":{"<":1520.2337936775305,">":2019.5316385029805,"^":2433.811513139091},"pair0027":{"<":-769.7433891136534,">":-754.8076238876855,"^":-793.4197907224465},"pair0084":{"<":496.01401105127843,">":485.8834028472214,"^":1662.4542840821998},"pair0064":{"<":273.57003302440506,">":270.61677405697634,"^":239.38395181582283},"pair0058":{"<":500.3299857509523,">":501.6561207204309,"^":505.91044426986934},"pair0062":{"<":515.0048639651368,">":514.5386343688813,"^":517.0053093602845},"pair0034":{"<":482.79287105205333,">":588.2858203400635,"^":491.3114669908751},"pair0085":{"<":2563.867051749463,">":2694.8481793372166,"^":2570.8715927274798},"pair0051":{"<":998.2446695081707,">":998.8104782756801,"^":1002.1832072842436},"pair0031":{"<":2805.3025797094497,">":2818.4091409904427,"^":2770.4014345958963},"pair0079":{"<":1441.5026525840617,">":1453.0733862900977,"^":1479.6547410253977},"pair0018":{"<":529.4581490186118,">":547.0610836544655,"^":532.196868360056},"pair0068":{"<":-2005.3551680326207,">":-1955.2311213099251,"^":-1872.4838336277796},"pair0039":{"<":920.9295263734308,">":932.5246394449313,"^":905.4135504793666},"pair0006":{"<":2029.5110881015173,">":1759.5794074877774,"^":2356.104372031191},"pair0056":{"<":500.0978072986142,">":497.8393761098837,"^":494.5322624294877},"pair0041":{"<":1974.6730630418729,">":1966.738041815988,"^":1924.096086113643},"pair0032":{"<":-519.15667694625,">":-314.1826341106229,"^":-185.2636807672176},"pair0015":{"<":801.1972476583408,">":806.3155023119679,"^":806.4532210614036},"pair0060":{"<":522.4960834074793,">":518.5116608409144,"^":515.2942294948186},"pair0036":{"<":527.1100345675002,">":491.25817387669315,"^":458.93636405194616},"pair0017":{"<":755.1743415231269,">":765.2926722398279,"^":738.4095488732403},"pair0004":{"<":914.7441935530622,">":885.628078850131,"^":892.8116969021631},"pair0026":{"<":181.68821645304618,">":232.03177207975747,"^":157.4055179511555},"pair0087":{"<":-939.0278745519151,">":-906.7340416710481,"^":-973.8066608291053},"pair0090":{"<":356.0298449791371,">":355.884457609624,"^":358.57055463006463},"pair0028":{"<":2520.511597722357,">":2617.1868077187964,"^":2335.906801397945},"pair0045":{"<":1502.3660993852698,">":1500.5374029216905,"^":1717.365515488471},"pair0063":{"<":512.1328127264959,">":514.4304657703506,"^":513.6061512354519},"pair0088":{"<":669.9673697054538,">":666.9932111176481,"^":660.5373218340293},"pair0038":{"<":1974.4847625485897,">":1969.1350045768281,"^":1925.6072496580387},"pair0099":{"<":2099.0826924751614,">":2164.703833237384,"^":2040.150224980691},"pair0033":{"<":593.3696862777734,">":595.9335669919432,"^":408.7545191788006},"pair0046":{"<":1424.9858875996126,">":1445.671056706705,"^":1469.2924353958197},"pair0077":{"<":2393.2609766637843,">":2399.459810171048,"^":2387.629626341789},"pair0013":{"<":741.3775623301352,">":732.2861747442062,"^":730.8082130888138},"pair0002":{"<":703.4438228436918,">":696.6225198978531,"^":681.3769609841481},"pair0061":{"<":520.0892446881102,">":521.3186363382176,"^":518.3515567721878},"pair0075":{"<":210.91856319424812,">":247.02887408524353,"^":248.39515548418692},"pair0074":{"<":310.46997626873366,">":298.924331559641,"^":259.2784827545697},"pair0035":{"<":490.5726653103501,">":540.555932585196,"^":436.3966242521373},"pair0040":{"<":1888.5551577662882,">":1890.034291806473,"^":1862.396700002515},"pair0011":{"<":2244.3162330134182,">":2407.1877055626364,"^":2444.2956320061317},"pair0014":{"<":813.7721526320669,">":812.3504117713233,"^":816.5145419629036},"pair0012":{"<":2464.7250637663506,">":2461.954967499199,"^":2458.9502072418954},"pair0093":{"<":809.3464630288615,">":808.9487757237615,"^":842.4847577935441},"pair0021":{"<":896.492226218369,">":897.2536116354315,"^":878.0055398839254},"pair0022":{"<":885.1163797057498,">":1182.2461274436148,"^":1000.1400633848478},"pair0094":{"<":2634.761846611559,">":2665.4047562147334,"^":2609.648192612104},"pair0080":{"<":1292.7580488570306,">":1283.2900685557415,"^":1286.2641327966833},"pair0083":{"<":672.6354486758623,">":677.0523901481693,"^":675.7686490581979},"pair0049":{"<":899.8468931043624,">":894.5026013414882,"^":908.2544302523626},"pair0057":{"<":508.93272877149207,">":503.20510311725656,"^":505.7957017303112},"pair0048":{"<":449.88415857863487,">":450.3499160429937,"^":451.6101701203706},"pair0047":{"<":-731.5696984245888,">":-843.2067705286946,"^":-692.5107458015551},"pair0029":{"<":1101.0195347045592,">":704.9343469582226,"^":663.3612903669459},"pair0097":{"<":563.4030509943727,">":568.501629664096,"^":574.3517616560127},"pair0020":{"<":867.5379238064259,">":864.9287152297125,"^":865.0702348278238},"pair0024":{"<":1251.5480954368577,">":1250.2809211426231,"^":1250.498672553453},"pair0025":{"<":2648.6868359937916,">":2645.527454067992,"^":2636.781648587755},"pair0081":{"<":917.5291388107635,">":907.0649977694173,"^":917.5758142958587},"pair0098":{"<":153.9746229482333,">":151.55881763863616,"^":183.5041305700664},"pair0009":{"<":2428.868243011483,">":2411.674765122418,"^":2454.909836548756},"pair0096":{"<":2395.211158523305,">":2391.238290492243,"^":2385.077701296866},"pair0001":{"<":620.6436094108975,">":620.597947490528,"^":638.9938576954266},"pair0010":{"<":2454.745868485993,">":2455.2993992477764,"^":2471.5758106422345},"pair0050":{"<":905.5010323020507,">":909.1472805218344,"^":916.0184088895719},"pair0003":{"<":923.926317343165,">":923.9263167350284,"^":906.205127231572},"pair0069":{"<":2661.2839047080474,">":2661.283904708046,"^":2667.3206584460627},"pair0005":{"<":2327.6173091441174,">":2385.632658666123,"^":2248.2294789541675},"pair0016":{"<":941.5232983238961,">":938.2497824774457,"^":946.2375570025816},"pair0037":{"<":437.6317351529945,">":609.8055390808407,"^":322.13808670180265},"pair0089":{"<":351.4371423216973,">":348.44405844989166,"^":354.9683279737247},"pair0091":{"<":313.8328720878245,">":321.4637737789001,"^":313.2419867143561},"pair0070":{"<":-3900.4463194616787,">":-4172.1237690767075,"^":-3467.819493044193},"pair0100":{"<":532.6352152869404,">":530.2198445296181,"^":537.1439813401629},"pair0073":{"<":407.25674010658724,">":366.06807456419153,"^":445.6552813044397},"pair0023":{"<":1205.9251209750412,">":1209.9065380942689,"^":1200.5049874708302},"pair0043":{"<":23.385470989324798,">":21.60012294980205,"^":917.8102196380802},"pair0042":{"<":2243.375536019158,">":2224.724591701925,"^":2254.693599858305},"pair0078":{"<":1287.6941872958628,">":1279.5203176749906,"^":1390.7898489630259},"pair0067":{"<":2386.4449803980415,">":2256.8254860040056,"^":2473.146314158064},"pair0065":{"<":2525.6005984761637,">":2418.459968305941,"^":2552.455590472511},"pair0019":{"<":334.04776121272903,">":328.64656968333423,"^":318.80767821413286},"pair0076":{"<":730.8239119319837,">":728.4528388794084,"^":779.2412010433484},"pair0082":{"<":824.7239751612132,">":834.6227504047749,"^":812.6177692795285},"pair0072":{"<":2612.966673206368,">":2608.932822423296,"^":2578.427514558685},"pair0008":{"<":2423.333923801901,">":1885.8727140623394,"^":1710.4240838885264},"pair0066":{"<":2202.032942158344,">":2134.789257687169,"^":2289.2244740990336},"pair0092":{"<":260.99839484352157,">":283.7378102397046,"^":270.91011770969914},"pair0059":{"<":507.05409264733527,">":500.8727361670506,"^":503.98804012961074},"pair0030":{"<":2822.567233100018,">":2794.8156685452477,"^":2786.8310264312327},"pair0044":{"<":-1213.6206520626984,">":-916.0485922551813,"^":-56.39248078301311},"pair0086":{"<":1607.985594157955,">":1607.166019125612,"^":1616.4444415026376}}}