{"likelihoods":{"pair0066":{"4":{"<":2087.757808168655,"^":2380.313895724456,">":2129.5423210699837},"2":{"<":2281.5044250403794,"^":2664.5447355691185,">":2286.933171459937},"3":{"<":2278.1937998748226,"^":2451.6343451479956,">":2275.3355673064475},"5":{"<":2136.728206046342,"^":2334.4453444598016,">":2295.9081484841877},"1":{"<":2363.254756656052,"^":2837.024083998359,">":2359.1772664481846}},"pair0068":{"4":{"<":-1963.4127580045079,"^":-1876.6560146010788,">":-1957.5702727189616},"2":{"<":-1222.9144830240205,"^":-1653.8751123695436,">":-1733.1910955517683},"3":{"<":-1548.7479650677747,"^":-1813.6828548927197,">":-1799.5898855864114},"5":{"<":-1907.6864747524428,"^":-1888.4186598595795,">":-1971.6453936456342},"1":{"<":1071.6901202743918,"^":1418.943052448764,">":1231.4936294760205}},"pair0067":{"4":{"<":2457.8820243037967,"^":2504.753095914571,">":2455.0030655374926},"2":{"<":2439.8183475519772,"^":2706.162962930146,">":2439.7659963189953},"3":{"<":2442.6873966185844,"^":2560.0621642549904,">":2449.907204188488},"5":{"<":2455.28034227018,"^":2489.1694246934203,">":2460.8269595227166},"1":{"<":2534.3452470060365,"^":2841.909521589733,">":2535.614707520447}},"pair0065":{"4":{"<":2153.626226722135,"^":2540.5182699273814,">":2418.5402185781804},"2":{"<":2491.725221640983,"^":2630.0423704931545,">":2490.2291175288},"3":{"<":2496.7719842761503,"^":2585.4074155334542,">":2499.381552618881},"5":{"<":2420.2771743306803,"^":2515.6404525062744,">":2247.4461750046494},"1":{"<":2648.10639522218,"^":2843.8397442260048,">":2649.6498659542044}}}}