{"parameters":{"pair0066":{"4":{"<":{"γ":-0.36059823514404776,"b₂":-9.20862964831084,"λ₁":4.120723440390435,"λ₂":-1.1343428466838112,"a₁":0.6518827461517152,"a₂":0.5016439357084543,"b₁":1.3805714903674762},"^":{"γ":1.4111416229946343,"b₂":-9.210340371976182,"λ₁":-0.9449095153980309,"λ₂":-3.197707308877077,"a₁":0.1738254436857627,"a₂":-5.039509452346878,"b₁":-0.7787002330795527},">":{"γ":-7.437223244015261,"b₂":2.05566479456842,"λ₁":-0.7713849668614596,"λ₂":2.447548041373043,"a₁":-1.917215870760062,"a₂":-0.49825021563673744,"b₁":-9.182740032956879}},"2":{"<":{"γ":-0.08483131910462305,"b₂":-1.5547113676372586,"λ₁":3.550786232248136,"λ₂":0.5520212484507017,"a₁":-0.05205072701718372,"a₂":-0.03778341377041983,"b₁":-0.1315875122085597},"^":{"γ":0.5794243036949709,"b₂":-9.210340371976182,"λ₁":-0.6215183282942913,"λ₂":-0.10010699426982583,"a₁":1.5405674155463416,"a₂":9.210340371976185,"b₁":0.9155362185615594},">":{"γ":1.7763568394002505e-15,"b₂":1.7763568394002505e-15,"λ₁":1.7763568394002505e-15,"λ₂":1.7763568394002505e-15,"a₁":1.7763568394002505e-15,"a₂":1.7763568394002505e-15,"b₁":1.7763568394002505e-15}},"3":{"<":{"γ":0.42696077485701167,"b₂":-1.2722242628312017,"λ₁":2.0202990866138677,"λ₂":0.19758125505712698,"a₁":-0.64928252429781,"a₂":-0.22707464301891633,"b₁":0.4307065618713892},"^":{"γ":1.3181041428320945,"b₂":-6.767406183443059,"λ₁":-0.6575123790410284,"λ₂":-0.7836783670582754,"a₁":0.3275140386765365,"a₂":2.326860105628443,"b₁":-0.6296025351732659},">":{"γ":-1.2439006148250016,"b₂":-0.6640832766548144,"λ₁":0.2000122480573836,"λ₂":0.5119407896226171,"a₁":-0.11868714506423395,"a₂":-0.2075589677645464,"b₁":0.371851547189209}},"5":{"<":{"γ":-1.9287412388866523,"b₂":-0.7750229719349555,"λ₁":3.6670520227576997,"λ₂":-1.0515848508473375,"a₁":-1.0445148458577016,"a₂":0.6486696180441633,"b₁":-9.20428015442055},"^":{"γ":1.0932260829083411,"b₂":-0.07136856657792379,"λ₁":-0.9401515398038214,"λ₂":-1.422193829868819,"a₁":1.1140487650352373,"a₂":9.205787103910014,"b₁":-0.4078739902967232},">":{"γ":-4.1863754021763455,"b₂":-4.515962798714071,"λ₁":7.550176980515177,"λ₂":1.2529770368070796,"a₁":-4.285016180388162,"a₂":-2.722146291677949,"b₁":0.32556557908221784}},"1":{"<":{"γ":-0.5917209397575185,"b₂":0.1016978616337525,"λ₁":9.210340371976185,"λ₂":0.4539554462012134,"a₁":0.27346616933467516,"a₂":0.06726425295038396,"b₁":-0.7948244864825931},"^":{"γ":-9.192042635309921,"b₂":-9.198004921125301,"λ₁":9.170379475356741,"λ₂":9.18660701847679,"a₁":9.210340371976185,"a₂":9.206973370618735,"b₁":9.210340371976185},">":{"γ":6.421752229181216,"b₂":0.3738971943422218,"λ₁":0.1455391250531779,"λ₂":1.2683184760445219,"a₁":-0.3248889315629544,"a₂":0.9852011325646419,"b₁":-0.5120320079474254}}},"pair0068":{"4":{"<":{"γ":-0.5096622073604191,"b₂":-9.145770210101691,"λ₁":-3.61547695263003,"λ₂":-5.827778091859003,"a₁":-7.509441910085243,"a₂":-6.633705843021328,"b₁":-4.307124192148327},"^":{"γ":-1.3067005933296008,"b₂":8.002340124232157,"λ₁":-7.0844313374316386,"λ₂":-2.1556430270902256,"a₁":-1.311426380954015,"a₂":8.217715665762194,"b₁":-9.204144054361866},">":{"γ":-0.2533870103415623,"b₂":-5.151463689722368,"λ₁":-5.792321219433955,"λ₂":-9.194483610389463,"a₁":-8.977315379696078,"a₂":-4.030553993337251,"b₁":-9.210340371976182}},"2":{"<":{"γ":-1.2721199724996097,"b₂":-9.199527232901659,"λ₁":-0.14658803888230842,"λ₂":-9.136847587857767,"a₁":3.165609005698524,"a₂":-3.325285195419588,"b₁":4.343583542118747},"^":{"γ":-3.963850121362409,"b₂":-9.199192042234923,"λ₁":-7.428264922923467,"λ₂":-3.835548314284038,"a₁":-1.7645391100822252,"a₂":8.492748214102297,"b₁":-9.210340371976182},">":{"γ":-0.7769100211934123,"b₂":-9.200314680088933,"λ₁":-7.4427486795513715,"λ₂":-9.08064123776418,"a₁":-9.209389882852783,"a₂":-3.216571995027005,"b₁":-9.210069281517917}},"3":{"<":{"γ":8.81302620210692,"b₂":-6.443827438743979,"λ₁":-6.334525490000056,"λ₂":-5.1826460402977474,"a₁":1.0415863393999505,"a₂":-6.718573310288202,"b₁":-9.189666625190934},"^":{"γ":-0.9251264884279919,"b₂":-4.391385075379066,"λ₁":-9.20877768716571,"λ₂":-3.4327345000320193,"a₁":-6.497175776051983,"a₂":4.4923984809313176,"b₁":-9.210340371976182},">":{"γ":2.124987917290005,"b₂":-9.210340371976182,"λ₁":-6.68178775562372,"λ₂":0.9254246854362478,"a₁":-0.03313579727299043,"a₂":-9.210340371976182,"b₁":-9.210340371976182}},"5":{"<":{"γ":-4.5540399595492005,"b₂":-9.20468643932811,"λ₁":2.6359782050060776,"λ₂":-8.223765956850194,"a₁":-1.2729561878784041,"a₂":-5.635434969476798,"b₁":-2.665022022648989},"^":{"γ":0.5900455131157667,"b₂":9.186516826351179,"λ₁":-8.186740283360635,"λ₂":-3.258271906468825,"a₁":-2.9882845223992263,"a₂":-5.955611163651664,"b₁":-9.115098464681383},">":{"γ":-3.7028476257565286,"b₂":-9.208460978869123,"λ₁":-9.198228773718705,"λ₂":-9.179035496999264,"a₁":-5.711044269623219,"a₂":-0.6137327642674535,"b₁":-9.210340371976182}},"1":{"<":{"γ":-9.172272478354609,"b₂":-3.233088922525293,"λ₁":1.5454158373627198,"λ₂":-0.41078226003021356,"a₁":0.3523650560672493,"a₂":-0.6018231456801733,"b₁":0.48543031083451993},"^":{"γ":-0.3196646975703725,"b₂":9.210340371976185,"λ₁":9.210340371976185,"λ₂":9.205054531603063,"a₁":-0.01788714057253671,"a₂":-9.207937311373604,"b₁":-1.1803974689227363},">":{"γ":2.4569645522219616,"b₂":0.15083755220130612,"λ₁":1.053649953070332,"λ₂":-1.1708816543431428,"a₁":-0.22911285250793867,"a₂":0.06268823084317177,"b₁":-0.3350362899731607}}},"pair0067":{"4":{"<":{"γ":-0.40600858242940063,"b₂":-1.3953052238957042,"λ₁":8.391614317335028,"λ₂":2.4853000271533805,"a₁":0.026403197955209734,"a₂":-0.7021284899353599,"b₁":-0.17000118432918754},"^":{"γ":0.8319981751843297,"b₂":0.03453898611865114,"λ₁":-0.40763417633957033,"λ₂":-1.1983828373154317,"a₁":-0.009903588751539516,"a₂":0.6561082679504295,"b₁":-1.1878433396787145},">":{"γ":-0.2509035370405144,"b₂":-0.01899604160418633,"λ₁":0.03481774446808927,"λ₂":1.6341292046474667,"a₁":-0.39169351740885894,"a₂":-0.05758161391592331,"b₁":-0.5601535151818702}},"2":{"<":{"γ":-0.08565833541538481,"b₂":-1.0322411396660502,"λ₁":-0.31551569879274943,"λ₂":1.2314212428373779,"a₁":-0.6671482226622683,"a₂":-0.0064391498703813,"b₁":-0.006704417925577744},"^":{"γ":9.210340371976185,"b₂":9.210340371976185,"λ₁":9.210193379684052,"λ₂":9.210340371976185,"a₁":-0.720962597714669,"a₂":-9.205844960916114,"b₁":-1.2908074689973423},">":{"γ":1.100799564367474,"b₂":-0.23606604292382372,"λ₁":2.35624448542619,"λ₂":0.4426407165285866,"a₁":0.3996918885526082,"a₂":-0.23797608508379753,"b₁":0.3151404601929393}},"3":{"<":{"γ":-0.834972262597816,"b₂":-1.7330006715590116,"λ₁":2.9767680977324016,"λ₂":1.2251178844787152,"a₁":0.22229807130270451,"a₂":0.4642526520003347,"b₁":0.10957169383578247},"^":{"γ":1.5568931531754266,"b₂":-1.5487085684791824,"λ₁":-0.24322124669621736,"λ₂":0.07264999176382503,"a₁":0.3399487910484513,"a₂":5.448245170854488,"b₁":-0.5159051658009624},">":{"γ":0.29181100068592336,"b₂":-0.017555821501783697,"λ₁":0.1263258307410986,"λ₂":0.5543177058158477,"a₁":-0.07844950479679547,"a₂":0.4099338880392036,"b₁":-0.5189228931743362}},"5":{"<":{"γ":0.04281640691264954,"b₂":-0.7525845489855936,"λ₁":3.6413023345144495,"λ₂":1.828805548951319,"a₁":0.2382945247612991,"a₂":0.4403394805341172,"b₁":0.4337678070374569},"^":{"γ":0.7909090318859686,"b₂":-2.894649891725117,"λ₁":-1.4153381794944737,"λ₂":-1.245436627631971,"a₁":0.008603145208534002,"a₂":0.5354455933614055,"b₁":-0.9466105637357689},">":{"γ":-9.185193947695513,"b₂":-1.5745608748883821,"λ₁":9.185103202534519,"λ₂":2.1457951037574325,"a₁":-4.845242917154073,"a₂":-1.1543052819832482,"b₁":-4.653420236500564}},"1":{"<":{"γ":3.045232436039333,"b₂":-1.5107123330083203,"λ₁":9.209856313315312,"λ₂":2.6795311153618293,"a₁":-0.9851644369592254,"a₂":-0.3814495231407058,"b₁":-1.5153139069530566},"^":{"γ":-9.210340371976182,"b₂":-9.210340371976182,"λ₁":9.198391677287807,"λ₂":9.192972509891442,"a₁":1.3318621728893802,"a₂":9.210340371976185,"b₁":1.3052604560612835},">":{"γ":-0.05871824904755307,"b₂":-0.20668300419499985,"λ₁":0.005601486611860551,"λ₂":1.91289353430032,