{"params":{"P":100,"m₂":0.0,"b₁":9997.517228456665,"name":"m_1_k_1","seed_no":117,"M":4,"λ₁":9999.687141968347,"a₂":0.0004277534449664637,"b₂":2.016293876920754,"Rs":[1,2,3,4,5],"T_max":1000,"m₁":0.0,"γ":0.0002867798092131433,"a₁":7.7751359583775095,"λ₂":0.16450509445062772,"EPOCHS":200,"tr_acc":-0.7843871290847628}}