{"params":{"P":100,"m₂":0.0,"b₁":0.00010016850346539009,"name":"m_1_k_2","seed_no":117,"M":4,"λ₁":0.16734803182416494,"a₂":966.7274492513968,"b₂":9999.99999999999,"Rs":[1,2,3,4,5],"T_max":1000,"m₁":0.0,"γ":1219.984314822873,"a₁":9995.366318809953,"λ₂":63.27789542657208,"EPOCHS":200,"tr_acc":-0.817730202614952}}