{"params":{"P":100,"m₂":0.0,"b₁":9811.410074264077,"name":"m_1_k_3","seed_no":117,"M":4,"λ₁":52.46948096506067,"a₂":0.3445281062835318,"b₂":0.007565708304709623,"Rs":[1,2,3,4,5],"T_max":1000,"m₁":0.0,"γ":29.041942472909703,"a₁":0.0004977739107960778,"λ₂":92.07391935410972,"EPOCHS":200,"tr_acc":-0.7416376056943582}}