{"likelihoods":{"pair0012":{"4":{"<":2407.7715211721634,"^":2397.765395031562,">":2402.5127086709413},"2":{"<":2538.9668961038014,"^":2589.75706401359,">":2536.9109519934723},"3":{"<":2416.8267174807957,"^":2451.0984264232166,">":2425.8948541289},"5":{"<":2396.5524168489756,"^":2367.3019516765457,">":2414.040521336615},"1":{"<":2790.310845591383,"^":2848.240845416217,">":2790.620091528118}},"pair0015":{"4":{"<":818.2128664309382,"^":815.9097518811196,">":817.6718377968028},"2":{"<":804.146398793335,"^":901.1612202072947,">":811.7062112604535},"3":{"<":819.7787080882443,"^":0.0,">":0.0},"5":{"<":815.6585959414128,"^":820.9847303073882,">":825.975217588543},"1":{"<":887.313365215066,"^":1117.9787164115544,">":887.0557755228141}},"pair0017":{"4":{"<":1369.9585203144195,"^":1286.3816280487854,">":1345.304687522006},"2":{"<":1680.3833882507113,"^":1661.7429326112615,">":1670.7366321086083},"3":{"<":1429.895719872568,"^":1362.3301771025833,">":1391.0358312027383},"5":{"<":1336.5948381440703,"^":1254.1219483781692,">":1403.5938558373218},"1":{"<":2836.4155682333194,"^":2836.8785655343586,">":2839.966900744685}},"pair0016":{"4":{"<":955.9016786835687,"^":0.0,">":940.6466762875762},"2":{"<":950.680629901149,"^":969.4670389707131,">":933.5448926655719},"3":{"<":940.5632035817945,"^":949.6988265711391,">":0.0},"5":{"<":944.6595066626207,"^":956.2574431279505,">":945.4665768480598},"1":{"<":1000.0298103778579,"^":1119.639088781158,">":1002.0366835707025}},"pair0020":{"4":{"<":868.7112401623614,"^":869.5997083464108,">":850.3283227597108},"2":{"<":881.5256430088585,"^":0.0,">":875.2443788339069},"3":{"<":847.4353645959748,"^":886.1297824062009,">":865.2118742805668},"5":{"<":866.3575132832559,"^":861.5700060172287,">":862.5868790475354},"1":{"<":978.5174845114637,"^":997.512884306513,">":977.1769980413105}},"pair0011":{"4":{"<":2327.336243355132,"^":2480.6490340061064,">":2121.4980384104138},"2":{"<":2542.9314341403137,"^":2624.245784564726,">":2542.931639477806},"3":{"<":2460.43761148456,"^":2531.843265011606,">":2473.472261944931},"5":{"<":1634.8770778462265,"^":2485.9675309292384,">":909.5036764465513},"1":{"<":2641.882880657801,"^":2836.878863338514,">":2640.3836011789817}},"pair0013":{"4":{"<":758.3769436431251,"^":748.6148333269756,">":734.4623619053201},"2":{"<":751.8373301551629,"^":0.0,">":740.1849632152913},"3":{"<":738.8051673809468,"^":778.8352822639915,">":751.4448713554576},"5":{"<":751.3121247473113,"^":732.5594865364035,">":724.7602601539866},"1":{"<":901.4847775181468,"^":1111.4605238341142,">":903.5314019211214}},"pair0018":{"4":{"<":562.1322539697462,"^":558.4359434627581,">":512.3290601760017},"2":{"<":559.0004763604143,"^":646.1943475803138,">":552.4351225780831},"3":{"<":529.8534979887198,"^":602.112119884455,">":536.8114158870911},"5":{"<":524.351022005577,"^":538.2289233433107,">":576.4601487787695},"1":{"<":721.9446951246385,"^":895.2216717497358,">":720.1321887806089}},"pair0019":{"4":{"<":334.6204917873145,"^":338.5458610594945,">":344.37950359005725},"2":{"<":328.46651156563945,"^":331.3516318557399,">":332.91896947255447},"3":{"<":0.0,"^":321.48533425316805,">":339.80628229267245},"5":{"<":351.141443810924,"^":339.1201365368325,">":359.6494105768681},"1":{"<":417.20719211743847,"^":557.0571596893544,">":417.9754004324937}},"pair0014":{"4":{"<":804.8807122432044,"^":825.003421292159,">":821.3656694304125},"2":{"<":819.0880796158374,"^":901.0394980420349,">":803.5200488195707},"3":{"<":816.5470684291217,"^":854.1824656071466,">":802.7150685594826},"5":{"<":813.7720998286246,"^":837.5285452420661,">":850.7009802957093},"1":{"<":903.7110130366929,"^":1111.4483976898136,">":906.3960161976368}}}}