{"likelihoods":{"pair0088":{"<":667.8197381943871,"^":683.044223330144,">":662.1602246419491}}}