{"parameters":{"pair0088":{"<":{"γ":2.707122686256895,"b₂":-0.07501820013921723,"λ₁":0.6629109186574205,"λ₂":0.09649341865629779,"a₁":0.580662518408749,"a₂":0.607331257668033,"b₁":-0.16656488024417726},"^":{"γ":13.815016293462087,"b₂":13.814806018101432,"λ₁":-8.691120020003533,"λ₂":-13.81313497815817,"a₁":2.0050248996413256,"a₂":-13.813259631185497,"b₁":0.4173095801690554},">":{"γ":0.5171711545599731,"b₂":-5.745705823264192,"λ₁":0.5251116179541295,"λ₂":0.36566981802214826,"a₁":1.3637694458774234,"a₂":-0.9539597947175427,"b₁":0.13861378433518823}}}}