{"parameters":{"pair0036":{"<":{"γ":-9.210340371976182,"b₂":-9.210340371976182,"λ₁":9.210340371976185,"λ₂":-9.210340371976182,"a₁":9.149648803988908,"a₂":-0.9482060712166192,"b₁":9.210340371976185},"^":{"γ":-9.207369980610112,"b₂":-9.204821169798366,"λ₁":-9.193230883871983,"λ₂":-3.0960241282911305,"a₁":-2.7891519904899535,"a₂":8.401346166429674,"b₁":-9.210340371976182},">":{"γ":-0.6103945884267752,"b₂":-9.18998737098925,"λ₁":-9.198259514339684,"λ₂":9.180552081612786,"a₁":-9.196359517427323,"a₂":-1.816061056430903,"b₁":-9.20231669997784}},"pair0040":{"<":{"γ":-2.7371476566088138,"b₂":-3.015823664045417,"λ₁":-2.4625912325390775,"λ₂":-2.4820239855124013,"a₁":0.7356103439402837,"a₂":-2.0569591145101924,"b₁":0.08516333932707276},"^":{"γ":8.551010633239214,"b₂":-9.210340371976182,"λ₁":-4.79787977008925,"λ₂":1.740044625539534,"a₁":-1.907261992558964,"a₂":-9.210340371976182,"b₁":-5.560219419764506},">":{"γ":-0.04155637317244221,"b₂":-0.5018022088482166,"λ₁":-1.8303689124987983,"λ₂":0.07047524906453617,"a₁":-0.5578627760842263,"a₂":0.03728429886573359,"b₁":-3.923286195168461}},"pair0037":{"<":{"γ":-0.2508134939900284,"b₂":-5.868643650309645,"λ₁":2.0771229203602566,"λ₂":-2.7634348721328257,"a₁":-2.8341026437163768,"a₂":-6.889274522128935,"b₁":0.14327925597770275},"^":{"γ":9.210340371976185,"b₂":-9.210340371975935,"λ₁":-9.210340371976182,"λ₂":-9.210340371976182,"a₁":-9.210340371976182,"a₂":9.210340371976185,"b₁":-9.210340371976182},">":{"γ":9.19671925973386,"b₂":-9.074813628802088,"λ₁":-9.202382585168131,"λ₂":3.737504535289057,"a₁":0.4602850000618304,"a₂":-1.6077710559908374,"b₁":-9.200465245386578}},"pair0038":{"<":{"γ":-0.42400768628839813,"b₂":-3.484559142381144,"λ₁":2.046213899331711,"λ₂":-1.0764051037264295,"a₁":0.15692298460919396,"a₂":0.014752629057996458,"b₁":-0.5522367874593357},"^":{"γ":9.210340371976185,"b₂":9.210340371976185,"λ₁":-3.7977890864881907,"λ₂":2.1262851329077854,"a₁":-0.5411483483961206,"a₂":9.210340371976185,"b₁":-2.897691335636913},">":{"γ":4.7932603531371605,"b₂":2.182195262055128,"λ₁":-3.7114748272159392,"λ₂":4.175475631502641,"a₁":-0.32137587880902707,"a₂":2.5104016945171423,"b₁":-5.881531895951687}},"pair0039":{"<":{"γ":1.4592768597715526,"b₂":-0.41682749674083297,"λ₁":-1.9701767486018298,"λ₂":-0.09775151433183993,"a₁":-0.007379447150253071,"a₂":-0.09180993983974162,"b₁":-0.038127407505902156},"^":{"γ":2.561889128100715,"b₂":-9.210340371976182,"λ₁":-1.5256392629517945,"λ₂":-1.2647373006902614,"a₁":-0.32506184835700225,"a₂":8.426372514211776,"b₁":-2.5646606325502983},">":{"γ":-0.06686442666348391,"b₂":0.2594515825247967,"λ₁":-0.26478044083073726,"λ₂":1.0587690719850062,"a₁":0.4063263954892573,"a₂":0.15575295117804977,"b₁":-1.6584137398086556}}}}