{"likelihoods":{"pair0085":{"4":{"<":2664.1286189762227,"^":2434.1434098640134,">":2054.373981605215},"2":{"<":2702.883050680465,"^":2734.338482290398,">":2701.448522781051},"3":{"<":2678.0000449529084,"^":2681.2831655618947,">":2678.4570339284196},"5":{"<":2441.3762834802837,"^":2646.41381579605,">":2694.7079835667887},"1":{"<":2765.9488716777664,"^":2826.445610804582,">":2765.840874111332}},"pair0082":{"4":{"<":844.9977464653717,"^":827.3104779105475,">":840.3005374674909},"2":{"<":829.4862525043484,"^":861.095284246018,">":826.7098255756356},"3":{"<":819.3961643721879,"^":806.3717896633003,">":822.9959346630578},"5":{"<":853.1277397788268,"^":821.4743834342268,">":844.155586472534},"1":{"<":896.8291327753391,"^":0.0,">":0.0}},"pair0083":{"4":{"<":664.8654275354818,"^":693.1502540180059,">":682.7503129324266},"2":{"<":691.2177147497437,"^":772.4043002359815,">":685.1810645443537},"3":{"<":664.442179324896,"^":727.8660175819922,">":689.2472689410336},"5":{"<":684.3919242420233,"^":675.6559377854807,">":681.7408440643403},"1":{"<":787.7259389703246,"^":1040.741772992043,">":790.7810147503935}},"pair0084":{"4":{"<":558.6344785903084,"^":1875.1175519573108,">":503.1736058328076},"2":{"<":540.0587482922624,"^":0.0,">":500.91008686750087},"3":{"<":497.1006063890021,"^":2112.157204412804,">":523.5343777325779},"5":{"<":520.4890040485126,"^":1672.7704257409484,">":514.032847574456},"1":{"<":557.9086185963605,"^":2843.287571703971,">":547.6665289524532}},"pair0081":{"4":{"<":919.0001185807281,"^":920.7851274564455,">":914.0604146703769},"2":{"<":912.5092680481185,"^":939.7076892963435,">":905.1094293813737},"3":{"<":914.1310141700228,"^":932.6294396966382,">":914.1310141699786},"5":{"<":915.7700874344742,"^":927.5608966491529,">":923.451355276679},"1":{"<":919.2892396078461,"^":0.0,">":920.2500836480751}}}}