{"parameters":{"pair0085":{"4":{"<":{"γ":-0.3012047104131561,"b₂":-1.375278744216791,"λ₁":-5.295266498347596,"λ₂":1.3859888253991954,"a₁":-0.1976014053028372,"a₂":0.5665894748461486,"b₁":-6.002843966117539},"^":{"γ":-0.9221469469985202,"b₂":-13.149177154971177,"λ₁":-13.806583308260526,"λ₂":13.80855565655223,"a₁":-13.815510557964274,"a₂":13.704435059807803,"b₁":-13.815510557964274},">":{"γ":-3.932756026463661,"b₂":5.347503357683223,"λ₁":-13.815510557964274,"λ₂":13.798424282646689,"a₁":-13.78827113451216,"a₂":-0.19407289713943854,"b₁":-13.812134886020754}},"2":{"<":{"γ":-0.545042816666145,"b₂":0.4109455138870608,"λ₁":0.02105413699822911,"λ₂":1.438270561165048,"a₁":0.25922904285567583,"a₂":0.007159234454302776,"b₁":0.027937165989259327},"^":{"γ":-0.6942053028978634,"b₂":-1.9072259646447929,"λ₁":-4.297385904001567,"λ₂":1.3577335469581495,"a₁":-1.9490995332907364,"a₂":13.815510557964274,"b₁":-2.1278137456515527},">":{"γ":-0.722825126396982,"b₂":0.2675409759147964,"λ₁":-0.9097776778939117,"λ₂":2.168170428037417,"a₁":-0.14849995612770073,"a₂":0.050838346654145994,"b₁":-0.25536077416062497}},"3":{"<":{"γ":0.47142891326341285,"b₂":0.08175688523389191,"λ₁":-4.751542381182475,"λ₂":-0.43229038881128545,"a₁":-3.644564231989179,"a₂":0.5494244508726656,"b₁":-7.1021203994644635},"^":{"γ":0.3660473502947781,"b₂":0.4401833580725256,"λ₁":-4.455298702480858,"λ₂":-0.14387263822638197,"a₁":-0.05152012881596235,"a₂":-9.617889359179713,"b₁":-2.981080731110783},">":{"γ":12.247511394201638,"b₂":-0.6737141693194495,"λ₁":-0.21081801817103063,"λ₂":1.8371008071146182,"a₁":0.17858596913179525,"a₂":-0.7014287698586941,"b₁":-0.929157416220006}},"5":{"<":{"γ":-0.2788638330469233,"b₂":-13.812891513950099,"λ₁":-13.813160583446447,"λ₂":13.814834378566292,"a₁":-5.774539664507341,"a₂":0.4205226778530662,"b₁":-13.812723627044306},"^":{"γ":-2.5000262400195066,"b₂":-1.343152849672279,"λ₁":-4.885410314514257,"λ₂":-0.8739905347475876,"a₁":0.4116038369561732,"a₂":3.043358392048976,"b₁":-3.809141691892984},">":{"γ":5.988700334491632,"b₂":-0.36460836144126674,"λ₁":-2.218551846501006,"λ₂":0.029484657208714182,"a₁":0.5151222379335092,"a₂":0.13686959794030074,"b₁":-0.06336933557497026}},"1":{"<":{"γ":1.5664426041332309,"b₂":0.31699139417730215,"λ₁":11.584205545349775,"λ₂":2.4560733197199056,"a₁":0.25933963554855133,"a₂":-0.783045231864083,"b₁":0.4592594924936524},"^":{"γ":13.815510557964274,"b₂":13.815510557964274,"λ₁":13.752364767680447,"λ₂":13.81551055796427,"a₁":-0.009571890561291596,"a₂":-13.815510557964274,"b₁":-0.5120312262782978},">":{"γ":0.286924860738182,"b₂":0.10722765544767832,"λ₁":13.789945270476696,"λ₂":2.872262030487896,"a₁":-0.9567575563447299,"a₂":0.2992195801778692,"b₁":-2.774618902550232}}},"pair0082":{"4":{"<":{"γ":12.207699488631935,"b₂":-0.30835088935815236,"λ₁":-2.30267129124147,"λ₂":-0.9534790154752439,"a₁":13.69658041223363,"a₂":2.1150729408373277,"b₁":11.315603970062245},"^":{"γ":-2.4566606334332093,"b₂":-7.0310079217741555,"λ₁":-1.6063175339335594,"λ₂":-3.793312292355049,"a₁":-2.879621543923891,"a₂":-5.223436859833905,"b₁":-6.752689442106397},">":{"γ":-0.39451276971779237,"b₂":-0.09642823792619737,"λ₁":-0.47095409881302075,"λ₂":0.02502493202810996,"a₁":0.11098152729676869,"a₂":-0.3516093390305315,"b₁":-0.32425174718470373}},"2":{"<":{"γ":-1.2980023693112681,"b₂":-1.1834578308840662,"λ₁":0.27861848920140986,"λ₂":-0.2868803020779289,"a₁":0.03367990925664088,"a₂":1.4856851272623839,"b₁":-0.5182119866217771},"^":{"γ":0.9897578056100826,"b₂":0.0568539529007559,"λ₁":0.05264254767316956,"λ₂":-0.021063866332493575,"a₁":-0.05258307959131869,"a₂":-0.7138329763421343,"b₁":-1.535056728646392},">":{"γ":-1.3828473369913006,"b₂":-2.2628619804189753,"λ₁":-0.4118804493325072,"λ₂":-0.45344410208558905,"a₁":0.09911202990898715,"a₂":-0.4386862459388823,"b₁":-0.07782556243904182}},"3":{"<":{"γ":6.293026204785754,"b₂":-0.8494080482162829,"λ₁":-0.4738887255895907,"λ₂":-0.5490861712139896,"a₁":-0.2299491781960601,"a₂":0.004922019602686234,"b₁":-3.4750567456836894},"^":{"γ":13.754055320096985,"b₂":-3.6682813737845787,"λ₁":-1.7526751939546106,"λ₂":-2.0619288422885855,"a₁":0.24144029532956957,"a₂":9.645586477351664,"b₁":-1.7852151876391282},">":{"γ":10.254230004445226,"b₂":-4.589166489398906,"λ₁":-1.9549104504717825,"λ₂":-0.8109709799914206,"a₁":-0.02401317402908809,"a₂":-1.252804407534077,"b₁":0.00765816972493738}},"5":{"<":{"γ":0.013663986149399676,"b₂":-0.006615005235136806,"λ₁":0.0017901719523134574,"λ₂":0.005877475217126005,"a₁":-5.684760657625233,"a₂":0.03255790238595857,"b₁":-9.153994876752074},"^":{"γ":-1.4297041501987842,"b₂":3.1162434167422433,"λ₁":-1.1287284511048448,"λ₂":-0.6990710059715379,"a₁":0.18458559943636033,"a₂":-0.09137535455690227,"b₁":-0.8703581795672637},">":{"γ":0.056709150019219834,"b₂":-1.4007375491299623,"λ₁":-1.0365418557520325,"λ₂":-1.2033220168875136,"a₁":1.2208817699404229,"a₂":-2.633715434852302,"b₁":-0.31316081902470394}},"1":{"<":{"γ":0.0,"b₂":0.0,"λ₁":0.0,"λ₂":0.0,"a₁":0.0,"a₂":0.0,"b₁":0.0},"^":{"γ":0.0,"b₂":0.0,"λ₁":0.0,"λ₂":0.0,"a₁":0.0,"a₂":0.0,"b₁":0.0},">":{"γ":0.0,"b₂":0.0,"λ₁":0.0,"λ₂":0.0,"a₁":0.0,"a₂":0.0,"b₁":0.0}}},"pair0083":{"4":{"<":{"γ":-1.0405039308944186,"b₂":-4.899990504277255,"λ₁":-0.3728243187223157,"λ₂":-2.1906615768456383,"a₁":0.12637329289189658,"a₂":-0.25109118973823463,"b₁":-1.8467146550485456},"^":{"γ":13.815510557964274,"b₂":-9.050876798037521,"λ₁":-1.4249651300493955,"λ₂":-4.293778912355684,"a₁":-2.8862379099885604,"a₂":-12.322932088070871,"b₁":-13.366678940251974},">":{"γ":-2.028545320931949,"b₂":-5.653873498366266,"λ₁":-3.270703211675883,"λ₂":-3.6015112167313,"a₁":-1.772065303480268,"a₂":-1.2382177739714901,"b₁":-0.12595829499237965}},"2":{"<":{"γ":8.93091526074583,"b₂":-9.767628379246245,"λ₁":-2.6016632799212527,"λ₂":-1.3796911589787033,"a₁":-2.2299734614450823,"a₂":-3.176405909066929,"b₁":-12.636918835595866},"^":{"γ":-0.08182390468261858,"b₂":-0.5056985311740405,"λ₁":-1.0962824751425124,"λ₂":-1.9472054408239288,"a₁":-0.07169755781219145,"a₂":-13.796686858373695,"b₁":-2.13586365697968},">":{"γ":2.921815386845253,"b₂":-2.859306401579058,"λ₁":0.09964174046436902,"λ₂":-3.4163522208315573,"a₁":-0.7378016232472007,"a₂":1.1047069419133866,"b₁":-4.204327014449095}},"3":{"<":{"γ":-1.4761061852431236,"b₂":-3.183422454820642,"λ₁":-0.039938893507272866,"λ₂":-2.4618465056507493,"a₁":1.8956655444908623,"a₂":-0.5822320207002569,"b₁":0.38991013049099976},"^":{"γ":13.815510557964274,"b₂":13.813381062143531,"λ₁":-6.016999276162719,"λ₂":-11.726449958409406,"a₁":-2.9321374132106985,"a₂":13.788513797476309,"b₁":-4.504239201379745},">":{"γ":2.370554884488584,"b₂":-0.5530462982290008,"λ₁":-0.771421057440433,"λ₂":-0.41704387152823763,"a₁":-2.8649408517739037,"a₂":1.6730521424626286,"b₁":-4.587057521663457}},"5":{"<":{"γ":-2.8188678973904437,"b₂":-7.468825489848787,"λ₁":1.1947507330454048,"λ₂":-2.183247958645236,"a₁":-3.4790774868500804,"a₂":-3.1545917899370615,"b₁":-13.667554607253233},"^":{"γ":7.326489348683772,"b₂":4.135936706983902,"λ₁":-1.5278489330267018,"λ₂":-5.042858978424192,"a₁":-0.1906807152450707,"a₂":-6.17783924923517,"b₁":-3.3903241994293065},">":{"γ":-0.4187248467017195,"b₂":-3.493562146564397,"λ₁":0.3541148852446163,"λ₂":-2.0894271331240546,"a₁":-1.559014900789256,"a₂":-0.09653086352494888,"b₁":0.04483058633301518}},"1":{"<":{"γ":-13.341338356132827,"b₂":-5.368191188896143,"λ₁":7.279488311049626,"λ₂":0.11950507712026237,"a₁":0.574136133490251,"a₂":-0.43818087490021185,"b₁":0.7323425440107094},"^":{"γ":13.815510557964274,"b₂":-13.815510557964274,"λ₁":10.237882278105182,"λ₂":13.815510557964274,"a₁":0.2664424236171108,"a₂":13.81551055796427,"b₁":-0.6634068773467376},">":{"γ":0.0,"b₂":0.0,"λ₁":0.0,"λ₂":0.0,"a₁":0.0,"a₂":0.0,"b₁":0.0}}},"pair0084":{"4":{"<":{"γ":-3.748148073183339,"b₂":0.377151591169655,"λ₁":2.7386819703301057,"λ₂":-1.5664663811631563,"a₁":-8.761076449823674,"a₂":5.744783366222595,"b₁":-0.15258807854726086},"^":{"γ":1.9156604218611957,"b₂":1.6389472570258903,"λ₁":-3.183441892096166,"λ₂":-1.4704740019218203,