{"likelihoods":{"pair0007":{"4":{"<":2381.540086368448,"^":2455.906619194209,">":2382.6985701712238},"2":{"<":2362.455024259577,"^":2638.449207298824,">":0.0},"3":{"<":2376.8872252769006,"^":2516.925169538132,">":2413.9242606842304},"5":{"<":2382.0023836879654,"^":2443.7194909137206,">":2183.9081577206434},"1":{"<":2484.484351074637,"^":2849.3865945670323,">":2480.6074231639136}},"pair0005":{"4":{"<":2393.258988394498,"^":2435.6883989644048,">":2386.814046748472},"2":{"<":2372.112630306479,"^":2615.285907434305,">":2374.285563457796},"3":{"<":2383.866346088674,"^":2481.0096064292984,">":2382.51636739235},"5":{"<":1223.9132392898896,"^":2419.9677427760917,">":2133.298467370415},"1":{"<":2472.5652683113367,"^":0.0,">":2472.241241326725}},"pair0001":{"4":{"<":626.4021955252726,"^":672.464127601138,">":658.576914577927},"2":{"<":647.1498281465084,"^":803.9713077521326,">":660.4146037035097},"3":{"<":651.6284989729593,"^":0.0,">":629.2219943214504},"5":{"<":639.1394289972899,"^":641.6918053878064,">":644.3676978937907},"1":{"<":748.6349430145904,"^":1000.3173502828764,">":749.3621606023108}},"pair0004":{"4":{"<":918.9594907124616,"^":887.6566877022101,">":915.8538430345938},"2":{"<":933.4147949155662,"^":927.916787580818,">":946.2491656749144},"3":{"<":909.4027373691695,"^":897.2197849477475,">":917.304677125383},"5":{"<":910.6521530371385,"^":908.1228033840903,">":911.980448794257},"1":{"<":1005.8476223433762,"^":1000.3943445055975,">":1000.6793473829822}},"pair0006":{"4":{"<":2316.975896128189,"^":2334.999245760175,">":2310.6682969857948},"2":{"<":2362.6681635518758,"^":2596.5794090527115,">":2363.492551605533},"3":{"<":2313.8393503478837,"^":2399.754638551829,">":2303.6283376278284},"5":{"<":2312.8383087651923,"^":2323.906590785526,">":2320.2094534608896},"1":{"<":2531.2765844173264,"^":2847.1034826951686,">":2531.8721059843206}},"pair0002":{"4":{"<":705.6531139452132,"^":690.8736457561083,">":724.524387969594},"2":{"<":751.8771367118975,"^":779.0514685105973,">":753.0796220496458},"3":{"<":735.5038046101013,"^":728.0590696713923,">":723.7998311620112},"5":{"<":712.6337119244961,"^":687.2178150503249,">":709.5346613824016},"1":{"<":848.7943321525745,"^":1000.0116285202278,">":850.0873653943834}},"pair0003":{"4":{"<":921.2166538340889,"^":908.9959094715201,">":921.1128246743463},"2":{"<":931.8081230775703,"^":951.5816300031785,">":930.1392985275356},"3":{"<":920.399882640688,"^":926.8047919362974,">":914.9769914352115},"5":{"<":927.9303398357688,"^":915.7009942111915,">":927.3680011652109},"1":{"<":992.155111749735,"^":1000.0066582681494,">":989.3889909138633}}}}