{"params":{"P":100,"m₂":0.0,"b₁":2.0661753188612613,"name":"m_1_k_3","seed_no":110,"M":4,"λ₁":0.28750646547813286,"a₂":3.9105947256854163,"b₂":0.00010163258601789989,"Rs":[1,2,3,4,5],"T_max":1000,"m₁":0.0,"γ":10000.000000000025,"a₁":133.9485524992674,"λ₂":0.44397621219014394,"EPOCHS":200,"tr_acc":-0.8710579822873596}}