{"params":{"P":100,"m₂":0.0,"b₁":2185.519200404492,"name":"m_1_k_2","seed_no":110,"M":4,"λ₁":0.00010000000000000009,"a₂":0.0001001392774105147,"b₂":0.00010007610743609398,"Rs":[1,2,3,4,5],"T_max":1000,"m₁":0.0,"γ":0.00010021371921884551,"a₁":0.000100183936622342,"λ₂":233.6388642685014,"EPOCHS":200,"tr_acc":-0.789644371391989}}