{"params":{"P":100,"m₂":0.0,"b₁":9995.68561439975,"name":"m_1_k_1","seed_no":110,"M":4,"λ₁":18.422950544079985,"a₂":1.5820817757715124,"b₂":9996.070989636526,"Rs":[1,2,3,4,5],"T_max":1000,"m₁":0.0,"γ":9997.19724981953,"a₁":4.120449458450603,"λ₂":129.3623867440317,"EPOCHS":200,"tr_acc":-0.7595537770929474}}