{"likelihoods":{"pair0099":{"<":2211.7327667409295,"^":1981.8353894035233,">":2535.63605758643},"pair0097":{"<":565.880557278327,"^":572.5114740548875,">":563.1707174913971},"pair0098":{"<":152.01246007320384,"^":180.64686367048057,">":148.7612325069418},"pair0096":{"<":2422.849628157747,"^":2411.3653691875747,">":2413.5032734977235},"pair0100":{"<":530.8714117981301,"^":519.793809329658,">":525.6378112991639}}}