{"likelihoods":{"pair0076":{"4":{"<":739.6146568112276,"^":814.9440393736336,">":737.2996706719721},"2":{"<":733.0479964273472,"^":864.7796248570843,">":739.4555966996811},"3":{"<":740.1320911764386,"^":826.9704157990759,">":740.5722727778059},"5":{"<":740.4876224892829,"^":771.8800872063125,">":748.5272587566172},"1":{"<":768.6000919185436,"^":991.4932758659944,">":0.0}},"pair0085":{"4":{"<":2677.1578747523517,"^":2574.1831016063425,">":2674.8801468189063},"2":{"<":2703.2443886321676,"^":2732.6775879040883,">":2701.0796646446274},"3":{"<":2673.5704436118162,"^":2680.357964721565,">":2666.5818054683896},"5":{"<":2445.2650698753746,"^":2530.3117027376315,">":2513.088663755473},"1":{"<":2770.6702134720017,"^":2828.440822577629,">":2770.645014096072}},"pair0080":{"4":{"<":1317.3589909867794,"^":1345.4530348607193,">":1316.8009781594628},"2":{"<":1498.0088523358156,"^":1529.5539892893794,">":1403.9909300651193},"3":{"<":1330.5093406552583,"^":1402.249821195877,">":1299.1378136814758},"5":{"<":1332.804444431978,"^":1292.491281196882,">":1374.8916753342062},"1":{"<":1909.3528477725508,"^":2047.2750135019896,">":1898.1713381446107}},"pair0082":{"4":{"<":834.7116075143762,"^":815.0606341483966,">":824.9395332943891},"2":{"<":829.3971485269437,"^":871.5103099609446,">":830.2449655504478},"3":{"<":822.9519904729156,"^":806.7498442822906,">":815.4211001460357},"5":{"<":840.223666848755,"^":816.8254531115897,">":832.0826077113819},"1":{"<":893.6642015933992,"^":1040.0450175113006,">":895.0678419339896}},"pair0077":{"4":{"<":19549.447237541586,"^":19617.69564122003,">":19545.24740270779},"2":{"<":20036.079017270164,"^":20634.96539042475,">":20032.010523402394},"3":{"<":19722.04534560382,"^":19963.89593859551,">":19721.35438440956},"5":{"<":19515.517985626353,"^":19531.665259994355,">":19513.142480291783},"1":{"<":21025.93967086546,"^":23840.965734230147,">":21025.257516884623}},"pair0078":{"4":{"<":1282.5282944231835,"^":1400.1509454254485,">":1271.0709102060562},"2":{"<":1299.8798768616352,"^":1648.762584350113,">":1297.537266862708},"3":{"<":1281.6323204766645,"^":1490.361833128739,">":1292.145225640812},"5":{"<":1308.6221260827645,"^":1362.137520438784,">":1315.4423574043312},"1":{"<":0.0,"^":2051.1830201519724,">":1507.844740225607}},"pair0079":{"4":{"<":1454.665519645944,"^":1495.133047003836,">":1507.6297138574582},"2":{"<":1470.4816655515212,"^":1734.8114823633603,">":1470.0258780769354},"3":{"<":1462.4845962090594,"^":1584.0123882809912,">":1472.5496790936286},"5":{"<":1478.3994725995183,"^":1514.3081910710898,">":1475.4259361118272},"1":{"<":1628.841362157171,"^":2045.2141940664917,">":1626.0746081566822}},"pair0083":{"4":{"<":667.0614990813608,"^":685.564052604458,">":671.1382368211899},"2":{"<":698.4730979647536,"^":773.2614334476401,">":679.1833077277776},"3":{"<":698.7686625688525,"^":709.374348871738,">":691.1376056796485},"5":{"<":700.9936803745285,"^":674.8524127654196,">":693.2585751688335},"1":{"<":788.7126788456349,"^":1038.883318966371,">":788.8919243857545}},"pair0084":{"4":{"<":1425.6875289479258,"^":5712.068128508957,">":1433.2726737820578},"2":{"<":1505.8393244511394,"^":0.0,">":1510.591697962546},"3":{"<":1409.4490638681964,"^":6573.93597347816,">":1445.0795470603528},"5":{"<":1410.6692887475792,"^":5007.300757824089,">":1453.9899353828016},"1":{"<":1708.1159839059867,"^":8805.82254745838,">":1701.6760425866648}},"pair0081":{"4":{"<":912.8122513538827,"^":941.2049562152587,">":915.8295029394161},"2":{"<":905.6475585993181,"^":0.0,">":912.5092660419114},"3":{"<":911.9513969448567,"^":926.6382684304971,">":907.968428538415},"5":{"<":922.4664646866456,"^":0.0,">":914.1989628092022},"1":{"<":922.6719313773623,"^":1034.8787715560557,">":922.5552807502817}}}}