{"likelihoods":{"pair0036":{"<":492.86913873357224,"^":455.8186863848433,">":471.49009935499737},"pair0040":{"<":1848.8778887439137,"^":1855.434770681004,">":1870.3716390007814},"pair0037":{"<":390.4045824084666,"^":319.4825386566432,">":370.02880244393265},"pair0038":{"<":1917.8868014541572,"^":1927.4417461004944,">":1928.1806671699371},"pair0039":{"<":923.1788819341912,"^":907.3739865284323,">":917.1409481772395}}}