{"parameters":{"pair0036":{"<":{"γ":8.794333033016445,"b₂":-9.195487613279852,"λ₁":-9.208992763731452,"λ₂":9.186725968384712,"a₁":-1.0780570344887348,"a₂":-9.19526302318275,"b₁":-9.210340371976182},"^":{"γ":9.210125413306221,"b₂":0.4528628209603589,"λ₁":-9.208715916567424,"λ₂":-9.208577657826496,"a₁":-1.5060075304614227,"a₂":-9.208745798746993,"b₁":-9.208534340901526},">":{"γ":-9.185616604838057,"b₂":-9.18595200957623,"λ₁":-9.205208284994697,"λ₂":-9.170298438563886,"a₁":-9.208391219876246,"a₂":-9.191441432819587,"b₁":-9.196644484917803}},"pair0040":{"<":{"γ":-0.1866540049901122,"b₂":-1.592743514977479,"λ₁":-3.4596053266521576,"λ₂":0.5824979729651858,"a₁":-0.33293967950819336,"a₂":-0.055635786573366985,"b₁":-3.731487574662747},"^":{"γ":8.910660619593118,"b₂":9.210340371976185,"λ₁":-9.210340371976182,"λ₂":-2.8830446934240594,"a₁":-1.92723401649336,"a₂":-9.210340371976182,"b₁":-9.210340371976182},">":{"γ":2.3627678910940606,"b₂":-9.206968550629085,"λ₁":-3.842350865258637,"λ₂":-2.756368015728566,"a₁":-4.800663190700755,"a₂":-2.5192909551406437,"b₁":-9.193352910614967}},"pair0037":{"<":{"γ":9.20937439734851,"b₂":-0.6800190218269186,"λ₁":-9.210340371976182,"λ₂":9.210340371976185,"a₁":-2.68087076327165,"a₂":-3.856785060826252,"b₁":-9.203224195916222},"^":{"γ":1.6975342555291348,"b₂":7.296779425027205,"λ₁":-9.196970962683018,"λ₂":9.210340371976185,"a₁":-1.4860150864071722,"a₂":-9.210340371976182,"b₁":-9.208662570264254},">":{"γ":-2.3896947013789145,"b₂":-9.209316314675702,"λ₁":-9.209655754259918,"λ₂":1.542880580315515,"a₁":-9.205127910564885,"a₂":-8.935821538285298,"b₁":-9.200601986293368}},"pair0038":{"<":{"γ":7.6671660849783105,"b₂":-0.6836200617270851,"λ₁":-3.954507588693925,"λ₂":4.164794629376267,"a₁":0.580626955699282,"a₂":0.15946163352573706,"b₁":-4.452023759244194},"^":{"γ":9.210340371976185,"b₂":-9.210340371976182,"λ₁":-5.175551630528054,"λ₂":2.739079236382972,"a₁":-2.347012971139952,"a₂":-9.210340371976182,"b₁":-5.248813249744577},">":{"γ":1.3101885713849413,"b₂":-8.950253308251598,"λ₁":-4.5918416854740025,"λ₂":2.494651495651185,"a₁":-1.306339200623591,"a₂":-2.7565426196434704,"b₁":-5.381002684999867}},"pair0039":{"<":{"γ":-3.4730831243157025,"b₂":0.23184677717037872,"λ₁":-1.0306782945123008,"λ₂":-1.124959466004384,"a₁":0.011272516461254156,"a₂":1.6569172902860174,"b₁":-1.205163009984858},"^":{"γ":0.5828358230880575,"b₂":6.101286104922389,"λ₁":-1.2727845877739528,"λ₂":0.029396316921264543,"a₁":0.6512710039509528,"a₂":1.5333500370611794,"b₁":-1.1337343352583105},">":{"γ":-0.6232718407406779,"b₂":0.11752643216232173,"λ₁":-0.17944823066767768,"λ₂":-0.1450962532800908,"a₁":-0.271341421481587,"a₂":0.4582616035695217,"b₁":-2.277428611480043}}}}