{"likelihoods":{"pair0009":{"<":2389.252049696977,"^":2468.4383278182872,">":791.4349161569315}}}