{"parameters":{"pair0009":{"<":{"γ":4.391901392586281,"b₂":-13.815510557964274,"λ₁":3.387369823160551,"λ₂":-10.335195021415661,"a₁":-13.815510557964274,"a₂":2.667451281666814,"b₁":0.18927744757504072},"^":{"γ":-1.470724759663785,"b₂":1.2687806930619985,"λ₁":0.5189491921984288,"λ₂":-1.548103282163602,"a₁":0.007939276067375545,"a₂":-0.49780251456893865,"b₁":-0.6675935282837173},">":{"γ":4.963097241581831,"b₂":4.072505318724481,"λ₁":-13.80306551366576,"λ₂":-13.81036271350025,"a₁":0.3296588895908279,"a₂":1.9456892593790975,"b₁":-13.795906726845244}}}}