{"likelihoods":{"pair0095":{"4":{"<":23742.708172847982,"^":24173.754582321708,">":23757.65971629466},"2":{"<":25211.840421553155,"^":25781.042383799486,">":25182.90646319958},"3":{"<":24233.852575015284,"^":24751.10382579707,">":24255.939103723067},"5":{"<":23583.90418626047,"^":23780.200960126516,">":23607.75233609588},"1":{"<":26784.0783695141,"^":26970.20471990796,">":26783.453647567258}},"pair0092":{"4":{"<":285.33437762840197,"^":302.07249680293387,">":272.7521446164405},"2":{"<":314.9744108843153,"^":324.7499522171357,">":308.16317746508344},"3":{"<":299.97048217259373,"^":284.0892990428714,">":275.5004998458753},"5":{"<":297.73576400827716,"^":289.5730272484627,">":299.920887097211},"1":{"<":319.2788482961968,"^":428.39469065743293,">":323.04404945639914}},"pair0093":{"4":{"<":830.0248346927514,"^":872.2919266911817,">":833.7173015908911},"2":{"<":824.4316170126498,"^":0.0,">":821.3877043112171},"3":{"<":816.2921583667636,"^":960.6359884221016,">":0.0},"5":{"<":846.1725097672714,"^":844.6505013643405,">":0.0},"1":{"<":875.2912063513995,"^":1224.9635403234604,">":880.3104215543436}},"pair0094":{"4":{"<":24610.9113561484,"^":24980.759102946486,">":24643.1922449196},"2":{"<":25591.002840755023,"^":26135.592403239974,">":25597.628814419048},"3":{"<":24946.73187111907,"^":25413.026231483873,">":24942.416231184365},"5":{"<":24398.978392109977,"^":24704.27579623927,">":24395.061523493616},"1":{"<":26637.539801907198,"^":26970.197838774446,">":26632.489754741593}},"pair0091":{"4":{"<":327.08728806703857,"^":332.3410021791214,">":322.2935037131419},"2":{"<":305.71318029177763,"^":314.7895315498944,">":305.9455834721761},"3":{"<":352.4207224165037,"^":303.85385588018215,">":310.05470369368334},"5":{"<":323.99397171443144,"^":322.0916059639478,">":331.8766052833509},"1":{"<":363.6362899212649,"^":424.48240308896777,">":360.385680885516}}}}