{"parameters":{"pair0095":{"4":{"<":{"γ":-0.33670932014701194,"b₂":-1.6161249098577262,"λ₁":-1.534988860591266,"λ₂":-1.2468478131259246,"a₁":-0.1916097851961318,"a₂":-0.20870358676827827,"b₁":-0.14817566924370773},"^":{"γ":-1.8942820386183552,"b₂":-0.4542318373261871,"λ₁":-0.5161497742579346,"λ₂":-3.3201736250502663,"a₁":-0.2540315314356647,"a₂":-0.22766433255404195,"b₁":-0.03654629556465672},">":{"γ":0.7098442204630597,"b₂":-0.017029537267308825,"λ₁":0.01451233455417622,"λ₂":-0.012164694588696179,"a₁":-2.4680710989876253,"a₂":0.04355262507672997,"b₁":-10.080562651284804}},"2":{"<":{"γ":-0.05270499505239634,"b₂":1.7442680389305458,"λ₁":0.076750738833681,"λ₂":0.07321910067191872,"a₁":-0.5836828319470211,"a₂":1.9579107500321289,"b₁":-0.7799946094134409},"^":{"γ":-0.28599415042713794,"b₂":0.040538699523580135,"λ₁":-2.874502618709675,"λ₂":-1.345494589773141,"a₁":-0.01042846506260986,"a₂":-0.19425951294895683,"b₁":-0.02698805193834808},">":{"γ":1.682275118878124,"b₂":-0.9269161829747379,"λ₁":-1.378572748059545,"λ₂":-3.5001147932251655,"a₁":-0.13766498576626418,"a₂":-1.4708393823448649,"b₁":0.23251200552651774}},"3":{"<":{"γ":0.08649811317045497,"b₂":-4.310121975089887,"λ₁":-3.9546795582273475,"λ₂":-1.6141034026725514,"a₁":-0.2908633194463963,"a₂":-0.7370361245004204,"b₁":-1.068700824389495},"^":{"γ":0.0,"b₂":0.0,"λ₁":0.0,"λ₂":0.0,"a₁":0.0,"a₂":0.0,"b₁":0.0},">":{"γ":1.6218495711002525,"b₂":-1.5629980842211175,"λ₁":0.5778180674458806,"λ₂":-3.794514449244218,"a₁":-0.08907564953872793,"a₂":-0.8118795602456963,"b₁":1.0477800358170342}},"5":{"<":{"γ":0.7151666237938823,"b₂":-2.165475160439975,"λ₁":-2.105593091975967,"λ₂":0.6638215405238039,"a₁":1.8496094030354744,"a₂":-0.6302785978608298,"b₁":-1.874682945031818},"^":{"γ":-0.3239449166869157,"b₂":1.553084920412605,"λ₁":-1.5718055409463787,"λ₂":-1.5560065736199888,"a₁":-0.025046326612864434,"a₂":-1.9916036070111076,"b₁":-0.7572902852154844},">":{"γ":1.4955990850861411,"b₂":-1.546056970825381,"λ₁":-0.16903880402808014,"λ₂":-1.651586755084299,"a₁":0.013126871532437079,"a₂":0.5878107296735813,"b₁":0.3796000098427079}},"1":{"<":{"γ":4.430164646002904,"b₂":1.0922436301493654,"λ₁":12.921647174963635,"λ₂":3.0091261706095125,"a₁":-5.886354079044635,"a₂":1.3341535788281274,"b₁":-3.6186592419942},"^":{"γ":-13.815510557964274,"b₂":13.815510557964274,"λ₁":13.32333188967134,"λ₂":13.210612449913924,"a₁":13.815510557964274,"a₂":13.750603762574482,"b₁":13.81551055796427},">":{"γ":5.340121248045591,"b₂":-0.12969395447033172,"λ₁":10.876204543761734,"λ₂":2.975255819545957,"a₁":-0.05151798215840486,"a₂":-3.5879791093653726,"b₁":-0.19878674867936397}}},"pair0092":{"4":{"<":{"γ":2.9822655563797404,"b₂":-4.060104760305391,"λ₁":-0.9267842200302461,"λ₂":-0.38043850545731317,"a₁":-0.49629634046459614,"a₂":-0.041277757058031384,"b₁":-4.768100897664768},"^":{"γ":-0.12338422892951861,"b₂":-4.69901198859483,"λ₁":0.37157170486813484,"λ₂":-3.9672068574602672,"a₁":-0.14497827521633155,"a₂":4.342595977735179,"b₁":-5.754219923279752},">":{"γ":-4.50895618656158,"b₂":-4.136022013498259,"λ₁":-3.109792349002941,"λ₂":-2.490566656176986,"a₁":0.29420592948601687,"a₂":-0.5525352129778991,"b₁":-2.350448811095811}},"2":{"<":{"γ":0.0,"b₂":0.0,"λ₁":0.0,"λ₂":0.0,"a₁":0.0,"a₂":0.0,"b₁":0.0},"^":{"γ":9.378908529580986,"b₂":-13.770315305462244,"λ₁":-1.5743775068922492,"λ₂":-1.653008218169937,"a₁":0.00028418894619441915,"a₂":13.738303446437115,"b₁":-2.345810249177923},">":{"γ":1.5830739453535596,"b₂":0.566203104894786,"λ₁":1.5352338089402462,"λ₂":-1.2440998897019906,"a₁":0.07040946904835543,"a₂":3.954755765277504,"b₁":-0.6432728350749635}},"3":{"<":{"γ":2.617814360986163,"b₂":-3.4349971811038493,"λ₁":-0.8970840583140252,"λ₂":0.3403881109952902,"a₁":-0.0420763867000602,"a₂":-0.17483656815644544,"b₁":-0.06628735323838164},"^":{"γ":13.815510557964274,"b₂":13.741744823471606,"λ₁":-1.735789232707857,"λ₂":-3.8853088011093977,"a₁":-0.4338731338891133,"a₂":13.656611250440424,"b₁":-3.5513019935747163},">":{"γ":13.815510557964274,"b₂":-2.3725351169638564,"λ₁":-1.312015217978919,"λ₂":-0.8818614225199148,"a₁":-1.456003892604194,"a₂":-0.0203348678617985,"b₁":-2.7326530997753036}},"5":{"<":{"γ":0.6944648175440591,"b₂":-1.819667940377112,"λ₁":0.4811100087697895,"λ₂":-0.2570260409909828,"a₁":0.008749972843293818,"a₂":0.5762055273529345,"b₁":-0.5828280257124892},"^":{"γ":1.8463243096276578,"b₂":-0.22298508680016127,"λ₁":-1.744273377296583,"λ₂":-1.439325218991268,"a₁":0.22203262365439969,"a₂":0.1312991500018459,"b₁":-1.5509854260290048},">":{"γ":0.3312530927461399,"b₂":-0.7680884317118526,"λ₁":-0.7752119446338188,"λ₂":-1.2578657076184943,"a₁":0.10285665364176744,"a₂":-0.007266707182635557,"b₁":-3.6477150269364564}},"1":{"<":{"γ":11.05777790624662,"b₂":0.36697831695000893,"λ₁":1.8750070629362483,"λ₂":-0.6874617743613971,"a₁":2.2963521522445767,"a₂":1.3259996459154468,"b₁":1.9539017023176193},"^":{"γ":-3.1143688867311905,"b₂":-6.477394158213871,"λ₁":3.2461631082304834,"λ₂":13.81482264482192,"a₁":1.7043896030933254,"a₂":-13.813174535323505,"b₁":1.7882024434154022},">":{"γ":0.0,"b₂":0.0,"λ₁":0.0,"λ₂":0.0,"a₁":0.0,"a₂":0.0,"b₁":0.0}}},"pair0093":{"4":{"<":{"γ":-1.704800751172744,"b₂":-0.129595896958703,"λ₁":-0.6809456317305571,"λ₂":0.7802650183854585,"a₁":-0.47899447691741415,"a₂":0.0770981259129595,"b₁":-1.774841027804099},"^":{"γ":0.25776964411366876,"b₂":13.815510557964274,"λ₁":-3.3354203996308645,"λ₂":-2.8687957459815774,"a₁":0.06214728593026564,"a₂":-8.563127528811656,"b₁":-1.895000778743979},">":{"γ":2.059360581993177,"b₂":-2.1027640612203236,"λ₁":-1.2693870079630027,"λ₂":-3.4998885260719277,"a₁":-0.12451103796857232,"a₂":-0.15089519014848385,"b₁":-1.2458316521464319}},"2":{"<":{"γ":0.018615744906826492,"b₂":-2.402479284783336,"λ₁":1.6640140135946542,"λ₂":-0.9011397106576293,"a₁":-1.2437236487690608,"a₂":-1.067005289068513,"b₁":-0.5219754051341603},"^":{"γ":0.0,"b₂":0.0,"λ₁":0.0,"λ₂":0.0,"a₁":0.0,"a₂":0.0,"b₁":0.0},">":{"γ":0.3706221457353447,"b₂":-1.7841530743923961,"λ₁":1.7145251875689187,"λ₂":-0.14997051705897313,"a₁":-0.46717700728232536,"a₂":0.41049005617979617,"b₁":-1.801418986977172}},"3":{"<":{"γ":-0.02843421612810282,"b₂":-4.8908738354899075,"λ₁":-0.4461943562297659,"λ₂":-0.64976561948437,"a₁":-0.03795112239522602,"a₂":-0.9923314289503207,"b₁":-0.26764782551838984},"^":{"γ":-0.17939045805157683,"b₂":-0.4884266434554334,"λ₁":-0.26484011176442834,"λ₂":-0.4286372995972947,"a₁":0.07640873250529623,"a₂":-1.8438145884407202,"b₁":-1.0049586052924084},">":{"γ":0.0,"b₂":0.0,"λ₁":0.0,"λ₂":0.0,"a₁":0.0,"a₂":0.0,"b₁":0.0}},"5":{"<":{"γ":0.0,"b₂":0.0,"λ₁":0.0,"λ₂":0.0,"a₁":0.0,"a₂":0.0,"b₁":0.0},"^":{"γ":0.07888493968039434,"b₂":5.594741979228019,"λ₁":-1.679163576217773,"λ₂":-2.90847439168925,"a₁":-0.4221225655572187,"a₂":-8.75815714683569,"b₁":-1.4553048599129923},">":{"γ":0.0,"b₂":0.0,"λ₁":0.0,"λ₂":0.0,"a₁":0.0,"a₂":0.0,"b₁":0.0}},"1":{"<":{"γ":0.44534394152694823,"b₂":-1.2345758858286917,"λ₁":8.200436885454675,"λ₂":-0.2539363474997085,"a₁":-0.07502465384162527,"a₂":0.4582869969927934,"b₁":-0.2902774000325188},"^":{"γ":-13.815510557964274,"b₂":-13.815510557964274,"λ₁":13.81551055796427,"λ₂":13.815510557964274,"a₁":13.815510557964274,"a₂":-13.815510557964274,"b₁":13.815510557964274},">":{"γ":1.3370742900686157,"b₂":-0.08914001846992292,"λ₁":2.141637373096243,"λ₂":0.17502500044605895,"a₁":-0.014765111834876166,"a₂":-0.31529266031584946,"b₁":-0.44548667319057245}}},"pair0094":{"4":{"<":{"γ":-2.671923562751509,"b₂":-10.775991518977973,"λ₁":-5.022477957696285,"λ₂":-5.29475692474988,"a₁":-1.915684314449063,"a₂":-9.270321130987261,"b₁":-7.6060588542253305},"^":{"γ":-1.003776984005336,"b₂":-7.6585630219791545,"λ₁":-5.163046179067511,"λ₂":0.7367069535003328,"a₁":-0.26359177359758057,"a₂":0.01704299442475765,"b₁":-4.529457222717227},">":{"γ":-4.309260950352094,"b₂":0.2136222917484627,"λ₁":-1.2385188419837334,"λ₂":-1.4698738337253374,"a₁":-0.008725281798303897,"a₂":-1.0649528919962457,"b₁":-0.34063748390632576}},"2":{"<":{"γ":0.3519442452381618,"b₂":-0.5207974193413065,