{"likelihoods":{"pair0050":{"<":905.5010323020507,"^":916.0184088895719,">":909.1472805218344},"pair0043":{"<":23.385470989324798,"^":917.8102196380802,">":21.60012294980205},"pair0045":{"<":1502.3660993852698,"^":1717.365515488471,">":1500.5374029216905},"pair0042":{"<":2243.375536019158,"^":2254.693599858305,">":2224.724591701925},"pair0046":{"<":1424.9858875996126,"^":1469.2924353958197,">":1445.671056706705},"pair0049":{"<":899.8468931043624,"^":908.2544302523626,">":894.5026013414882},"pair0044":{"<":-1213.6206520626984,"^":-56.39248078301311,">":-916.0485922551813},"pair0041":{"<":1974.6730630418729,"^":1924.096086113643,">":1966.738041815988},"pair0047":{"<":-731.5696984245888,"^":-692.5107458015551,">":-843.2067705286946},"pair0048":{"<":449.88415857863487,"^":451.6101701203706,">":450.3499160429937}}}