{"parameters":{"pair0050":{"<":{"γ":-0.059595869998394946,"b₂":-0.4259949623425747,"λ₁":-0.06692220748875499,"λ₂":0.5264853609654825,"a₁":0.2508948726764242,"a₂":-0.21627880464954252,"b₁":-0.5051078660948072},"^":{"γ":0.8368990925737343,"b₂":9.210340371976185,"λ₁":-1.8953022599474538,"λ₂":-2.446374415472742,"a₁":2.330797007300056,"a₂":2.705998665204282,"b₁":0.7243562694797561},">":{"γ":1.7763568394002505e-15,"b₂":1.7763568394002505e-15,"λ₁":1.7763568394002505e-15,"λ₂":1.7763568394002505e-15,"a₁":1.7763568394002505e-15,"a₂":1.7763568394002505e-15,"b₁":1.7763568394002505e-15}},"pair0043":{"<":{"γ":0.8208875355043137,"b₂":-9.20847170709584,"λ₁":-7.220465350728161,"λ₂":-6.527561929835757,"a₁":0.6371595054831776,"a₂":0.059190962428139926,"b₁":-1.926389679424747},"^":{"γ":1.9612129908609983,"b₂":2.1654652622758235,"λ₁":-4.259630541033753,"λ₂":-3.126813634610735,"a₁":-0.306994439546056,"a₂":-1.7786842102016944,"b₁":-3.7233216708981542},">":{"γ":9.20994586890295,"b₂":-8.555792175422729,"λ₁":-4.133980624516295,"λ₂":-4.867631442422859,"a₁":-7.531338866421365,"a₂":-0.9613792770990433,"b₁":-9.195358546188393}},"pair0045":{"<":{"γ":1.8088707230835936,"b₂":-6.653539545135317,"λ₁":-1.4267286200208495,"λ₂":-2.819074424286347,"a₁":-3.6185558579852044,"a₂":-1.6515503043945552,"b₁":-9.042395703470591},"^":{"γ":3.0380324184481147,"b₂":-1.753722834980091,"λ₁":-2.1465566274387715,"λ₂":-1.455012449932192,"a₁":-0.1705061180588121,"a₂":-0.9350647723818426,"b₁":-3.4675692744734183},">":{"γ":1.6697980123503715,"b₂":-9.13065087457092,"λ₁":-0.14578253303394817,"λ₂":-3.9221170444047306,"a₁":-1.6925609760928406,"a₂":-2.7916986219250646,"b₁":-4.759974235594252}},"pair0042":{"<":{"γ":-3.379657615933973,"b₂":-1.346795672420047,"λ₁":4.28591373723579,"λ₂":-3.0430595767874484,"a₁":0.28911130625868076,"a₂":-4.628819523226432,"b₁":0.5347034521697545},"^":{"γ":2.628442620607485,"b₂":-9.210340371976182,"λ₁":-2.549308921131824,"λ₂":0.16323512869211143,"a₁":0.7777438531160605,"a₂":-9.210340371976182,"b₁":-2.5993254273219133},">":{"γ":0.020612879680891538,"b₂":2.7366823137950576,"λ₁":0.04275501476256949,"λ₂":0.05047323107916313,"a₁":0.03658777183087736,"a₂":5.175894398453748,"b₁":0.0010899531152031017}},"pair0046":{"<":{"γ":-1.0468800086042016,"b₂":-2.5650558923794566,"λ₁":-4.788888241329119,"λ₂":-2.3640106271668113,"a₁":-7.757729544659845,"a₂":0.5249165575043033,"b₁":-3.794801491505578},"^":{"γ":3.649596628690567,"b₂":9.210340371976185,"λ₁":-2.324988095905895,"λ₂":-2.3449311707929255,"a₁":-1.3171041961815781,"a₂":-9.210340371976182,"b₁":-4.339393108980171},">":{"γ":0.2947081981856865,"b₂":-9.205883043649637,"λ₁":-9.209578224304257,"λ₂":-3.0337041344630755,"a₁":0.09890296069381144,"a₂":-9.189732424962203,"b₁":-6.116582168598809}},"pair0049":{"<":{"γ":1.7763568394002505e-15,"b₂":1.7763568394002505e-15,"λ₁":1.7763568394002505e-15,"λ₂":1.7763568394002505e-15,"a₁":1.7763568394002505e-15,"a₂":1.7763568394002505e-15,"b₁":1.7763568394002505e-15},"^":{"γ":7.229941073465691,"b₂":-2.6073548572886667,"λ₁":-0.6549085047755234,"λ₂":-1.0167390651433745,"a₁":0.6809039997595399,"a₂":-9.210340371976182,"b₁":-0.8559476757539848},">":{"γ":-0.054763502260685826,"b₂":0.15228333728397025,"λ₁":-0.541349531153374,"λ₂":1.3276088202511165,"a₁":0.6201203201040375,"a₂":0.1540007612040153,"b₁":-0.8371415805956754}},"pair0044":{"<":{"γ":0.7253854961408503,"b₂":-9.210340371976182,"λ₁":-4.278851148913954,"λ₂":-7.0770828678730275,"a₁":-3.2398209340110027,"a₂":-0.5429149272655636,"b₁":-9.181688980411991},"^":{"γ":-0.7408729487444514,"b₂":-9.180459874490982,"λ₁":-2.6973658438034738,"λ₂":-1.4701443324189922,"a₁":-3.0513325855385363,"a₂":-3.2930018744632124,"b₁":-6.524506967732144},">":{"γ":-1.3562893809545535,"b₂":-3.25441509299566,"λ₁":-2.4368451918122975,"λ₂":-4.827401746831767,"a₁":0.8572712268661036,"a₂":3.5071520654887482,"b₁":1.2094324877502185}},"pair0041":{"<":{"γ":3.6072284732538087,"b₂":-0.32916908301932857,"λ₁":-0.10227320181575372,"λ₂":-0.13323263298146415,"a₁":0.7229793857292037,"a₂":-0.41881904204329423,"b₁":-1.3791448693079946},"^":{"γ":9.208942876398917,"b₂":-9.197293697438482,"λ₁":-2.8130234227510638,"λ₂":-1.0228703430633388,"a₁":-0.17665463224888,"a₂":-9.205480276232404,"b₁":-3.0672093900890856},">":{"γ":-1.1749816856197857,"b₂":-2.13518177926888,"λ₁":-2.0846449480837155,"λ₂":-0.5180026900246659,"a₁":-0.007801907457041679,"a₂":0.08843947438528765,"b₁":0.012634219683041792}},"pair0047":{"<":{"γ":3.4944216326278568,"b₂":-6.923244296881808,"λ₁":-9.210340371976182,"λ₂":3.555333811634375,"a₁":-2.4530188215378175,"a₂":-3.6256086305275836,"b₁":-9.21031102247987},"^":{"γ":7.086974261403023,"b₂":0.5279729013488144,"λ₁":3.001607380115642,"λ₂":-9.210340371976182,"a₁":1.4202397204552053,"a₂":4.3467714809894105,"b₁":-9.210340371976182},">":{"γ":-1.8538768871866766,"b₂":1.59240540306312,"λ₁":-9.210340371976182,"λ₂":-6.065657577753778,"a₁":4.570436079279437,"a₂":3.1537983057937478,"b₁":-9.210340371976182}},"pair0048":{"<":{"γ":0.3796268889580947,"b₂":-0.002754594848319414,"λ₁":-1.034167047215231,"λ₂":0.5631715546696601,"a₁":-0.045065960342974165,"a₂":-0.012347450381893665,"b₁":-1.3090100091822086},"^":{"γ":9.20631772176577,"b₂":-5.586057921831598,"λ₁":-0.5492667670483087,"λ₂":-3.4345281647942016,"a₁":0.6731442436879682,"a₂":8.500255086289494,"b₁":-0.9064207407628153},">":{"γ":1.8736364327352533,"b₂":-0.1965908977687878,"λ₁":2.946413099837306,"λ₂":0.10564037082372124,"a₁":1.9758724107810224,"a₂":0.0824680031845606,"b₁":2.08218141536981}}}}