{"likelihoods":{"pair0017":{"<":958.657322871091,"^":976.0007289271064,">":1143.926247903488},"pair0016":{"<":937.5262588990381,"^":946.8450666824459,">":931.0777531430333},"pair0020":{"<":860.1521047407826,"^":865.0305999639321,">":849.9831887570402},"pair0019":{"<":328.9658136650039,"^":324.32975401251485,">":324.99278695222336},"pair0018":{"<":522.33026902835,"^":543.1930093029873,">":513.4717662521001}}}