{"parameters":{"pair0017":{"<":{"γ":-2.5890369358857344,"b₂":-9.209668259497994,"λ₁":-5.423998186797871,"λ₂":3.3367517685644934,"a₁":-1.8161967189673804,"a₂":-1.6786928751367594,"b₁":-9.2042798004888},"^":{"γ":0.246780493454283,"b₂":3.4157814886209668,"λ₁":-0.6709534295452588,"λ₂":-4.837743251174113,"a₁":-3.3098912818820967,"a₂":-3.7989168507181557,"b₁":-9.176471502558156},">":{"γ":1.7763568394002505e-15,"b₂":-6.140226914650787,"λ₁":1.7763568394002505e-15,"λ₂":1.7763568394002505e-15,"a₁":1.7763568394002505e-15,"a₂":1.7763568394002505e-15,"b₁":1.7763568394002505e-15}},"pair0016":{"<":{"γ":4.556138590702549,"b₂":-2.050654137492897,"λ₁":-1.3119745739698763,"λ₂":-0.4137147445185132,"a₁":1.3339970059978956,"a₂":-0.21983765781142317,"b₁":0.1918767415870466},"^":{"γ":1.4310563328889767,"b₂":-0.1438970041102543,"λ₁":-1.3118574181879072,"λ₂":-0.5054245551949421,"a₁":-0.18652630048617702,"a₂":-1.936665940539691,"b₁":-0.5670072629945757},">":{"γ":1.2517826036768405,"b₂":1.7477965906799469,"λ₁":0.35124366000486695,"λ₂":2.8522951744836718,"a₁":0.18728469915938284,"a₂":2.3645046472652105,"b₁":-0.5878313887518267}},"pair0020":{"<":{"γ":0.45559936538942836,"b₂":-2.0060937709549016,"λ₁":0.4097408391263446,"λ₂":-0.8268500235832246,"a₁":-0.17004690275702394,"a₂":-0.037883181330359506,"b₁":-1.27365849644369},"^":{"γ":2.3455827966273457,"b₂":9.203913637084176,"λ₁":-6.296129758520432,"λ₂":-0.4360475833243047,"a₁":-2.574971840893637,"a₂":3.0888817869414957,"b₁":-9.196299099985378},">":{"γ":0.5640904076007889,"b₂":-1.1615124921531965,"λ₁":-0.0722821587869742,"λ₂":-0.4191067503637811,"a₁":0.06609094021471051,"a₂":0.1343671971871956,"b₁":-1.760715395382392}},"pair0019":{"<":{"γ":4.177896230777762,"b₂":-1.3218485667678266,"λ₁":-1.6439606025469509,"λ₂":-0.8442317539641522,"a₁":0.16881149699755404,"a₂":0.6291516949205711,"b₁":-0.9423063940570024},"^":{"γ":-0.2734370057419273,"b₂":8.250732547540602,"λ₁":-7.865695669204809,"λ₂":-0.9170517846718731,"a₁":0.11552179937545404,"a₂":-3.6769591633532626,"b₁":-3.2598134676043093},">":{"γ":0.45075142694959425,"b₂":-1.654961629964669,"λ₁":-2.3909523663522636,"λ₂":-0.8288512342541434,"a₁":0.026498710789669033,"a₂":0.10929544939263991,"b₁":-1.96816609273752}},"pair0018":{"<":{"γ":9.208476177135546,"b₂":-4.1428005323340304,"λ₁":-0.889062142429264,"λ₂":-2.9191195313540703,"a₁":-0.8871129821403496,"a₂":-3.835060625404946,"b₁":-2.069167746577331},"^":{"γ":4.39120358150373,"b₂":-9.11167925404268,"λ₁":-4.04876019356004,"λ₂":-9.19892006723192,"a₁":-0.021376821621036157,"a₂":-8.920437770207384,"b₁":-3.431285471028227},">":{"γ":1.7443431410042152,"b₂":-2.9447895000354345,"λ₁":-4.239148833745049,"λ₂":-0.3800085481599407,"a₁":0.08665239759189447,"a₂":-0.9760327064877892,"b₁":-4.539674081188729}}}}