{"likelihoods":{"pair0045":{"4":{"<":1499.823074729027,"^":1750.6363852976071,">":1486.0051267004699},"2":{"<":1596.5035653262519,"^":2111.2157707925944,">":1607.127396873732},"3":{"<":1458.7912080836327,"^":1810.1506738762548,">":1551.6148492685677},"5":{"<":1532.4918044116935,"^":1654.0533653032126,">":1473.2138873729564},"1":{"<":1776.128447283137,"^":0.0,">":1778.4410773028835}},"pair0044":{"4":{"<":-1240.2219927949025,"^":-8.07869722025074,">":-1191.9392119013125},"2":{"<":-997.4295249245163,"^":676.460491747389,">":-938.5052400921753},"3":{"<":-1056.502299734466,"^":188.54137158332034,">":-1174.4326546211532},"5":{"<":-976.7609622959228,"^":-107.72767912507162,">":-950.9709493851949},"1":{"<":-92.04489610197446,"^":2849.898994933819,">":-107.72252599297423}}}}