{"parameters":{"pair0045":{"4":{"<":{"m₁":-0.01823424923852457,"γ":0.02053507759497819,"b₂":-13.815510557964274,"λ₁":0.012611732741099502,"λ₂":-6.481212639275996,"a₁":0.020402502726751592,"a₂":-0.001332101075263381,"m₂":0.023843005224339464,"b₁":0.04167845137946813},"^":{"m₁":-0.4754842181446506,"γ":0.636335055461366,"b₂":1.2020909665057733,"λ₁":0.27064440025676895,"λ₂":-1.5954724738884867,"a₁":0.03617454391179464,"a₂":-0.13499275773581587,"m₂":-0.4938182963364621,"b₁":-2.6074865603067714},">":{"m₁":0.13072202503211017,"γ":4.319961457944711,"b₂":-13.772769210506697,"λ₁":2.8889694996342676,"λ₂":-2.0801165404670776,"a₁":-4.331006972265401,"a₂":-1.261150859950103,"m₂":0.6519798890281052,"b₁":-6.970794179121969}},"2":{"<":{"m₁":-0.9793619412817396,"γ":0.125904667444539,"b₂":0.055722132356534004,"λ₁":-0.7152591134232864,"λ₂":-0.30931252201712134,"a₁":0.03955413301809152,"a₂":1.5841639514990469,"m₂":0.32362658051214055,"b₁":-0.5968147708115374},"^":{"m₁":-1.7217908527608632,"γ":0.732929491182583,"b₂":-6.6396079107989365,"λ₁":-2.8243579866460973,"λ₂":-1.2450466874243116,"a₁":-0.22570757660488283,"a₂":2.127974386571063,"m₂":-0.7228083996109564,"b₁":-1.224216360702595},">":{"m₁":0.0,"γ":0.0,"b₂":0.0,"λ₁":0.0,"λ₂":0.0,"a₁":0.0,"a₂":0.0,"m₂":0.0,"b₁":0.0}},"3":{"<":{"m₁":-3.4586974203832366,"γ":1.7795956125108976,"b₂":-5.4350954520295875,"λ₁":-4.742809793718484,"λ₂":-4.401773334243767,"a₁":-0.05401702252628482,"a₂":-1.3845739014445684,"m₂":-0.4179957195077062,"b₁":-1.3168423592764196},"^":{"m₁":0.17902458547085054,"γ":2.1846450659506402,"b₂":0.2278331073963944,"λ₁":-0.7692628919809668,"λ₂":-0.9935705169152733,"a₁":-0.10804918178694756,"a₂":1.0346360867223172,"m₂":0.1659349836835471,"b₁":-2.1609530932776018},">":{"m₁":-0.5516277569220005,"γ":-0.034586841402541424,"b₂":-0.14693381785740378,"λ₁":-1.638313779866463,"λ₂":-3.3843835961171216,"a₁":1.387594299443423,"a₂":-0.4359069784384495,"m₂":0.9962518106445355,"b₁":0.15121304475355934}},"5":{"<":{"m₁":-4.708461233861117,"γ":-1.6615854539667456,"b₂":-13.803645308333895,"λ₁":-6.244926512265315,"λ₂":-6.393576235403463,"a₁":-12.961032176495385,"a₂":-9.958003811381039,"m₂":1.7971477998102952,"b₁":-11.080334393593072},"^":{"m₁":-0.02103135076874274,"γ":1.1988959354757878,"b₂":0.8798087758766648,"λ₁":-2.448965958677089,"λ₂":-1.8236690710421275,"a₁":0.08002798736163541,"a₂":-0.4597149495313779,"m₂":0.18711319478084398,"b₁":-2.509450884808439},">":{"m₁":0.8588881711578527,"γ":-1.0726787998114897,"b₂":-1.8327590471643411,"λ₁":-0.19303859372728915,"λ₂":-2.2276341311540016,"a₁":0.0017034429373445903,"a₂":0.30835704302642775,"m₂":0.4806731956093273,"b₁":-1.5690400547894257}},"1":{"<":{"m₁":-0.4759997542875283,"γ":-0.4111391553434345,"b₂":0.7103614387770829,"λ₁":0.18237036266090811,"λ₂":-0.993553286753988,"a₁":-0.2910327149964065,"a₂":2.832373538209694,"m₂":0.14561986088557433,"b₁":0.11621234734949759},"^":{"m₁":0.0,"γ":0.0,"b₂":0.0,"λ₁":0.0,"λ₂":0.0,"a₁":0.0,"a₂":0.0,"m₂":0.0,"b₁":0.0},">":{"m₁":-0.03456454109399232,"γ":0.0034530572613817867,"b₂":-1.7725296600559872,"λ₁":-0.01140189874385733,"λ₂":0.05093842384450653,"a₁":0.04117941077902998,"a₂":-0.019337720315999007,"m₂":-0.00036343668549143615,"b₁":0.06951700643781145}}},"pair0044":{"4":{"<":{"m₁":0.9229995115435798,"γ":-0.23314543753263806,"b₂":-7.404173252596702,"λ₁":-3.7143219015246647,"λ₂":-6.903996645421381,"a₁":-0.5165349805032697,"a₂":-0.12517035596084902,"m₂":0.16594301599871564,"b₁":-4.556919787944096},"^":{"m₁":-0.9673545145110314,"γ":-0.3511053812543796,"b₂":5.22994734068925,"λ₁":-7.858283795657501,"λ₂":-5.757915397252184,"a₁":-1.1816622959575032,"a₂":-5.6691169911057795,"m₂":-0.22292421062529577,"b₁":-3.6396843812947193},">":{"m₁":-1.336374948097891,"γ":-2.725960421949596,"b₂":-8.365110861731166,"λ₁":-7.313186670038839,"λ₂":-10.642491389461235,"a₁":-5.820092643888199,"a₂":0.025414713732756056,"m₂":-0.6642866509850069,"b₁":-8.485803219503872}},"2":{"<":{"m₁":0.6332802578462715,"γ":-0.8542060797558406,"b₂":-13.815510557964274,"λ₁":0.9913059385606449,"λ₂":-11.344681333228179,"a₁":-2.172535213761547,"a₂":-4.096663118416799,"m₂":-1.1750540163243315,"b₁":-1.0832454268639946},"^":{"m₁":1.902238022232897,"γ":0.009388209906088463,"b₂":-1.981373755096472,"λ₁":-4.848692236748404,"λ₂":-5.178417829923806,"a₁":-0.10972754969926513,"a₂":-4.083782864114481,"m₂":0.1179878594844812,"b₁":-2.8887630683993173},">":{"m₁":-4.009020234729453,"γ":-1.8795503595210779,"b₂":-13.809304073161526,"λ₁":-8.996490690482556,"λ₂":-12.97990801908008,"a₁":1.8809132060364728,"a₂":-5.390099194253324,"m₂":9.960718717279729,"b₁":-4.893533098768797}},"3":{"<":{"m₁":-10.0,"γ":13.815510557964274,"b₂":-13.815510557964274,"λ₁":-13.815510557964274,"λ₂":-13.815510557964274,"a₁":-13.815510557964274,"a₂":-13.815510557964274,"m₂":-10.0,"b₁":-13.815510557964274},"^":{"m₁":1.6211283754813124,"γ":-0.4328621346132593,"b₂":13.793828487611155,"λ₁":-10.829475829206832,"λ₂":-7.367752653825884,"a₁":-3.9884204737097377,"a₂":-13.815510557964274,"m₂":-1.0122695435710742,"b₁":-13.814219824581777},">":{"m₁":0.5465541006248245,"γ":4.805937505481232,"b₂":-9.484277743931615,"λ₁":1.4645342298658015,"λ₂":-9.638236901822136,"a₁":-1.7990933662666162,"a₂":-3.893593177400005,"m₂":1.1684541765660956,"b₁":-2.5198450347778145}},"5":{"<":{"m₁":-3.0326866108734842,"γ":-13.81513071034388,"b₂":-6.577629071053078,"λ₁":-5.135389396630206,"λ₂":-9.42316443018975,"a₁":11.300259534219702,"a₂":0.7492464002729644,"m₂":-1.9603509027408013,"b₁":9.019921359611185},"^":{"m₁":1.5939490207212348,"γ":0.5021136406689006,"b₂":0.0519476467989648,"λ₁":-6.996797246426806,"λ₂":-0.8379219247869099,"a₁":0.10637380806325325,"a₂":1.1482466361840746,"m₂":-0.22225853700956755,"b₁":-2.5098458376089656},">":{"m₁":0.42585345579630385,"γ":-0.009688104180749946,"b₂":-13.768880521322156,"λ₁":-0.42010357239793095,"λ₂":-0.04519233288654867,"a₁":0.09364371420663709,"a₂":-0.17929761266191946,"m₂":0.23068432871946776,"b₁":-3.085774893915584}},"1":{"<":{"m₁":-5.498411130878536,"γ":-6.172513892822621,"b₂":-3.1465220769276208,"λ₁":-0.3779713961458917,"λ₂":-8.057477045201946,"a₁":0.530044552310569,"a₂":-13.796143467915007,"m₂":1.0088958387789582,"b₁":-0.29546003465789816},"^":{"m₁":-0.1024434923157802,"γ":-1.23563180426126,"b₂":-5.742405090730241,"λ₁":1.5152066293478494,"λ₂":-0.713443609371744,"a₁":0.02736761126264753,"a₂":-0.8856481153622635,"m₂":0.20090853108512619,"b₁":-0.3557373149085805},">":{"m₁":-9.994753943024108,"γ":5.27335274423006,"b₂":-8.340996276023812,"λ₁":-4.866652063974156,"λ₂":-13.473926832256383,"a₁":-6.32373764491939,"a₂":-7.247920060352035,"m₂":0.14989443446611794,"b₁":-8.891803340530704}}}}}