{"likelihoods":{"pair0058":{"<":503.7662791904098,"^":505.04873286407025,">":503.363698321565},"pair0051":{"<":1004.5604973994816,"^":1005.4792236679738,">":1002.2143219925048},"pair0059":{"<":501.04476582054485,"^":505.90887254097356,">":507.37513478106564},"pair0057":{"<":510.03338314992504,"^":505.13902425424425,">":500.39678928589353},"pair0056":{"<":498.5775664943581,"^":496.3099346851884,">":491.90041978746115}}}