{"parameters":{"pair0058":{"<":{"γ":1.7763568394002505e-15,"b₂":1.7763568394002505e-15,"λ₁":1.7763568394002505e-15,"λ₂":1.7763568394002505e-15,"a₁":1.7763568394002505e-15,"a₂":1.7763568394002505e-15,"b₁":1.7763568394002505e-15},"^":{"γ":9.101227575903058,"b₂":-9.188076098988054,"λ₁":-0.5593498162932811,"λ₂":-0.06630184362162872,"a₁":0.21243362016347334,"a₂":9.2073661226639,"b₁":-0.9247632867626585},">":{"γ":3.5017506267328145,"b₂":0.621834376631762,"λ₁":-0.12421512478334051,"λ₂":0.022694892450303428,"a₁":0.1991122414373816,"a₂":0.5813836534158678,"b₁":-0.5305889997649675}},"pair0051":{"<":{"γ":5.814905987368574,"b₂":-6.026536339704248,"λ₁":-0.524959404924175,"λ₂":0.5751425945390043,"a₁":0.06925419778755959,"a₂":-1.0233538215614697,"b₁":0.021109012238550662},"^":{"γ":9.203962141226421,"b₂":9.210340371976185,"λ₁":1.1749986329518034,"λ₂":-1.3833817250874185,"a₁":0.2904099873426311,"a₂":-8.752213088264774,"b₁":-0.24074061946305214},">":{"γ":9.003933940935367,"b₂":-2.124990791183815,"λ₁":5.299383984860732,"λ₂":0.3920379914047185,"a₁":0.6775799916981082,"a₂":-1.41696331994343,"b₁":0.7966391742950929}},"pair0059":{"<":{"γ":8.955264206060784,"b₂":-3.4086186325841377,"λ₁":0.899011578005334,"λ₂":0.5425574820960879,"a₁":1.2032040317845727,"a₂":-0.2759623778414575,"b₁":0.45441456491261256},"^":{"γ":8.877114232047775,"b₂":-9.186220373537486,"λ₁":-1.6637305134721885,"λ₂":-0.33200009663658214,"a₁":0.15168889435166122,"a₂":0.5777089890379958,"b₁":-1.426943056910237},">":{"γ":0.22332996960277285,"b₂":-0.6583912341986213,"λ₁":-0.9064143517251999,"λ₂":0.09512088103021199,"a₁":0.030136130838888775,"a₂":0.06921301217652953,"b₁":-1.419206148629061}},"pair0057":{"<":{"γ":3.84415998525278,"b₂":-2.670651631727229,"λ₁":-4.053622865997421,"λ₂":2.317909813262835,"a₁":8.812956908545777,"a₂":-2.468454188247395,"b₁":8.010072831823011},"^":{"γ":6.490963042495663,"b₂":9.131569591292857,"λ₁":-0.9953639513213393,"λ₂":-1.340264062215244,"a₁":-0.8130763020435534,"a₂":3.8548268019128873,"b₁":-2.6708267552839855},">":{"γ":9.143896117528746,"b₂":-0.5874518435244518,"λ₁":-0.674586412177149,"λ₂":0.7774833584659557,"a₁":0.21390902548796475,"a₂":-0.38505444166912994,"b₁":-0.78585204627956}},"pair0056":{"<":{"γ":1.250676746123876,"b₂":-2.2592124215430562,"λ₁":-0.21555288467880018,"λ₂":-0.5066436805821457,"a₁":-0.18824276129268114,"a₂":0.19566083059211614,"b₁":-0.3521809623869796},"^":{"γ":9.210340371976185,"b₂":9.210340371976185,"λ₁":-0.6292806226575536,"λ₂":-0.09026512592441982,"a₁":0.3623463449301738,"a₂":9.210340371976185,"b₁":-0.24621352935592},">":{"γ":2.053243219494366,"b₂":-1.9622643382589127,"λ₁":-0.7288793710543651,"λ₂":0.578099700144362,"a₁":0.19966423952358703,"a₂":-0.38559911974979855,"b₁":-1.5047973369378669}}}}