{"likelihoods":{"pair0027":{"4":{"<":-667.1527134376765,"^":-727.6084551416099,">":-735.5995565418289},"2":{"<":-617.6447844599759,"^":-696.8706303600984,">":-680.5175625195159},"3":{"<":-652.661081283814,"^":-625.3022936119746,">":-743.1663018793878},"5":{"<":-691.9923150448212,"^":-722.7851016953033,">":-702.9030783340487},"1":{"<":2840.8510962205632,"^":2842.2913453471956,">":2842.046789207505}},"pair0028":{"4":{"<":2632.2437788457373,"^":2329.0411310158265,">":2439.723027039629},"2":{"<":2745.953822636579,"^":2763.5643915216997,">":2748.1266514562067},"3":{"<":2712.138956616468,"^":2683.692188671169,">":2700.758062079498},"5":{"<":2682.075552374711,"^":2540.3717975752056,">":2688.5318845864463},"1":{"<":2803.5732642379953,"^":2843.220292283163,">":2761.081397503712}},"pair0029":{"4":{"<":733.8822619014713,"^":752.1539391340164,">":685.9825128103018},"2":{"<":801.0811434235804,"^":806.5039534020393,">":739.4763034132075},"3":{"<":763.8667061056765,"^":688.5031498181045,">":649.2796018190132},"5":{"<":872.9484816793426,"^":655.2885079040269,">":737.5070928382166},"1":{"<":2782.019893270502,"^":2837.020970600543,">":2784.9090388031905}}}}