{"parameters":{"pair0027":{"4":{"<":{"γ":-1.9184151904002533,"b₂":-9.210340371976182,"λ₁":5.11277124582554,"λ₂":-9.210340371976182,"a₁":-8.64223327327625,"a₂":-9.204012666700338,"b₁":-4.256200749367615},"^":{"γ":-0.9973277030838652,"b₂":3.524269206038797,"λ₁":-9.210340371976182,"λ₂":3.382681736644372,"a₁":-9.210340371976182,"a₂":-2.2277942952765413,"b₁":-9.210340371976182},">":{"γ":-9.162062704429221,"b₂":-4.783850778886224,"λ₁":-9.210340371976182,"λ₂":5.618013598555152,"a₁":-3.1772656726851736,"a₂":-8.820462576075887,"b₁":-9.209070155096901}},"2":{"<":{"γ":-9.184819355226617,"b₂":-9.210340371976182,"λ₁":-9.210340371976182,"λ₂":-9.210340371976182,"a₁":-9.18878032218903,"a₂":-8.850727424425939,"b₁":-2.260780995229597},"^":{"γ":8.20031978049112,"b₂":9.210340371976185,"λ₁":-9.210340371976182,"λ₂":9.182344660934644,"a₁":-2.2823109990100034,"a₂":4.515109502394859,"b₁":-9.210340371976182},">":{"γ":9.210340371976185,"b₂":1.1710028977105758,"λ₁":-9.210340371976182,"λ₂":6.141482980595116,"a₁":1.8529623995793063,"a₂":-1.259218402875713,"b₁":-9.210340371976182}},"3":{"<":{"γ":-9.187040009656101,"b₂":-9.210340371976182,"λ₁":9.100580707024223,"λ₂":-9.210340371976182,"a₁":-9.13850079469684,"a₂":-9.1963194430015,"b₁":-9.101570518353894},"^":{"γ":5.390777362380749,"b₂":1.3573393748906053,"λ₁":-9.195133865428723,"λ₂":9.210340371976185,"a₁":-9.206041635866086,"a₂":9.210340371976185,"b₁":-9.202643802231577},">":{"γ":-2.5759270690802056,"b₂":-1.1915121790998846,"λ₁":-9.209935127436509,"λ₂":6.187604828400886,"a₁":-2.130567441365473,"a₂":-9.198986622389596,"b₁":-9.21001147656027}},"5":{"<":{"γ":-9.195359540263404,"b₂":-9.208640896392085,"λ₁":9.103267661294455,"λ₂":-9.181142697321354,"a₁":-0.8653180762395429,"a₂":0.560381705951551,"b₁":-3.0802891054501433},"^":{"γ":-8.274522229457485,"b₂":0.8256676856778924,"λ₁":-9.192532379975267,"λ₂":-9.205698946334717,"a₁":-2.1319949427976157,"a₂":-9.157297708058985,"b₁":-9.210340371976182},">":{"γ":2.726585622399952,"b₂":-3.431382205517097,"λ₁":-9.210340371976182,"λ₂":9.210144017186915,"a₁":-8.55633418275316,"a₂":-9.210340371976182,"b₁":-9.210340371976182}},"1":{"<":{"γ":0.26261172843777025,"b₂":-1.2719904231420855,"λ₁":1.920737959093227,"λ₂":4.5285102284935554,"a₁":-0.7960319392026367,"a₂":-0.10946584594919173,"b₁":-7.505055294074366},"^":{"γ":-9.198758871369284,"b₂":9.210340371976185,"λ₁":9.20973738455598,"λ₂":9.194271833764324,"a₁":0.9935279218441746,"a₂":9.210101505025504,"b₁":0.8829292503378525},">":{"γ":-5.517998533350591,"b₂":1.4399533925496257,"λ₁":4.258195867422714,"λ₂":2.622980313561042,"a₁":-1.0418313361264069,"a₂":1.2237451259011607,"b₁":0.03944820463470755}}},"pair0028":{"4":{"<":{"γ":-9.208507746067466,"b₂":-9.208040480111695,"λ₁":-9.20881248907172,"λ₂":-9.208766360813327,"a₁":-2.802449507104596,"a₂":-9.208715154404493,"b₁":-4.976244710954513},"^":{"γ":-9.208835008890297,"b₂":9.210022988212538,"λ₁":-9.208013259649784,"λ₂":9.20937779934536,"a₁":-3.082120927439659,"a₂":9.209867751173144,"b₁":-9.20795984972461},">":{"γ":-5.051279297467038,"b₂":-9.210340371976182,"λ₁":-5.9866197152401295,"λ₂":6.725936630456664,"a₁":-9.156030135892122,"a₂":-4.115833663239871,"b₁":-9.199935610186017}},"2":{"<":{"γ":1.7433746609702485,"b₂":-0.21089253404937303,"λ₁":0.5746753387851893,"λ₂":1.0224562664418517,"a₁":0.024732716817105427,"a₂":-0.15595425496666415,"b₁":-0.34964593496692054},"^":{"γ":0.11461594920865537,"b₂":-0.024649494714722664,"λ₁":-0.04930235431461405,"λ₂":-0.6587725039516634,"a₁":0.005620372869175938,"a₂":0.03334619343710976,"b₁":-0.009018155065380284},">":{"γ":1.7763568394002505e-15,"b₂":1.7763568394002505e-15,"λ₁":1.7763568394002505e-15,"λ₂":1.7763568394002505e-15,"a₁":1.7763568394002505e-15,"a₂":1.7763568394002505e-15,"b₁":1.7763568394002505e-15}},"3":{"<":{"γ":-0.13502655233852678,"b₂":-0.1630505120971666,"λ₁":0.4185615236167255,"λ₂":0.5381867307081087,"a₁":-0.04094605674743512,"a₂":0.11589091367217641,"b₁":-0.7543623115826996},"^":{"γ":0.2692651539210633,"b₂":0.4166702407175844,"λ₁":-3.083329554009807,"λ₂":0.26980869359286785,"a₁":-0.07441429333307248,"a₂":-0.22354306201198781,"b₁":-0.6274766172640813},">":{"γ":1.6042144668019915,"b₂":0.5583328301092934,"λ₁":-0.19311298263736631,"λ₂":0.21263042840635826,"a₁":2.215052757194295,"a₂":0.11361086531572973,"b₁":0.8609917310626489}},"5":{"<":{"γ":-3.3555400398716486,"b₂":-5.853991776188998,"λ₁":-3.301517459899677,"λ₂":-4.495973621526358,"a₁":1.3559233644766575,"a₂":-1.278985230063654,"b₁":-3.0319461207167606},"^":{"γ":0.7625226418138311,"b₂":8.440713924098398,"λ₁":-9.210340371976182,"λ₂":-8.793712309393607,"a₁":-4.528868842709875,"a₂":-9.210340371976182,"b₁":-9.210340371976182},">":{"γ":-0.17600512688016856,"b₂":-1.4430949151479124,"λ₁":-2.0802183322592684,"λ₂":-0.8342925345300873,"a₁":0.5091466700611793,"a₂":-0.5642103671148764,"b₁":-0.3128557658585045}},"1":{"<":{"γ":9.209875836583,"b₂":-9.208599776046253,"λ₁":9.210271286084433,"λ₂":5.3410436839479605,"a₁":9.209731439913911,"a₂":-9.208120592446257,"b₁":9.210340371976185},"^":{"γ":-9.210340371976182,"b₂":9.210340371976185,"λ₁":9.210340371976185,"λ₂":9.210340371976185,"a₁":0.11868848142624877,"a₂":9.210340371976185,"b₁":0.044605824184257514},">":{"γ":-3.270834296707365,"b₂":3.0229746034651193,"λ₁":7.814185730737881,"λ₂":3.4865968587180127,"a₁":0.3445354133384111,"a₂":3.5658211109844213,"b₁":0.19413716305910178}}},"pair0029":{"4":{"<":{"γ":0.5660571147520272,"b₂":-9.205580074103352,"λ₁":-4.307040172766613,"λ₂":-9.208700616703533,"a₁":0.21383021735118746,"a₂":-9.210340371976182,"b₁":0.5839024159292769},"^":{"γ":-9.210340371976182,"b₂":9.210190318894247,"λ₁":-9.2087986195636,"λ₂":9.210046116207382,"a₁":-9.209104030646268,"a₂":3.1429888251734166,"b₁":-9.20882973411195},">":{"γ":-0.974757408875135,"b₂":-4.833915063049407,"λ₁":-9.131705108783239,"λ₂":-1.7019598440778587,"a₁":-2.688342364584824,"a₂":-9.19242366959385,"b₁":-9.196501677839727}},"2":{"<":{"γ":-9.210340371976182,"b₂":-9.210340371976182,"λ₁":2.9494248535327863,"λ₂":-9.210340371976182,"a₁":-9.210340371976182,"a₂":-6.576051762304078,"b₁":-9.210340371976182},"^":{"γ":9.210031752383932,"b₂":-9.208508618335554,"λ₁":-9.20888013750701,"λ₂":-9.208801495461383,"a₁":-4.99609774652456,"a₂":9.209886894385336,"b₁":-9.20850561219908},">":{"γ":2.174684319309101,"b₂":-2.9945791690620913,"λ₁":-9.210340371976182,"λ₂":-0.2637411137746213,"a₁":-2.698831130566478,"a₂":-1.6371464084158394,"b₁":-9.210340371976182}},"3":{"<":{"γ":9.210340371976185,"b₂":-9.210340371976182,"λ₁":-9.110928844027464,"λ₂":-9.210340371976182,"a₁":-9.210340371976182,"a₂":-2.370383342735467,"b₁":-8.94514285570637},"^":{"γ":0.08035692971558461,"b₂":-3.473139586774905,"λ₁":-9.209381637833818,"λ₂":-5.878713554953324,"a₁":-7.547897459811189,"a₂":9.196864946976783,"b₁":-9.210340371976182},">":{"γ":0.20536541961405952,"b₂":-8.893170692121936,"λ₁":-9.210340371976182,"λ₂":1.907817630617723,"a₁":-2.0716413079073037,"a₂":-1.1044277742363775,"b₁":-9.210340371976182}},"5":{"<":{"γ":9.210340371976185,"b₂":-9.210340371976182,"λ₁":-9.210340371976182,"λ₂":-9.210340371976182,"a₁":9.210340371976185,"a₂":-9.210340371976182,"b₁":9.210340371976185},"^":{"γ":-1.010415387869406,"b₂":9.210340371976185,"λ₁":-9.210340371976182,"λ₂":-9.207442399136447,"a₁":-1.1698708968848557,"a₂":8.691897530877329,"b₁":-9.210340371976182},">":{"γ":-8.52512412119417,"b₂":-9.210340371976182,"λ₁":-9.210340371976182,"λ₂":9.210340371976185,"a₁":-9.210340371976182,"a₂":-9.210340371976182,"b₁":-9.210340371976182}},"1":{"<":{"γ":-8.987122577726181,"b₂":2.58759434116347,"λ₁":8.202756879240637,"λ₂":3.3955024003922922,"a₁":-3.855112677380591,"a₂":2.664227643041114,"b₁":-3.436502486498884},"^":{"γ":-9.210211871612971,"b₂":-9.210301447785717,"λ₁":9.210338937832168,"λ₂":9.210304547598684,"a₁":9.210339757252742,"a₂":-9.210334670992623,"b₁":9.210135276455228},">":{"γ":0.32859047656213924,"b₂":-0.1236062126519073,"λ₁":3.750794579878491,"λ₂":1.409257120611029,"a₁":-0.00940585253365711,"a₂":0.35100370839014694,"b₁":-0.09539943883443236}}}}}