{"likelihoods":{"pair0029":{"<":705.1387713434287,"^":697.282620535601,">":678.4427661504016},"pair0027":{"<":-744.7169322427122,"^":-758.0230133064236,">":-780.4358915332192},"pair0028":{"<":2313.545834598871,"^":2555.5770158718146,">":2683.7957966559843},"pair0030":{"<":2747.27181747721,"^":2755.6962231853563,">":2774.551929286578},"pair0026":{"<":120.24346693770747,"^":91.40312126047324,">":186.52462453009022}}}