{"parameters":{"pair0029":{"<":{"γ":-9.210340371976182,"b₂":-6.449831959906717,"λ₁":-9.210340371976182,"λ₂":1.1621967163940976,"a₁":-9.210340371976182,"a₂":-9.210340371976182,"b₁":-9.210340371976182},"^":{"γ":-9.210340371976182,"b₂":0.41349066585685534,"λ₁":-9.210340371976182,"λ₂":-1.9704247478526957,"a₁":-9.210340371976182,"a₂":0.937818362275868,"b₁":-9.210340371976182},">":{"γ":9.210340371976185,"b₂":-1.2903967841710768,"λ₁":-9.210340371976182,"λ₂":2.0432557388775514,"a₁":-1.6626493847842152,"a₂":0.9204423978784071,"b₁":-9.210340371976182}},"pair0027":{"<":{"γ":-8.597601867157318,"b₂":9.210340371976182,"λ₁":-9.210340371976182,"λ₂":-9.210340371976182,"a₁":-9.210340371976182,"a₂":9.173892401987287,"b₁":-9.210340371976182},"^":{"γ":-1.002133971241184,"b₂":-9.207221227733275,"λ₁":-9.209263041277927,"λ₂":-4.843130011571136,"a₁":-9.147846948110047,"a₂":-1.3596807403797655,"b₁":-9.21013527286214},">":{"γ":3.016843197901407,"b₂":-2.2311512489704777,"λ₁":-9.210340371976182,"λ₂":-0.5132884142000353,"a₁":0.14102587138749634,"a₂":-3.087650918937837,"b₁":-9.210340371976182}},"pair0028":{"<":{"γ":1.6317992597900801,"b₂":-9.202746691477536,"λ₁":-9.183016562824792,"λ₂":6.879638612442472,"a₁":-3.3400632554107688,"a₂":-6.542457394478019,"b₁":-9.183290633214273},"^":{"γ":-9.210340371976182,"b₂":-9.210340371976182,"λ₁":-9.210340371976182,"λ₂":-9.210340371976182,"a₁":-3.0077282888643193,"a₂":9.210340371976185,"b₁":-9.210340371976182},">":{"γ":0.8640763158671803,"b₂":0.21341678268723108,"λ₁":-1.223291384236993,"λ₂":-0.347944081327201,"a₁":-0.8335335393597507,"a₂":1.0961782061675347,"b₁":-1.2338822553679902}},"pair0030":{"<":{"γ":0.18010160095391115,"b₂":-4.4961676042640315,"λ₁":-2.3870116051197243,"λ₂":3.9513576374396955,"a₁":0.004853090185871878,"a₂":-0.31196974087299445,"b₁":-5.204160636014708},"^":{"γ":9.18683369300542,"b₂":9.210340371976185,"λ₁":-2.7520657063728517,"λ₂":4.067982577705219,"a₁":-1.7747495432400555,"a₂":9.185297882859333,"b₁":-6.103570556402547},">":{"γ":3.0353127017587305,"b₂":-9.196896314491424,"λ₁":-0.5359814046104958,"λ₂":-3.6624484773305506,"a₁":-3.759276492429777,"a₂":-2.7057187480893807,"b₁":-6.411688939303275}},"pair0026":{"<":{"γ":0.386941166921579,"b₂":5.541854556465674,"λ₁":-9.154389368615831,"λ₂":5.240799177996941,"a₁":-2.72242297695579,"a₂":4.803220565059878,"b₁":-9.192167260811354},"^":{"γ":0.8539630272592706,"b₂":9.210340371976185,"λ₁":-9.210340371976182,"λ₂":-0.5332845169992204,"a₁":0.3853018702238131,"a₂":9.210340371976185,"b₁":-9.210340371976182},">":{"γ":-9.204939082937369,"b₂":-9.210340371976182,"λ₁":-9.201561921981032,"λ₂":-9.207844644447176,"a₁":-9.181824101379739,"a₂":-9.200348852204119,"b₁":-9.210340371976182}}}}