{"likelihoods":{"pair0021":{"4":{"<":906.2698398584395,"^":893.4345371693507,">":903.6690688775132},"2":{"<":898.1745598679087,"^":923.3314676717771,">":900.3398144361593},"3":{"<":897.3738083180261,"^":885.2571400813383,">":911.0601573021108},"5":{"<":909.3193601733508,"^":881.8440536058472,">":919.5172235910251},"1":{"<":970.0416691240507,"^":994.1812576259363,">":993.45784929356}},"pair0024":{"4":{"<":1268.5204515773364,"^":1253.1392173960166,">":1255.7827749613894},"2":{"<":1260.4819149337584,"^":1251.2686142527023,">":1245.905210198185},"3":{"<":1263.458476444107,"^":1251.0361790837944,">":1243.8258290965025},"5":{"<":1255.8340575490442,"^":1255.3151714703306,">":1249.126823904205},"1":{"<":1279.8233272891766,"^":1284.1371190346183,">":1252.127342574106}},"pair0025":{"4":{"<":2648.9331715576873,"^":2632.086949926001,">":2627.460213285966},"2":{"<":2665.023675692339,"^":2675.8515882873244,">":2657.6601317105083},"3":{"<":2646.5315421433197,"^":2636.0086497998614,">":2636.765488244215},"5":{"<":2667.9622789954797,"^":2634.9891030692534,">":2637.1179262949904},"1":{"<":2715.855962788717,"^":2843.6397944063083,">":2713.8204333823187}},"pair0022":{"4":{"<":997.7390302639809,"^":996.044195246947,">":1206.443399385333},"2":{"<":1203.7673754114953,"^":1195.2509878130552,">":1197.6945716080484},"3":{"<":1172.5220282214564,"^":1004.3350886012697,">":1198.540708836288},"5":{"<":869.7872897220232,"^":997.800193461365,">":1203.5950045550574},"1":{"<":1260.0763613429845,"^":1276.1116110676594,">":1209.5121509861126}},"pair0023":{"4":{"<":1219.7414539813803,"^":1215.2139643011808,">":1192.7207044525983},"2":{"<":1205.3670220032677,"^":1240.997067206421,">":1186.0835840734362},"3":{"<":1205.3378915655235,"^":1228.7746377002866,">":1185.1534121896664},"5":{"<":1214.1064434011105,"^":1200.9697597704203,">":1195.1565037213609},"1":{"<":1239.9940099557962,"^":1281.786971736353,">":1206.1368095229134}},"pair0026":{"4":{"<":293.20596520595177,"^":355.11775672436596,">":142.784849184839},"2":{"<":251.62689996703202,"^":247.85888273112676,">":208.35379700767535},"3":{"<":229.64399156513875,"^":175.05755079035615,">":202.3374268397969},"5":{"<":197.83169563085033,"^":164.4558697047591,">":451.69323134510665},"1":{"<":2837.825609872141,"^":2842.804736056236,">":2831.6885079201625}}}}