{"parameters":{"pair0021":{"4":{"<":{"γ":-1.7001613652557204,"b₂":-2.403200013973656,"λ₁":-1.2329155452095435,"λ₂":-0.39439634148812175,"a₁":1.521579516819223,"a₂":0.42167443001101823,"b₁":1.107850892942123},"^":{"γ":1.8947085140494053,"b₂":-1.6943226620791814,"λ₁":-8.309964915436023,"λ₂":-4.212737813616155,"a₁":-0.8769019789382568,"a₂":9.175960727366027,"b₁":-4.266918195426194},">":{"γ":-0.300987094088617,"b₂":-9.0626146663196,"λ₁":-4.222848317418479,"λ₂":-1.0389555237187675,"a₁":1.0701533832478027,"a₂":-3.2022458520189616,"b₁":-1.0432460938184072}},"2":{"<":{"γ":1.7763568394002505e-15,"b₂":1.7763568394002505e-15,"λ₁":1.7763568394002505e-15,"λ₂":1.7763568394002505e-15,"a₁":1.7763568394002505e-15,"a₂":1.7763568394002505e-15,"b₁":1.7763568394002505e-15},"^":{"γ":0.5523786939787367,"b₂":-0.18628562989576558,"λ₁":7.003041471740188,"λ₂":-1.5997015461998085,"a₁":0.03779939879371419,"a₂":-0.8153721886148197,"b₁":-0.25408064132513},">":{"γ":-0.060713664758310415,"b₂":0.09991568808062468,"λ₁":2.286901765318124,"λ₂":-0.05583706322931192,"a₁":-0.07463106532239117,"a₂":0.9642174442685878,"b₁":-0.26233170668228034}},"3":{"<":{"γ":7.900438047972598,"b₂":0.3761569235076294,"λ₁":0.7670626019012232,"λ₂":1.5564213730256427,"a₁":-1.1173939695424178,"a₂":1.6096724392889303,"b₁":-2.7696588521980257},"^":{"γ":1.2869882807998962,"b₂":-9.209434555062748,"λ₁":-0.41337760725492423,"λ₂":-1.603339306343945,"a₁":-0.004731728209810271,"a₂":-9.210113772974184,"b₁":-1.5600230490072722},">":{"γ":-2.0177814049281615,"b₂":-9.14613567622422,"λ₁":7.371779609686806,"λ₂":-0.39758412247610764,"a₁":-1.1917941411545243,"a₂":-2.779244277532807,"b₁":-4.346725043973102}},"5":{"<":{"γ":-0.22817740406344988,"b₂":-0.6921366303219099,"λ₁":-1.6115170266341705,"λ₂":-0.6554225623711307,"a₁":-0.9788706095546615,"a₂":0.2200113848936649,"b₁":-3.893981694657505},"^":{"γ":0.6165754517212036,"b₂":3.7273234272720135,"λ₁":-3.1211476119423507,"λ₂":-2.7292903693406885,"a₁":-0.7792220218460137,"a₂":-1.7307861226521863,"b₁":-3.3958118296976822},">":{"γ":-1.0890652510289378,"b₂":0.03748985342860678,"λ₁":0.033986902868800684,"λ₂":0.14806441751257182,"a₁":0.3191104728736498,"a₂":-0.8182013685522946,"b₁":0.06470807839354187}},"1":{"<":{"γ":-1.023371151561296,"b₂":-0.341123716600098,"λ₁":0.9475658827710554,"λ₂":1.0233711515612995,"a₁":-0.17848662681393002,"a₂":0.03839143825183555,"b₁":-1.8575079644914911},"^":{"γ":9.210340371976185,"b₂":9.210340371976185,"λ₁":9.210340371976182,"λ₂":9.210340371976185,"a₁":0.5939510009562117,"a₂":-9.210340371976182,"b₁":0.40122775791805587},">":{"γ":-4.693579025829636,"b₂":-4.271085423346773,"λ₁":9.21013552412151,"λ₂":9.210139138615252,"a₁":9.210121206519142,"a₂":-2.4776314912537467,"b₁":9.210164501058715}}},"pair0024":{"4":{"<":{"γ":-1.2043035847698924,"b₂":0.18243241036355506,"λ₁":8.753403749595245,"λ₂":9.210340371976185,"a₁":-0.6968350389380085,"a₂":-0.9700372301846798,"b₁":-1.6873341722541042},"^":{"γ":-1.427365134139368,"b₂":9.210340371976185,"λ₁":9.210340371976185,"λ₂":-0.762488625670267,"a₁":0.16141181278239003,"a₂":9.210340371976185,"b₁":0.03033411294406818},">":{"γ":-0.1597287507888634,"b₂":0.1694136810303064,"λ₁":-0.15427669326945903,"λ₂":5.33549972342308,"a₁":0.10166220973860796,"a₂":-0.258751405834591,"b₁":0.34742161095813984}},"2":{"<":{"γ":-0.16791946259943913,"b₂":-9.210340371976182,"λ₁":-4.912163669535239,"λ₂":9.210340371976185,"a₁":-0.10869991476674024,"a₂":-3.051612125875101,"b₁":-2.977581747019058},"^":{"γ":-0.43059300846658566,"b₂":0.056143219136641775,"λ₁":3.2950315169976694,"λ₂":0.5470793996900394,"a₁":0.04166356203194077,"a₂":0.08736138505557811,"b₁":-0.02495519518999778},">":{"γ":-0.5714331334581715,"b₂":-0.4418431609935123,"λ₁":1.0318890399691085,"λ₂":1.4407974811326358,"a₁":0.06915751113443491,"a₂":-0.38948091233803694,"b₁":0.8048706230887301}},"3":{"<":{"γ":1.7763568394002505e-15,"b₂":1.7763568394002505e-15,"λ₁":1.7763568394002505e-15,"λ₂":1.7763568394002505e-15,"a₁":1.7763568394002505e-15,"a₂":1.7763568394002505e-15,"b₁":1.7763568394002505e-15},"^":{"γ":-0.11393098186031558,"b₂":8.985047659376216,"λ₁":5.333115323914377,"λ₂":0.0032896494496768014,"a₁":0.6839948669196811,"a₂":-0.017344081384877086,"b₁":0.7856636942352466},">":{"γ":-1.4441218502489628,"b₂":-1.8684258112784713,"λ₁":9.210340371976185,"λ₂":2.2069536276113,"a₁":2.0229112448954645,"a₂":-1.0531755459491485,"b₁":1.610996898408409}},"5":{"<":{"γ":-1.7702192475304663,"b₂":0.011081093470799885,"λ₁":1.7504835799252056,"λ₂":8.671637363746354,"a₁":0.36641712450150443,"a₂":-0.13576173466092634,"b₁":-0.7775292573695314},"^":{"γ":-1.8033190055789268,"b₂":-0.4334733225085863,"λ₁":9.209561716048677,"λ₂":-0.456922924110696,"a₁":-0.19024096407467894,"a₂":-9.066713200443308,"b₁":-0.7687209886230324},">":{"γ":-4.876784469271978,"b₂":-3.038330451752424,"λ₁":4.780462356430322,"λ₂":2.0114636566873028,"a₁":3.5376709859961437,"a₂":-3.406503284589312,"b₁":3.7860192171772376}},"1":{"<":{"γ":9.210340371976185,"b₂":-9.210340371976182,"λ₁":9.19594378783278,"λ₂":9.195368758275352,"a₁":-1.4951807574674705,"a₂":-2.0784014850478263,"b₁":-3.3570702195664834},"^":{"γ":-9.210340371976182,"b₂":9.208841506259459,"λ₁":9.210340371976185,"λ₂":9.210340371976185,"a₁":0.33569629185029903,"a₂":-9.210340371976182,"b₁":0.2662279501318885},">":{"γ":1.1119676195848225,"b₂":-0.07556290117566,"λ₁":-0.032160508644151875,"λ₂":3.8091809388593134,"a₁":-0.3208488919662358,"a₂":-0.6076177781492067,"b₁":0.26705246034181407}}},"pair0025":{"4":{"<":{"γ":3.4798658395843223,"b₂":-0.811872160188619,"λ₁":-2.939225949373782,"λ₂":-0.05527661549054841,"a₁":-1.055039235237114,"a₂":0.06333542003343773,"b₁":-1.0984044793898153},"^":{"γ":0.9726637732664631,"b₂":2.5301912817706658,"λ₁":-3.885109830252633,"λ₂":-1.473232863823319,"a₁":0.14821684818965686,"a₂":-2.407618550507175,"b₁":-0.8800678277802039},">":{"γ":0.8067597476771553,"b₂":-1.748397101053917,"λ₁":-2.179261755930723,"λ₂":-0.22178612287769361,"a₁":-0.3231487433807221,"a₂":-0.09600898436299232,"b₁":-2.5426989625296157}},"2":{"<":{"γ":1.6562685550964318,"b₂":-0.15556901169168746,"λ₁":1.8734738730012612,"λ₂":0.5687856223803749,"a₁":-0.2817258389759445,"a₂":-0.011042606528024024,"b₁":0.08991345762838243},"^":{"γ":2.0570539665136867,"b₂":0.36757640085391685,"λ₁":-0.4463347139812406,"λ₂":-0.13991016662735234,"a₁":0.015135147389871761,"a₂":-0.4450613497750844,"b₁":-0.7923939797523225},">":{"γ":-1.158685726835218,"b₂":0.07387422869127391,"λ₁":-2.0710541489027205,"λ₂":2.0532231370207565,"a₁":-0.04046709633384715,"a₂":-0.019285885009370674,"b₁":0.06849170004016791}},"3":{"<":{"γ":2.7091025450779256,"b₂":-2.0196050434634936,"λ₁":-0.21176220152967673,"λ₂":0.19991130953577674,"a₁":0.13662729130154894,"a₂":-0.2721486566307352,"b₁":0.3854524300108313},"^":{"γ":1.4680180956772446,"b₂":-9.207140343620448,"λ₁":-3.5813386232959727,"λ₂":-0.8758166321665204,"a₁":-0.09517442323022784,"a₂":-9.210340371976182,"b₁":-1.5309548260371733},">":{"γ":8.014511877560574,"b₂":-0.2772046490525888,"λ₁":-0.8769893808215219,"λ₂":2.1307535019911423,"a₁":-1.2008527987220177,"a₂":0.6908935044055777,"b₁":-4.786164033880554}},"5":{"<":{"γ":-0.5207797663755951,"b₂":-0.38794720307359754,"λ₁":0.8698182622543289,"λ₂":-0.3017757757409143,"a₁":0.05139350844865653,"a₂":-0.20783423925442435,"b₁":-1.1935153593712702},"^":{"γ":8.770473595283216,"b₂":4.320048550385028,"λ₁":-2.2620399102909605,"λ₂":-1.0918322672376757,"a₁":-1.88234290432528,"a₂":3.7174444241667874,"b₁":-4.9639329301564254},">":{"γ":-0.27704202953015056,"b₂":-0.1837739027925629,"λ₁":-3.5749164139578165,"λ₂":-0.9056497608133007,"a₁":-0.43863882553590194,"a₂":-0.03151705317171327,"b₁":-2.151920055366687}},"1":{"<":{"γ":1.7763568394002505e-15,"b₂":1.7763568394002505e-15,"λ₁":1.7763568394002505e-15,"λ₂":1.7763568394002505e-15,"a₁":1.7763568394002505e-15,"a₂":1.7763568394002505e-15,"b₁":1.7763568394002505e-15},"^":{"γ":-9.210340371976182,"b₂":-9.210340371976182,"λ₁":9.210340371976185,"λ₂":9.210340371976185,"a₁":-0.08713758904906399,"a₂":-9.210340371976182,"b₁":0.3340769218832751},