{"likelihoods":{"pair0010":{"<":2099.141078223782,"^":2492.5030339306677,">":2463.6116904672226}}}