{"parameters":{"pair0010":{"<":{"γ":-4.107743158469619,"b₂":-13.815510557964274,"λ₁":10.547945342801157,"λ₂":0.5214524558999916,"a₁":-13.815510557964274,"a₂":-13.815510557964274,"b₁":-3.8963612153947906},"^":{"γ":-3.6457056148017664,"b₂":0.05951915661389329,"λ₁":-2.3649841963118288,"λ₂":-1.1670128491367322,"a₁":-0.4236506749662965,"a₂":8.53820367770086,"b₁":-4.341535169755819},">":{"γ":13.601317296150235,"b₂":-13.51561194459617,"λ₁":-0.8108582434281981,"λ₂":-0.04476292517940372,"a₁":0.9170800303006956,"a₂":-4.317786996889421,"b₁":-0.03957035396137698}}}}