{"params":{"P":100,"m₂":0.0,"b₁":19.713805818504046,"name":"m_1_k_3","seed_no":112,"M":4,"λ₁":42.71432195022412,"a₂":1.3360652361786214,"b₂":0.0976419203999492,"Rs":[1,2,3,4,5],"T_max":1000,"m₁":0.0,"γ":0.00010018703145808891,"a₁":146.8016603943346,"λ₂":1606.3010408551982,"EPOCHS":200,"tr_acc":-0.764356704894558}}