{"params":{"P":100,"m₂":0.0,"b₁":10.003921192966239,"name":"m_1_k_1","seed_no":112,"M":4,"λ₁":0.06788893046249118,"a₂":0.00010015229821358226,"b₂":0.021498173665,"Rs":[1,2,3,4,5],"T_max":1000,"m₁":0.0,"γ":0.040640966822858324,"a₁":3.001519261487008,"λ₂":85.58312056613093,"EPOCHS":200,"tr_acc":-0.8427951949366685}}