{"params":{"P":100,"m₂":0.0,"b₁":0.004151535020309605,"name":"m_1_k_2","seed_no":112,"M":4,"λ₁":0.17721844161099948,"a₂":0.06175041663003293,"b₂":0.07830013107828972,"Rs":[1,2,3,4,5],"T_max":1000,"m₁":0.0,"γ":0.05367317414586843,"a₁":1.7059418521163416,"λ₂":2.751268995691076,"EPOCHS":200,"tr_acc":-0.779952553190494}}