{"likelihoods":{"pair0017":{"<":1096.5034572018117,"^":1025.0659390494484,">":1091.8613270783092},"pair0016":{"<":930.4569179749036,"^":943.2669907355665,">":932.1649045502712},"pair0020":{"<":851.1655168522518,"^":861.1135540528483,">":850.2222288522569},"pair0019":{"<":332.2441854084076,"^":324.62050669239704,">":328.8842200486654},"pair0018":{"<":506.97462227019156,"^":541.257633375088,">":518.41864023441}}}