{"parameters":{"pair0017":{"<":{"γ":0.15790374342118163,"b₂":-9.206152694717826,"λ₁":2.549653944750906,"λ₂":-4.258674201340168,"a₁":-4.178294949250874,"a₂":-3.067481958801297,"b₁":-4.596487569767933},"^":{"γ":4.377308448940017,"b₂":-8.922519066585085,"λ₁":2.1610608240397156,"λ₂":-8.106728929987089,"a₁":-0.9474660202727296,"a₂":-9.210340371976182,"b₁":-9.210340371976182},">":{"γ":-0.00042804784331273993,"b₂":-8.877970395416574,"λ₁":-0.8328886108137858,"λ₂":-3.4454454363203517,"a₁":-0.8798486114896367,"a₂":-2.691558927325868,"b₁":-1.998614427204381}},"pair0016":{"<":{"γ":0.041906376733019,"b₂":-0.33854723674745557,"λ₁":0.22948376204091758,"λ₂":2.0047108754608445,"a₁":-0.1064515306461491,"a₂":0.03703879785678943,"b₁":-1.6522554705770052},"^":{"γ":0.8109448703610536,"b₂":8.169409316756164,"λ₁":-1.4618646098711974,"λ₂":-1.3236984708748762,"a₁":-0.6475489852431284,"a₂":-3.920610008153611,"b₁":-1.6192955414780394},">":{"γ":1.4452412556124035,"b₂":-0.23000131115263223,"λ₁":-0.7281600788779361,"λ₂":-0.1456997511321365,"a₁":0.42546440305691036,"a₂":-0.04179201677345468,"b₁":-0.9235784609529247}},"pair0020":{"<":{"γ":4.580410421690003,"b₂":-6.416650192009838,"λ₁":-3.131543508001303,"λ₂":0.09902429768841792,"a₁":-0.035417872752903534,"a₂":-3.995336008817012,"b₁":-1.3345380723400195},"^":{"γ":0.6514640631053563,"b₂":-9.203701605144518,"λ₁":-1.6506887477981342,"λ₂":0.1611225089715731,"a₁":0.05895092378387545,"a₂":9.207674261472393,"b₁":-1.2387092522608132},">":{"γ":1.473107913417337,"b₂":-0.792081031875794,"λ₁":-1.333745372058985,"λ₂":0.38992149677406474,"a₁":0.3563118692854612,"a₂":-0.3211726774328092,"b₁":-0.8404194135008751}},"pair0019":{"<":{"γ":2.057727546751572,"b₂":-1.0062087288030774,"λ₁":-3.3275359941210674,"λ₂":-1.0925414017358914,"a₁":-1.1065957664858264,"a₂":1.6808229992323263,"b₁":-8.436035250029157},"^":{"γ":0.5555308170343345,"b₂":4.226445463046058,"λ₁":-2.709198005834934,"λ₂":-2.3256595000956137,"a₁":0.4622753249857894,"a₂":-9.195283434496336,"b₁":-1.27803670055824},">":{"γ":-5.454935104710463,"b₂":-3.1942682559140607,"λ₁":-2.6058620179177723,"λ₂":0.9077774151102656,"a₁":1.5375589628243524,"a₂":-0.04430828101353157,"b₁":-0.81607804899987}},"pair0018":{"<":{"γ":2.3217546786109473,"b₂":-4.436234762820551,"λ₁":-6.622132703378466,"λ₂":-0.8927607069852357,"a₁":-1.6988926685725145,"a₂":-0.2922813938640516,"b₁":-8.440068755054636},"^":{"γ":9.143798627729575,"b₂":8.967584725370314,"λ₁":-9.200431949942002,"λ₂":-3.945767439389514,"a₁":-1.558180906948058,"a₂":-9.210340371976182,"b₁":-9.083057370262507},">":{"γ":4.4761774825316945,"b₂":-4.386044505085562,"λ₁":-7.210595830746486,"λ₂":-1.2709163143218305,"a₁":-0.5796621183964241,"a₂":-2.7601998648910104,"b₁":-8.539633125887852}}}}