{"likelihoods":{"pair0085":{"4":{"<":2689.9075323167585,"^":2673.8187072290116,">":2704.774615641893},"2":{"<":2703.630542919583,"^":2728.401836840213,">":2705.025733245626},"3":{"<":2673.106907186252,"^":2681.170195058931,">":2689.4778861687428},"5":{"<":2709.606935513488,"^":2319.864557135999,">":2442.9969034073893},"1":{"<":2770.74606575366,"^":0.0,">":2769.87941582604}},"pair0082":{"4":{"<":0.0,"^":814.5552966609937,">":845.4739396677854},"2":{"<":826.7161802566333,"^":854.0195565544335,">":0.0},"3":{"<":832.4115342730889,"^":819.2258331588007,">":838.0826542457664},"5":{"<":840.0487957534214,"^":828.8312691802561,">":837.7957389497333},"1":{"<":0.0,"^":1045.1291168749426,">":907.1881069504057}},"pair0083":{"4":{"<":677.8577997914111,"^":731.6180596231673,">":707.4991149994372},"2":{"<":709.1547654984256,"^":775.1703620482101,">":692.6338963338357},"3":{"<":719.0332706472333,"^":705.1705509194602,">":690.6965474254378},"5":{"<":708.5092283356796,"^":671.3880446769091,">":693.5031008596671},"1":{"<":790.6982966145019,"^":0.0,">":790.7810147503942}},"pair0084":{"4":{"<":621.6920273397433,"^":1885.1114473222524,">":565.6099898284234},"2":{"<":535.3714900686219,"^":2457.209638576145,">":549.15619711463},"3":{"<":575.8380711460228,"^":2110.9535043650035,">":529.3923582221412},"5":{"<":528.1131814356471,"^":1654.7594968059875,">":569.9080993042118},"1":{"<":610.4232582498349,"^":2849.8480411068895,">":630.5397832256284}},"pair0081":{"4":{"<":919.3496984218373,"^":926.6324080430464,">":916.7266460249309},"2":{"<":912.5092680481173,"^":942.5379929202988,">":908.1906457277804},"3":{"<":914.1310141699798,"^":927.5711525722547,">":913.879256960241},"5":{"<":923.4513552767038,"^":0.0,">":918.7853051355025},"1":{"<":923.3845879614521,"^":1045.9781365888432,">":922.822844878917}}}}