{"parameters":{"pair0085":{"4":{"<":{"m₁":-0.1970848510173866,"γ":-0.034721750069584445,"b₂":-0.9173765425428932,"λ₁":-0.9905972198705584,"λ₂":-1.525214430043917,"a₁":0.12151803219170532,"a₂":0.2451905631356599,"m₂":0.947243303166136,"b₁":-1.3457297876447285},"^":{"m₁":-0.33753947961173836,"γ":1.0074731693504209,"b₂":-2.20714812113094,"λ₁":-3.3434184311526867,"λ₂":-0.8812633312141127,"a₁":0.010797275030881792,"a₂":-0.05405695083719664,"m₂":-2.6293464245216587,"b₁":-2.040896231198275},">":{"m₁":0.04094209992740794,"γ":-0.14949385067839138,"b₂":-0.16059564669425797,"λ₁":-1.2195338482389246,"λ₂":-1.1112662541496015,"a₁":0.0011330391860955302,"a₂":-0.015658301371445305,"m₂":0.28056587223691665,"b₁":-0.09565403369747827}},"2":{"<":{"m₁":0.3637643417493823,"γ":0.897453688375192,"b₂":0.20500358959513143,"λ₁":-0.3741293289957337,"λ₂":0.5076149340463676,"a₁":1.7526805228122733,"a₂":-0.7150664456520168,"m₂":-0.11663273366039917,"b₁":-0.03516243132498076},"^":{"m₁":-1.3084079176826862,"γ":-1.5463752358283678,"b₂":2.418593131320552,"λ₁":-0.3578446561445272,"λ₂":0.5047957802290384,"a₁":0.023847104061660573,"a₂":-1.5949945600124078,"m₂":0.06934889975309844,"b₁":-1.768443422549776},">":{"m₁":-0.16086570788086263,"γ":0.1539014286390774,"b₂":-0.14823760077115722,"λ₁":-0.5385736409513964,"λ₂":-0.25117138185033205,"a₁":0.524115643651113,"a₂":-0.043285684925573165,"m₂":0.1381470493704473,"b₁":-0.24543702433655312}},"3":{"<":{"m₁":-0.3108088789948731,"γ":0.33909594947311916,"b₂":-0.9249583806243926,"λ₁":-4.839578333959034,"λ₂":1.1520057771287764,"a₁":0.1801297180753263,"a₂":-0.7760492262690324,"m₂":0.3922325695194484,"b₁":-2.666502315926099},"^":{"m₁":-0.47983487197029184,"γ":0.8541040502751205,"b₂":-7.378670179546075,"λ₁":-4.3714129448141215,"λ₂":0.047361793964638466,"a₁":-0.05811967795705364,"a₂":5.353420597741501,"m₂":0.5415965965934948,"b₁":-3.1628053461391943},">":{"m₁":0.15481271842966393,"γ":0.21322993478114682,"b₂":-0.007454998088446629,"λ₁":-0.5571823015369617,"λ₂":-0.15940434864977782,"a₁":-1.3978823000934106,"a₂":0.02560520723101689,"m₂":-0.4653465079904997,"b₁":-0.6143937083635045}},"5":{"<":{"m₁":-0.00019996351528739353,"γ":0.07015891523632867,"b₂":0.19820815508732714,"λ₁":-0.1493840456456379,"λ₂":0.8312027746429997,"a₁":0.5596498881570344,"a₂":-0.025887468341149855,"m₂":0.011636704832884703,"b₁":-0.1780751788647379},"^":{"m₁":-0.5576314778265683,"γ":-1.782081561708667,"b₂":4.26942877865142,"λ₁":-13.803758357832985,"λ₂":0.8353201908086056,"a₁":-2.4742706745444636,"a₂":13.809495203240257,"m₂":1.94097625706201,"b₁":-13.746785619470279},">":{"m₁":-1.2476018912490634,"γ":0.6492473337911484,"b₂":-13.682104917109765,"λ₁":-13.76844389962063,"λ₂":-13.640589209987358,"a₁":-13.551392888042226,"a₂":-5.1613488024012675,"m₂":7.987558220886832,"b₁":-13.754819223532197}},"1":{"<":{"m₁":-0.2232237992217314,"γ":0.22090047283752057,"b₂":-0.13488683155764747,"λ₁":0.1417357283464593,"λ₂":0.5822362992527736,"a₁":0.23597111956545902,"a₂":-0.01616759619918895,"m₂":0.2050555405708785,"b₁":0.25221173742970926},"^":{"m₁":0.0,"γ":0.0,"b₂":0.0,"λ₁":0.0,"λ₂":0.0,"a₁":0.0,"a₂":0.0,"m₂":0.0,"b₁":0.0},">":{"m₁":-9.521670645895597e-5,"γ":-5.439833119963996,"b₂":-0.31253726705519647,"λ₁":5.17699845829312,"λ₂":2.3813912450899046,"a₁":-1.375048740172776,"a₂":1.2762791346980968,"m₂":0.22188024334583112,"b₁":-1.6281364573138362}}},"pair0082":{"4":{"<":{"m₁":0.0,"γ":0.0,"b₂":0.0,"λ₁":0.0,"λ₂":0.0,"a₁":0.0,"a₂":0.0,"m₂":0.0,"b₁":0.0},"^":{"m₁":0.3893610795253206,"γ":2.5629466158591825,"b₂":13.095685525549431,"λ₁":-2.7407191340373718,"λ₂":-1.6480532702289352,"a₁":-0.81098275155008,"a₂":-4.703611587732311,"m₂":-1.0385542785297837,"b₁":-2.5668641781408326},">":{"m₁":0.0,"γ":0.0,"b₂":0.0,"λ₁":0.0,"λ₂":0.0,"a₁":0.0,"a₂":0.0,"m₂":0.0,"b₁":0.0}},"2":{"<":{"m₁":0.2148900401187923,"γ":0.8232272497650186,"b₂":-1.5440503155948822,"λ₁":-3.0066950897799902,"λ₂":-0.9729500139726373,"a₁":0.130999805017046,"a₂":-0.11900272102011122,"m₂":-0.013410698216215877,"b₁":-1.954266293903812},"^":{"m₁":0.003113960204590427,"γ":2.5812826346764943,"b₂":6.096049791011978,"λ₁":-0.8337677729234088,"λ₂":-0.4529675213035418,"a₁":-0.16885212290564588,"a₂":1.00766303684361,"m₂":-0.7524443958056146,"b₁":-1.8645188552897594},">":{"m₁":0.0,"γ":0.0,"b₂":0.0,"λ₁":0.0,"λ₂":0.0,"a₁":0.0,"a₂":0.0,"m₂":0.0,"b₁":0.0}},"3":{"<":{"m₁":0.29718354104839584,"γ":-0.014373374609943923,"b₂":-0.2545704117339742,"λ₁":-0.027486062952300827,"λ₂":-1.4039547811040514,"a₁":-0.02036553347124581,"a₂":0.009785279984027895,"m₂":0.47415411368903904,"b₁":-0.6608634545426284},"^":{"m₁":-1.1002230973019707,"γ":13.719257206567,"b₂":-3.6913466149852976,"λ₁":-5.298522828531048,"λ₂":-4.917712568309167,"a₁":0.03517348201123838,"a₂":5.180702358386306,"m₂":-1.6454957984261789,"b₁":-0.887047392563943},">":{"m₁":0.8129284046385266,"γ":-0.6899920509308632,"b₂":0.08656093363286743,"λ₁":-2.163842960437485,"λ₂":0.055083169570586676,"a₁":0.12270452467063642,"a₂":-0.2449892599266601,"m₂":-0.14014734478104351,"b₁":-0.6325488345732531}},"5":{"<":{"m₁":-0.1399098534903267,"γ":0.021590391078841975,"b₂":-0.8132710315467957,"λ₁":-0.061721655453681024,"λ₂":0.07481970494592716,"a₁":-2.0496534699674562,"a₂":-0.027048865731570615,"m₂":0.0022931533215082567,"b₁":-13.67569560831615},"^":{"m₁":0.26333091154167576,"γ":2.624559784468179,"b₂":-1.5111954219991972,"λ₁":-1.4115593112677107,"λ₂":-0.9818079481686954,"a₁":-0.05099504958621104,"a₂":1.0329156323458122,"m₂":-0.1742138660569843,"b₁":-0.9708699196605881},">":{"m₁":-0.4819017696554315,"γ":-0.05661485675947908,"b₂":-7.310273460975828,"λ₁":-0.1143472050936758,"λ₂":-0.4659357011714338,"a₁":0.11046533196197572,"a₂":-0.5920353059676433,"m₂":-0.08923562084893533,"b₁":-0.5505162709592213}},"1":{"<":{"m₁":0.0,"γ":0.0,"b₂":0.0,"λ₁":0.0,"λ₂":0.0,"a₁":0.0,"a₂":0.0,"m₂":0.0,"b₁":0.0},"^":{"m₁":0.12159978740876554,"γ":0.10694010659576669,"b₂":-0.10271222671508085,"λ₁":0.6890367294194313,"λ₂":1.2715081249824145,"a₁":0.009030783291731126,"a₂":-0.8607694946201381,"m₂":-0.014891689371278716,"b₁":0.002419660414249236},">":{"m₁":0.09089867186115264,"γ":-2.343426250701487,"b₂":-5.941638189706772,"λ₁":-0.6284876119248857,"λ₂":-3.201054186160226,"a₁":0.4185611216301197,"a₂":-6.2270087082757,"m₂":-0.3631752094377507,"b₁":0.9962568411442021}}},"pair0083":{"4":{"<":{"m₁":-0.09433330043268029,"γ":-0.27929838732150714,"b₂":-3.3020023658047055,"λ₁":1.4764513163547743,"λ₂":-1.6679413016340963,"a₁":-1.5502519523237783,"a₂":-0.22560986446152853,"m₂":-0.24336431611306963,"b₁":-3.5946341226752416},"^":{"m₁":2.181453614292222,"γ":13.81014870922236,"b₂":13.699411320505085,"λ₁":-5.033972402126906,"λ₂":-13.599887261295883,"a₁":-3.6935313025005794,"a₂":13.570463565034522,"m₂":9.729415336394503,"b₁":-2.682509655121116},">":{"m₁":0.10834726549633444,"γ":-0.5425007904485408,"b₂":-0.008126448336835068,"λ₁":-1.3170695285516647,"λ₂":-0.82534622008078,"a₁":1.5164167035836762,"a₂":1.5352707600874709,"m₂":-0.008990938908260304,"b₁":-1.2471416631952472}},"2":{"<":{"m₁":-0.7036827476592027,"γ":1.4320427816864427,"b₂":-0.09198020785893313,"λ₁":0.13512616021922064,"λ₂":-1.3910949253472484,"a₁":0.36317685306249103,"a₂":1.837238843442389,"m₂":-0.6610787014030635,"b₁":0.6699592303799644},"^":{"m₁":-0.22304187785302254,"γ":-1.5727816001423243,"b₂":-1.5127186830970984,"λ₁":-2.8410432996210897,"λ₂":-1.5494128932203068,"a₁":0.0013097967647439646,"a₂":2.4189915881535384,"m₂":-0.5541001050906686,"b₁":-1.2933665116874522},">":{"m₁":0.7680457503716838,"γ":7.891320661373754,"b₂":-1.5681300288782332,"λ₁":-3.297666454397465,"λ₂":-1.5320484914404435,"a₁":-0.9462383533522374,"a₂":0.7012917436996045,"m₂":-0.37188272447236415,"b₁":-0.16520953670078775}},"3":{"<":{"m₁":0.1961016056864402,"γ":10.71406930954597,"b₂":-1.2531732708153882,"λ₁":1.8315481999844945,"λ₂":-5.221781707911035,"a₁":-1.3583316944559538,"a₂":-0.013716492714705097,"m₂":0.563647511968119,"b₁":0.18331835813505926},"^":{"m₁":0.06722083088637376,"γ":4.052041288575456,"b₂":-1.6140631789688271,"λ₁":-2.5208444814867192,"λ₂":-4.294174197619425,