{"likelihoods":{"pair0046":{"4":{"<":1440.3818954673293,"^":1475.8024168683714,">":1431.2644283514448},"2":{"<":1482.311555569082,"^":1737.187141798395,">":1473.4377847890792},"3":{"<":1461.8365668670242,"^":1564.7491928616914,">":1453.1922178754783},"5":{"<":1400.9280812702357,"^":1369.2299236845213,">":1380.8091321528618},"1":{"<":2282.582375018974,"^":2850.163718221143,">":2284.968951852715}},"pair0049":{"4":{"<":920.2976055490001,"^":915.8096376161652,">":925.3595047464532},"2":{"<":909.0534273956586,"^":919.5605500242896,">":910.3198299390995},"3":{"<":915.4666403353946,"^":923.7577926024338,">":922.0348813688378},"5":{"<":929.7551975051188,"^":914.1667780267856,">":922.5637131370082},"1":{"<":918.1509367829616,"^":1044.2469193091829,">":921.1119016351943}},"pair0050":{"4":{"<":935.1829456004663,"^":921.1572364697987,">":921.307791801113},"2":{"<":909.0708411613905,"^":946.1407275960743,">":912.4806287981511},"3":{"<":915.3073945942509,"^":935.3500393877009,">":919.038728599315},"5":{"<":930.6998394834861,"^":926.9896133729418,">":922.5947618163387},"1":{"<":931.5943920094004,"^":1046.0051628870463,">":932.1839429591131}},"pair0047":{"4":{"<":-758.8560128734421,"^":-91.76407979667056,">":-1278.8179839961588},"2":{"<":-1058.7591804119215,"^":-1240.8794058108174,">":-1145.1616072518573},"3":{"<":-153.08178479469055,"^":-1117.8003716440323,">":-919.5877754642181},"5":{"<":-866.4046684549974,"^":-446.34078289282553,">":-1242.7826467663142},"1":{"<":728.0808537341311,"^":0.0,">":727.7297685613058}},"pair0048":{"4":{"<":457.83777476937945,"^":460.30195523738223,">":462.10746319521513},"2":{"<":452.70070433950303,"^":466.1112499704237,">":454.79768481258714},"3":{"<":462.4151641551558,"^":0.0,">":457.33162846915843},"5":{"<":472.0772580044153,"^":455.38877874636137,">":469.02362282675426},"1":{"<":474.39008029842944,"^":484.6567159523187,">":490.5942445503707}}}}