{"parameters":{"pair0046":{"4":{"<":{"m₁":-3.451208512961302,"γ":-2.9594853061038844,"b₂":-13.815206897421618,"λ₁":-7.549374971019338,"λ₂":-2.314826907404134,"a₁":-2.8179465622250675,"a₂":-12.788696907267145,"m₂":0.170220987933412,"b₁":-3.7180852139500207},"^":{"m₁":-1.4339013037124992,"γ":-1.4924481452465113,"b₂":11.019711483840489,"λ₁":-2.9686611228522235,"λ₂":-2.098638378839892,"a₁":1.070687724784241,"a₂":-13.730127886994026,"m₂":-0.2822839973349147,"b₁":-0.6730345598030603},">":{"m₁":0.8738648150337589,"γ":1.4800564787002468,"b₂":-3.4887123175987913,"λ₁":-2.440399411585984,"λ₂":0.9209104070211751,"a₁":-0.157275394666625,"a₂":0.5934242980433364,"m₂":0.14028859492023216,"b₁":-0.9923555813268425}},"2":{"<":{"m₁":0.0,"γ":0.0,"b₂":0.0,"λ₁":0.0,"λ₂":0.0,"a₁":0.0,"a₂":0.0,"m₂":0.0,"b₁":0.0},"^":{"m₁":0.4622942501829197,"γ":-0.6073880653144492,"b₂":-0.09474073324462218,"λ₁":-0.16039565585827908,"λ₂":0.037940240421555416,"a₁":-0.2593154537869129,"a₂":-0.024436882700715756,"m₂":0.4204415953173175,"b₁":-0.4716558066636676},">":{"m₁":-0.06790243580906008,"γ":-1.6701593746477137,"b₂":-0.6232248613870741,"λ₁":-1.3005626974782825,"λ₂":-0.60906994218767,"a₁":-0.9855715200725506,"a₂":0.7387444647961221,"m₂":0.15666630558352423,"b₁":-1.7875784264180812}},"3":{"<":{"m₁":0.39821742828512896,"γ":0.08244579397498875,"b₂":-0.19967446495333796,"λ₁":0.692656414157911,"λ₂":-0.2871595869666361,"a₁":-0.0815377196124345,"a₂":-0.007336608307372927,"m₂":0.14598944080148613,"b₁":-0.08894306807336605},"^":{"m₁":0.0,"γ":0.0,"b₂":0.0,"λ₁":0.0,"λ₂":0.0,"a₁":0.0,"a₂":0.0,"m₂":0.0,"b₁":0.0},">":{"m₁":-0.02786071888125896,"γ":-0.49962966079903204,"b₂":-0.6356787467489511,"λ₁":-0.17806375332960833,"λ₂":-0.8523195434548754,"a₁":-0.10571475974158595,"a₂":-0.0199631060348473,"m₂":0.18459014087344627,"b₁":-0.23761265924630948}},"5":{"<":{"m₁":0.04724999798949803,"γ":1.08719153303311,"b₂":-4.253683527111038,"λ₁":-1.795209462393684,"λ₂":-3.537053808045682,"a₁":-1.8220165225855567,"a₂":0.44558300622498237,"m₂":-0.04153135449923795,"b₁":-6.427840404929429},"^":{"m₁":-4.347106001996391,"γ":-2.642441294789341,"b₂":7.797506730401096,"λ₁":-13.808078918847844,"λ₂":-13.711039224441832,"a₁":-3.953024710097223,"a₂":-13.780319151546184,"m₂":9.986904950368768,"b₁":-13.805499395885445},">":{"m₁":9.298868713170577,"γ":0.8861839136248264,"b₂":-6.475176335553403,"λ₁":-13.644185988798199,"λ₂":-4.197209151457102,"a₁":-13.769520476166525,"a₂":-1.164724282552072,"m₂":0.2981805226100036,"b₁":-13.11927982404719}},"1":{"<":{"m₁":0.0,"γ":0.0,"b₂":0.0,"λ₁":9.21034037197618,"λ₂":0.0,"a₁":0.0,"a₂":0.0,"m₂":0.0,"b₁":0.0},"^":{"m₁":0.0,"γ":0.0,"b₂":0.0,"λ₁":0.0,"λ₂":0.0,"a₁":0.0,"a₂":0.0,"m₂":0.0,"b₁":0.0},">":{"m₁":0.028140839271120655,"γ":0.15071931877302447,"b₂":-1.6771839256295742,"λ₁":0.4775356112414215,"λ₂":-0.23016429510152037,"a₁":-0.014923230181022262,"a₂":-0.03337916266974972,"m₂":0.16225098057841159,"b₁":-0.3813018636275771}}},"pair0049":{"4":{"<":{"m₁":0.4607228607226901,"γ":-1.2251773070316165,"b₂":-2.2830714571814994,"λ₁":2.044097213846861,"λ₂":-1.6779968355208617,"a₁":-0.35530994527642257,"a₂":-0.926175060879693,"m₂":0.658121318813718,"b₁":0.5237779585714293},"^":{"m₁":-0.479535182157095,"γ":1.1238748429543826,"b₂":2.976507369763471,"λ₁":-0.3960806734105802,"λ₂":-1.8546389123828,"a₁":0.02306047341405204,"a₂":1.6505508109993148,"m₂":-0.961313235448074,"b₁":-2.2175139457266813},">":{"m₁":0.39566464433038284,"γ":-2.8867324533648464,"b₂":0.055528050759928504,"λ₁":0.2254740337411878,"λ₂":2.2077134128000537,"a₁":-0.1527185825604569,"a₂":-0.07456805301247549,"m₂":0.12169359042579231,"b₁":1.2280482546227258}},"2":{"<":{"m₁":0.12020577802748456,"γ":-0.5871150967746814,"b₂":-0.12790291899982975,"λ₁":-1.409307791973248,"λ₂":0.3745855636620661,"a₁":0.1280857523594019,"a₂":0.3446854292348043,"m₂":0.27869286170082397,"b₁":0.2008671925860206},"^":{"m₁":-0.5396606717715606,"γ":1.631731511878531,"b₂":-0.9959681450808535,"λ₁":-0.4905084489197584,"λ₂":-0.37411119583500074,"a₁":0.048287940758886094,"a₂":0.21915899752124446,"m₂":-0.20275832302199603,"b₁":-0.15513331968626076},">":{"m₁":0.0,"γ":0.0,"b₂":0.0,"λ₁":0.0,"λ₂":0.0,"a₁":0.0,"a₂":0.0,"m₂":0.0,"b₁":0.0}},"3":{"<":{"m₁":0.0,"γ":0.0,"b₂":0.0,"λ₁":0.0,"λ₂":0.0,"a₁":0.0,"a₂":0.0,"m₂":0.0,"b₁":0.0},"^":{"m₁":0.031176370856975666,"γ":12.657462182732388,"b₂":0.03594839426786045,"λ₁":-0.05226121123388161,"λ₂":-0.051508415909042427,"a₁":0.018917743400864495,"a₂":0.004460315092082112,"m₂":-0.0040446391908322,"b₁":-0.021036758305614356},">":{"m₁":0.0,"γ":0.0,"b₂":0.0,"λ₁":0.0,"λ₂":0.0,"a₁":0.0,"a₂":0.0,"m₂":0.0,"b₁":0.0}},"5":{"<":{"m₁":0.09567123525894061,"γ":-0.5717357796391624,"b₂":0.07442166710546871,"λ₁":1.9160031234454848,"λ₂":-1.8490703616510586,"a₁":0.11369662042640094,"a₂":-0.2770865673152141,"m₂":0.729868421521207,"b₁":-0.06872261041349326},"^":{"m₁":0.5522676740150079,"γ":13.02066368757195,"b₂":1.6255351840085357,"λ₁":-1.020575753757191,"λ₂":-1.425909133324259,"a₁":1.221667373069975,"a₂":0.2479502146958783,"m₂":0.7064821121648652,"b₁":-0.12043999399746319},">":{"m₁":-0.28526760146351116,"γ":-0.2689456939964554,"b₂":-2.0729634495489524,"λ₁":0.9716149751122529,"λ₂":1.407330499095222,"a₁":0.04144766023379809,"a₂":-0.22198105454225825,"m₂":-0.006525180173870382,"b₁":-0.7241678062813968}},"1":{"<":{"m₁":0.00606084750969238,"γ":-1.7940725233445036,"b₂":-0.1523389331503644,"λ₁":3.1066818990472562,"λ₂":0.7252978039624018,"a₁":-0.025996564312805504,"a₂":0.6508361836502274,"m₂":0.20683774800261112,"b₁":-0.6093408235683331},"^":{"m₁":0.625594204363626,"γ":1.0893141741864358,"b₂":1.0649939689009038,"λ₁":0.14956004241996723,"λ₂":4.791227144565553,"a₁":0.03084532030071152,"a₂":0.16443576553600892,"m₂":0.003331110318192998,"b₁":-0.547366756967719},">":{"m₁":0.0,"γ":0.0,"b₂":0.0,"λ₁":0.0,"λ₂":0.0,"a₁":0.0,"a₂":0.0,"m₂":0.0,"b₁":0.0}}},"pair0050":{"4":{"<":{"m₁":-0.01925951285017291,"γ":-0.043960049396803313,"b₂":0.053428660305131714,"λ₁":-0.014395562989847122,"λ₂":-0.016303267235713292,"a₁":-2.299540356337003,"a₂":-0.013238011808697436,"m₂":0.021594391151630532,"b₁":-13.36129921963958},"^":{"m₁":-0.6980069265779605,"γ":-0.533306161136613,"b₂":1.3716367686055282,"λ₁":-3.601886077449443,"λ₂":-2.024631709443396,"a₁":0.007891461855310311,"a₂":-0.21617878796550194,"m₂":-0.1873211769590739,"b₁":-1.7727987857999103},">":{"m₁":0.22676216054733445,"γ":-0.2538635495192274,"b₂":1.835396753820664,"λ₁":1.9495515225699993,"λ₂":-0.3014661255277211,"a₁":0.730554045645027,"a₂":3.3567609602298205,"m₂":-0.0606168508212086,"b₁":1.33303732957107}},"2":{"<":{"m₁":-0.1350404888092509,"γ":2.8197479280550866,"b₂":-1.2971060809859853,"λ₁":0.2792804661389443,"λ₂":-0.15230968552289248,"a₁":0.05633798541722612,"a₂":0.642108808277376,"m₂":0.008706157696368066,"b₁":0.1028578272113112},"^":{"m₁":-0.09098809017347342,"γ":-0.18363932413875617,"b₂":0.5704747216873791,"λ₁":0.12246557228412946,"λ₂":0.013917731579793369,"a₁":0.0053331846244848435,"a₂":0.4963443638045426,"m₂":0.30434095458242716,"b₁":0.004011737591762099},">":{"m₁":0.19898527325755744,"γ":-0.7121030423905221,"b₂":-1.7892520458439929,"λ₁":-0.25438025468514525,"λ₂":-0.573591681370349,"a₁":-0.0013358659270199524,"a₂":-0.024291821759215182,"m₂":0.17714362290641716,"b₁":-0.03682918107923072}},"3":{"<":{"m₁":-0.09223339678026221,"γ":2.55175950689733,"b₂":-0.992540005462196,"λ₁":-0.6246995159723596,"λ₂":0.18092223526934248,"a₁":0.5539548479991261,"a₂":1.1223872520346063,"m₂":0.03440045027060812,"b₁":-1.200804170124938},"^":{"m₁":-0.09126973408531747,"γ":0.08292631615701396,"b₂":1.064661428878587,"λ₁":0.003273960015450328,"λ₂":-1.0098039056600872,"a₁":-0.007308915102465008,"a₂":-0.09610357010638104,"m₂":-0.08005365566296696,"b₁":-0.057228789996290885},">":{"m₁":0.04159719107838811,"γ":-0.2573971896484455,"b₂":-0.7706620997858611,"λ₁":-0.4937559323774252,"λ₂":0.07292581975581491,"a₁":-0.0652454002552183,"a₂":-0.05159340375667831,"m₂":0.12176317626830091,"b₁":-0.5645812238230334}},"5":{"<":{"m₁":2.0916162790392256,"γ":-1.9342846602936703,"b₂":0.12899654978926023,