{"likelihoods":{"pair0085":{"<":2594.1065599717713,"^":2522.395700989125,">":2501.0545637745677},"pair0082":{"<":816.647995471828,"^":806.5019791274603,">":822.2757651024668},"pair0083":{"<":663.335514471173,"^":673.5968282436171,">":661.6102317634236},"pair0084":{"<":542.4070559872172,"^":1673.2984654186102,">":574.8530943223076},"pair0081":{"<":907.4328081077192,"^":917.7080242868545,">":908.1515502185435}}}