{"params":{"P":100,"m₂":0.0,"b₁":0.009817403556090641,"name":"m_1_k_3","seed_no":116,"M":4,"λ₁":0.004824228493802105,"a₂":0.00011272453273859842,"b₂":0.00010267794834951287,"Rs":[1,2,3,4,5],"T_max":1000,"m₁":0.0,"γ":47.0763629389791,"a₁":8.264950188987449,"λ₂":0.31055796975683264,"EPOCHS":200,"tr_acc":-0.8313260484461794}}