{"params":{"P":100,"m₂":0.0,"b₁":9992.388123299352,"name":"m_1_k_2","seed_no":116,"M":4,"λ₁":9988.536639682972,"a₂":0.029068987472786433,"b₂":0.06011071014721067,"Rs":[1,2,3,4,5],"T_max":1000,"m₁":0.0,"γ":0.014658351006961513,"a₁":0.00010000000000000009,"λ₂":0.07352113692529827,"EPOCHS":200,"tr_acc":-0.8189796370556062}}