{"params":{"P":100,"m₂":0.0,"b₁":0.04047496673922492,"name":"m_1_k_1","seed_no":116,"M":4,"λ₁":0.4172887925681422,"a₂":0.0030640038996055346,"b₂":0.00010000000000000009,"Rs":[1,2,3,4,5],"T_max":1000,"m₁":0.0,"γ":0.00010647915332478289,"a₁":0.00010295246427233722,"λ₂":294.0007073522031,"EPOCHS":200,"tr_acc":-0.8387076975373926}}