{"likelihoods":{"pair0095":{"<":2552.3962241581385,"^":2539.550138967591,">":2531.983233459525},"pair0092":{"<":302.6007901219871,"^":289.9055422844213,">":302.3057956711079},"pair0093":{"<":814.7299081006358,"^":892.8092828255835,">":817.2353937216343},"pair0094":{"<":2656.0611969249308,"^":2666.4190843950723,">":2655.5300949463444},"pair0091":{"<":320.3436133089838,"^":322.57973375827413,">":320.42358077190215}}}