{"parameters":{"pair0095":{"<":{"γ":-3.079868695934514,"b₂":-1.4692538698745174,"λ₁":-3.1228057515632877,"λ₂":-0.802111588745813,"a₁":-0.2812902702882383,"a₂":-0.014420254529852627,"b₁":0.07343894897717718},"^":{"γ":-0.44008452696665223,"b₂":2.400391867392404,"λ₁":-1.9108912867837207,"λ₂":-0.8192059693443063,"a₁":0.06363405385219068,"a₂":0.3437822458702833,"b₁":-0.2857082017596788},">":{"γ":0.05762300846613044,"b₂":-9.210340371976182,"λ₁":-3.5470624405082516,"λ₂":-0.23939391493501105,"a₁":-0.08093397013271364,"a₂":-4.0621158176591745,"b₁":-2.191441243347481}},"pair0092":{"<":{"γ":-0.028449601436888017,"b₂":-3.824220912183037,"λ₁":0.027878560915077344,"λ₂":0.0012282381157593392,"a₁":0.025335749501957494,"a₂":-0.00786839261422756,"b₁":0.026241805336812973},"^":{"γ":6.942283176574167,"b₂":9.210340371976185,"λ₁":-1.9701390995605852,"λ₂":-9.210340371976182,"a₁":-0.5769623289103265,"a₂":9.210340371976185,"b₁":-3.5278659343541863},">":{"γ":-1.5472974619998734,"b₂":-0.4683656805868459,"λ₁":-1.6374358819373587,"λ₂":-0.6142836643229757,"a₁":0.08454441745225516,"a₂":-0.17889205178340362,"b₁":-1.7834058646867819}},"pair0093":{"<":{"γ":0.0746440547595153,"b₂":-1.4559553032661618,"λ₁":-0.3781996971141659,"λ₂":-1.1082660036116536,"a₁":0.8239840786389667,"a₂":-1.6098635516695152,"b₁":-0.48058015421479894},"^":{"γ":-3.024418280507155,"b₂":-7.5698676794126305,"λ₁":-4.75041049747827,"λ₂":-3.996273063019883,"a₁":4.306788561257482,"a₂":9.210340371976185,"b₁":2.3359981406428307},">":{"γ":-0.012887023934132102,"b₂":0.3235020284497061,"λ₁":0.004497548189940304,"λ₂":0.027826271678254244,"a₁":-0.0016348062446311928,"a₂":2.414577636296496,"b₁":-0.007274309425509884}},"pair0094":{"<":{"γ":1.2882047051027605,"b₂":-2.1522366239344253,"λ₁":-0.13093166503715103,"λ₂":-1.6450405099605527,"a₁":-0.444031836176066,"a₂":-0.23126554613214978,"b₁":-2.3149550855737298},"^":{"γ":2.0484904780639255,"b₂":1.4261474072381919,"λ₁":-2.256171085572662,"λ₂":-0.45825001764465334,"a₁":-0.17035757555876074,"a₂":1.6150996841970677,"b₁":-1.2720950155982509},">":{"γ":0.13535480422697788,"b₂":-1.6957769745342288,"λ₁":-2.2521031753510092,"λ₂":-0.1930437971912582,"a₁":0.5261069614437233,"a₂":-1.2194930740004555,"b₁":-0.6824149846477905}},"pair0091":{"<":{"γ":2.037798084551989,"b₂":-5.31854081021258,"λ₁":-3.3474469675981027,"λ₂":-4.089871461524258,"a₁":-3.7897948116141125,"a₂":-1.694202201372633,"b₁":-5.150400613971973},"^":{"γ":2.211947075926723,"b₂":-9.210340371976182,"λ₁":-9.205631347471066,"λ₂":-4.014319024503693,"a₁":-4.4697388960590505,"a₂":8.153777754915469,"b₁":-9.210340371976182},">":{"γ":-1.6893030802119942,"b₂":-9.210340371976182,"λ₁":-4.192012762850511,"λ₂":0.51802508482095,"a₁":-0.07484234988941374,"a₂":-2.4094695154415957,"b₁":-1.4437509937780835}}}}