{"likelihoods":{"pair0070":{"4":{"<":-4025.1550543951325,"^":-3101.288754289602,">":-3130.313002788391},"2":{"<":-4270.051471782103,"^":-3917.1638523658535,">":-3878.441749735888},"3":{"<":-4354.009584040141,"^":-3264.079627547109,">":-3294.6360489829435},"5":{"<":-1884.5865920040746,"^":-3473.6268416385597,">":-1038.2052155427623},"1":{"<":2554.4347568066223,"^":2837.021143736543,">":2543.8695153946114}},"pair0069":{"4":{"<":2630.267073275288,"^":2632.5320507979827,">":2639.419844407762},"2":{"<":2643.4899985752822,"^":2679.4068054591344,">":2653.922388496448},"3":{"<":2630.411455085729,"^":2640.7138046573805,">":2649.149576449651},"5":{"<":2642.8286677578617,"^":2501.799259995388,">":2643.1090868724687},"1":{"<":2749.617364300715,"^":2845.1415205456833,">":2783.502163644065}},"pair0072":{"4":{"<":2632.1001856908874,"^":2602.3636477488435,">":2613.4483792205133},"2":{"<":2691.1845723902165,"^":2693.870163265037,">":2679.4693561090007},"3":{"<":2620.9305269545985,"^":2605.7249418125252,">":2604.9317441808553},"5":{"<":2637.4771099200134,"^":2594.8025607291866,">":2606.6463342213046},"1":{"<":2836.072466294083,"^":2837.0211437366665,">":2832.5948910299344}}}}