{"parameters":{"pair0070":{"4":{"<":{"γ":7.615120835407053,"b₂":-8.681166476046025,"λ₁":-9.210240142235966,"λ₂":-3.509656569296471,"a₁":4.4598368985081365,"a₂":-9.182613970349149,"b₁":-9.210340371976182},"^":{"γ":-2.8533981994166577,"b₂":9.210340371976185,"λ₁":0.7454968451876365,"λ₂":-6.574881738684913,"a₁":1.1568841619055892,"a₂":-8.613738934557036,"b₁":-9.210340371976182},">":{"γ":9.210340371976185,"b₂":-9.210340371976182,"λ₁":9.210340371976185,"λ₂":-9.210340371976182,"a₁":-4.473050096008617,"a₂":-9.210340371976182,"b₁":-3.602736729221127}},"2":{"<":{"γ":-8.960104271386996,"b₂":-9.159393101601776,"λ₁":-9.210340371976182,"λ₂":-3.8444326583865562,"a₁":4.703110727679443,"a₂":-5.97306704943373,"b₁":-9.20692248035556},"^":{"γ":9.09279551206142,"b₂":9.210340371976185,"λ₁":-7.1412102994062225,"λ₂":-9.210340371976182,"a₁":-0.7166786893746782,"a₂":2.6291839209916787,"b₁":-9.210340371976182},">":{"γ":1.5618139539328713,"b₂":-9.210340371976182,"λ₁":1.045672088906695,"λ₂":-9.210340371976182,"a₁":-1.453077001539218,"a₂":-9.210340371976182,"b₁":-7.196741558794866}},"3":{"<":{"γ":-9.207884505110782,"b₂":-8.965931390915568,"λ₁":-9.208618578030599,"λ₂":5.112736922213905,"a₁":5.390494055786245,"a₂":-9.130119984319425,"b₁":-9.210340371976182},"^":{"γ":-1.7766336313420306,"b₂":8.050841216911374,"λ₁":-1.6962817614318535,"λ₂":-6.8994597698384705,"a₁":-2.060552449842895,"a₂":-4.321719818360536,"b₁":-9.210340371976182},">":{"γ":-1.9472103670735725,"b₂":-9.210340371976182,"λ₁":0.7204866829677599,"λ₂":-7.019867765954396,"a₁":2.2316403073593243,"a₂":0.658835029158956,"b₁":2.2548084010468514}},"5":{"<":{"γ":9.081766267805707,"b₂":-5.1890755424089745,"λ₁":-4.7626185600783275,"λ₂":-2.041713955736154,"a₁":1.2757778136580367,"a₂":-4.182071549062045,"b₁":-9.210340371976182},"^":{"γ":9.208601615641134,"b₂":-7.293621971225261,"λ₁":-2.9196195736535087,"λ₂":-9.210340371976182,"a₁":-6.144390980025422,"a₂":3.0577944883061576,"b₁":-9.210340371976182},">":{"γ":9.191214290115704,"b₂":-5.2166437125276195,"λ₁":-0.44283224581544367,"λ₂":-8.675784486559069,"a₁":-9.186943786006712,"a₂":-9.183520798374836,"b₁":4.220853528825055}},"1":{"<":{"γ":2.1432164057895573,"b₂":-1.041147032340584,"λ₁":0.021637158180062954,"λ₂":1.0190832448274652,"a₁":2.872701847745777,"a₂":-0.6012179077593327,"b₁":3.0916217300994298},"^":{"γ":9.210340371976185,"b₂":9.210340371976185,"λ₁":9.210340371976185,"λ₂":9.210340371976185,"a₁":9.210340371976185,"a₂":9.210340371976185,"b₁":9.210340371976185},">":{"γ":1.7763568394002505e-15,"b₂":1.7763568394002505e-15,"λ₁":1.7763568394002505e-15,"λ₂":1.7763568394002505e-15,"a₁":1.7763568394002505e-15,"a₂":1.7763568394002505e-15,"b₁":1.7763568394002505e-15}}},"pair0069":{"4":{"<":{"γ":0.8999862257932651,"b₂":-1.1500285118372329,"λ₁":-0.9733576691108237,"λ₂":0.7009883638998247,"a₁":-0.17608599248075585,"a₂":-0.5104390302092323,"b₁":-2.0552562880722},"^":{"γ":8.948028943211627,"b₂":-9.066069160225272,"λ₁":-1.2451518482050892,"λ₂":-0.2206963303019549,"a₁":-0.26939727653550527,"a₂":-2.8313016174861447,"b₁":-1.9208926276578957},">":{"γ":8.121168105207852,"b₂":-0.6741885570919077,"λ₁":-2.550920425562678,"λ₂":0.1410123580619338,"a₁":-0.019565751129334785,"a₂":0.926516071436426,"b₁":-0.07192561964916244}},"2":{"<":{"γ":3.772403009349368,"b₂":0.5786101945409463,"λ₁":-1.151785471866372,"λ₂":2.4176085962077423,"a₁":-0.020029969864721053,"a₂":0.8715232065842908,"b₁":-1.478302396037308},"^":{"γ":-0.029420839015227074,"b₂":-9.210340371976182,"λ₁":-0.277367935937308,"λ₂":-0.5470949495553281,"a₁":0.0060884664502971475,"a₂":-0.6293006224495503,"b₁":-1.103090690179906},">":{"γ":5.868019029088803,"b₂":-5.298658238092253,"λ₁":5.213238090135421,"λ₂":-0.09897130520371356,"a₁":-1.4187292746260507,"a₂":-1.789610908205959,"b₁":-0.2653426001748418}},"3":{"<":{"γ":4.153270169413748,"b₂":-0.003436966889434956,"λ₁":-0.9023801393962696,"λ₂":1.09749366350772,"a₁":-0.9984036568911332,"a₂":-0.09544970705272071,"b₁":-1.3359242195910532},"^":{"γ":3.4482217386006724,"b₂":4.59810934344322,"λ₁":0.6282711707943243,"λ₂":-1.113663843200717,"a₁":0.046961215622193464,"a₂":4.2659087877006705,"b₁":-0.5981341903293664},">":{"γ":0.16394190953987042,"b₂":-1.341038860570099,"λ₁":0.5556002650616687,"λ₂":-0.6914070633394971,"a₁":-0.29086175386831137,"a₂":0.2221910800831246,"b₁":-0.14366442216700115}},"5":{"<":{"γ":0.26780020368728685,"b₂":0.3253395792114322,"λ₁":-3.4275945627746722,"λ₂":1.3405331460371013,"a₁":-1.535548088154548,"a₂":0.41397130545807137,"b₁":-2.4964896765391567},"^":{"γ":-9.210340371976182,"b₂":9.210340371976185,"λ₁":-9.210340371976182,"λ₂":9.210340371976182,"a₁":-0.32826213323339104,"a₂":-9.210340371976182,"b₁":-9.210340371976182},">":{"γ":-0.12172390846984626,"b₂":-0.2770576854502451,"λ₁":0.1687015848209974,"λ₂":0.09616184948695938,"a₁":0.7308024781654598,"a₂":0.7101507554518864,"b₁":0.19011613340950717}},"1":{"<":{"γ":-2.8598928046797143,"b₂":0.49121565430024283,"λ₁":9.158271478669016,"λ₂":2.3564280072206945,"a₁":1.3289010164652968,"a₂":-0.5808008706748851,"b₁":1.5676927056849799},"^":{"γ":-9.208978537079533,"b₂":-9.208453687690016,"λ₁":9.198076564275697,"λ₂":9.210340371976185,"a₁":-1.0787161363137958,"a₂":-9.20608537594857,"b₁":-2.498053862720104},">":{"γ":9.209952712266086,"b₂":-3.9338367871611846,"λ₁":9.044927450548,"λ₂":0.1867318408061358,"a₁":-0.29512763779217366,"a₂":-0.9975762483148074,"b₁":-1.107194349898112}}},"pair0072":{"4":{"<":{"γ":3.6103955993549324,"b₂":-1.3296701754947806,"λ₁":2.5130060375189753,"λ₂":-0.8798898116069243,"a₁":0.584742314504533,"a₂":0.015705667858659567,"b₁":0.44390251374305123},"^":{"γ":1.0775784662080525,"b₂":-1.2092879940072372,"λ₁":-2.248859185647543,"λ₂":-0.3331622493667048,"a₁":-0.16393694119289748,"a₂":0.22234777825434904,"b₁":-2.5875745516575996},">":{"γ":-2.4704339713329926,"b₂":0.07304613850768682,"λ₁":-3.9210129685189683,"λ₂":5.069326991590135,"a₁":-3.1898327188378124,"a₂":-1.1748311732151873,"b₁":-9.210340371976182}},"2":{"<":{"γ":-2.5460059993446853,"b₂":-6.643005555824624,"λ₁":9.156607407128105,"λ₂":-0.38809967716119864,"a₁":-0.4706074607029098,"a₂":-6.206793154172201,"b₁":-3.8819470872121187},"^":{"γ":2.4473667910374832,"b₂":-9.209296818174998,"λ₁":-7.413482004271826,"λ₂":9.20370794364685,"a₁":-3.244654328985109,"a₂":9.210340371976182,"b₁":-8.584762116203505},">":{"γ":0.410097478148332,"b₂":-0.07054522305098487,"λ₁":-0.28061896529500174,"λ₂":4.101428792536055,"a₁":-0.8225411792430464,"a₂":-0.02763810036147163,"b₁":-2.0043219712207643}},"3":{"<":{"γ":2.6320793561780693,"b₂":-1.812036510091314,"λ₁":4.95276720462129,"λ₂":-1.2080116780924541,"a₁":1.6504226115585023,"a₂":0.4171061820567221,"b₁":1.914730720346542},"^":{"γ":2.2104928211562473,"b₂":0.014316345371463868,"λ₁":-3.2719865833777684,"λ₂":1.521140777391846,"a₁":-0.198151663761859,"a₂":-3.8602541206103966,"b₁":-1.926969810874004},">":{"γ":9.210340371976185,"b₂":0.08810183729975307,"λ₁":-3.476447762697787,"λ₂":4.265161400151204,"a₁":-2.6341099867430984,"a₂":0.3083558698824831,"b₁":-9.200967355145655}},"5":{"<":{"γ":0.5943665511748772,"b₂":-2.7681961155898627,"λ₁":-1.005121454202202,"λ₂":-1.108960865205681,"a₁":-0.19304709626364058,"a₂":0.07177769352059471,"b₁":-0.9472777119624087},"^":{"γ":9.203312195074991,"b₂":-9.208801148747208,"λ₁":-2.595285267000798,"λ₂":0.939327868984341,"a₁":-0.3559855923171842,"a₂":9.210340371976185,"b₁":-2.0518295123289185},">":{"γ":5.628541337549391,"b₂":-1.023371151561296,"λ₁":-0.4674658324245051,"λ₂":3.070113456444897,"a₁":-0.341123716600098,"a₂":-0.9044926973808209,"b₁":-2.9437713406204846}},"1":{"<":{"γ":0.9423012643637083,"b₂":-0.83165608188812,"λ₁":0.043583489055139424,"λ₂":3.4020962870406457,"a₁":0.04711196468651835,"a₂":0.1704341248146637,"b₁":-1.0493870608759313},"^":{"γ":9.210340371976185,"b₂":-9.210340371976182,"λ₁":9.210340371976185,"λ₂":9.210340371976185,"a₁":9.210340371976185,"a₂":-9.210340371976182,"b₁":9.210340371976185},">":{"γ":4.953919847169088,"b₂":0.7415869245125855,"λ₁":9.20887928067731,"λ₂":3.3591045082674498,"a₁":-0.7110938805886136,"a₂":-0.06591866502158616,