{"likelihoods":{"pair0012":{"<":2331.354252517909,"^":2294.258388535855,">":2314.9613371378346},"pair0015":{"<":808.0394562259854,"^":807.5771346415677,">":807.6336284711247},"pair0011":{"<":2037.8146730354163,"^":2421.097233481244,">":2111.586278920994},"pair0013":{"<":721.4787832065545,"^":727.1461028426935,">":723.4940173522756},"pair0014":{"<":823.0613555850521,"^":834.7639490058598,">":795.1357422117908}}}