{"params":{"P":100,"m₂":0.0,"b₁":0.005735937550733834,"name":"m_1_k_2","seed_no":104,"M":4,"λ₁":0.018665821066829572,"a₂":0.08697816797389185,"b₂":0.00010016899397635352,"Rs":[1,2,3,4,5],"T_max":1000,"m₁":0.0,"γ":0.002063766647617856,"a₁":0.21388050949219892,"λ₂":216.21527977032747,"EPOCHS":200,"tr_acc":-0.7867548641943066}}