{"params":{"P":100,"m₂":0.0,"b₁":4.656830951954467,"name":"m_1_k_1","seed_no":104,"M":4,"λ₁":0.000441797020148767,"a₂":0.00010141920439811585,"b₂":0.00010485066128308501,"Rs":[1,2,3,4,5],"T_max":1000,"m₁":0.0,"γ":38.28507451690693,"a₁":0.019369840085682453,"λ₂":83.17123947533875,"EPOCHS":200,"tr_acc":-0.7902228980816616}}