{"params":{"P":100,"m₂":0.0,"b₁":10.654623689923058,"name":"m_1_k_3","seed_no":104,"M":4,"λ₁":1.391053105119271,"a₂":0.00010832240196200865,"b₂":0.10790418837727656,"Rs":[1,2,3,4,5],"T_max":1000,"m₁":0.0,"γ":0.00010173392437944183,"a₁":196.78189227263704,"λ₂":0.00010000000000000009,"EPOCHS":200,"tr_acc":-0.8411801301684534}}