{"likelihoods":{"pair0059":{"<":505.15227489819955,"^":504.1166326306691,">":508.57984087599135}}}