{"parameters":{"pair0059":{"<":{"γ":0.5674692079823025,"b₂":-0.5464178605652776,"λ₁":0.7724017640967187,"λ₂":-0.4441226818671762,"a₁":0.012270139347592135,"a₂":0.004805703895009117,"b₁":-0.21825158712487003},"^":{"γ":0.8995037377761115,"b₂":1.2043682431818876,"λ₁":-1.1829281526375262,"λ₂":-1.355093856116678,"a₁":0.04539824340123033,"a₂":0.5493391621486321,"b₁":-1.7250546505123712},">":{"γ":0.09246070520374694,"b₂":-0.5617855513037853,"λ₁":-0.08980423963724071,"λ₂":0.720126330648247,"a₁":0.5147277193264497,"a₂":-0.3092931737821232,"b₁":-0.0012993925236184367}}}}