{"likelihoods":{"pair0045":{"4":{"<":1502.1878630194576,"^":1792.3504945841055,">":1480.6386476618288},"2":{"<":1629.6464080874396,"^":2182.89595444795,">":1650.6930214321442},"3":{"<":1533.1873454563424,"^":1865.1519510107082,">":1492.188317065523},"5":{"<":1560.915699366085,"^":1720.6002958811139,">":1580.3767977548653},"1":{"<":1829.9896514839686,"^":2836.8785655343954,">":1825.5240598970008}}}}