{"parameters":{"pair0045":{"4":{"<":{"γ":-0.48764258753735845,"b₂":-8.931607529041663,"λ₁":3.5070348360824006,"λ₂":-3.4612674028807735,"a₁":-6.129426475245229,"a₂":-1.3183737205085109,"b₁":-9.471436704422837},"^":{"γ":0.7907847765379721,"b₂":-12.678945948506188,"λ₁":-4.188008826683282,"λ₂":-9.436490479848535,"a₁":-0.2528867826178356,"a₂":13.776945987522325,"b₁":-1.5851707620008497},">":{"γ":0.893842388828288,"b₂":-3.066393627568228,"λ₁":-1.0395621613994432,"λ₂":-1.8264969601756942,"a₁":-0.514662680966584,"a₂":-0.1563032816072667,"b₁":-5.061932006506201}},"2":{"<":{"γ":9.33078352221532,"b₂":-6.570676186443958,"λ₁":1.2011146964209996,"λ₂":-5.137961721785743,"a₁":-1.044674422760469,"a₂":-6.757327048089631,"b₁":-9.206806639488693},"^":{"γ":-0.34972238386208865,"b₂":-3.2468042430505477,"λ₁":-1.389754421866451,"λ₂":-1.8117912220934382,"a₁":-0.11651001448239029,"a₂":4.6433806834865585,"b₁":-0.7436024418201868},">":{"γ":0.0,"b₂":0.0,"λ₁":0.0,"λ₂":0.0,"a₁":0.0,"a₂":0.0,"b₁":0.0}},"3":{"<":{"γ":-13.768265957882653,"b₂":-2.635573488819386,"λ₁":-1.6537315363054148,"λ₂":-3.6846116188107327,"a₁":-0.5256445010006079,"a₂":-2.569111038495718,"b₁":-1.3409650996196234},"^":{"γ":0.5234520613181743,"b₂":-1.6600150333976007,"λ₁":-2.5785826613883067,"λ₂":-4.170347610983098,"a₁":0.7142635616166366,"a₂":-10.714659815172196,"b₁":-1.1722634142030195},">":{"γ":0.6813715340544189,"b₂":-5.040891565198507,"λ₁":-2.061850135468509,"λ₂":-3.618185924731458,"a₁":0.14576398762748255,"a₂":-2.0653019044556,"b₁":-0.32871412547100576}},"5":{"<":{"γ":-0.941503143323219,"b₂":-8.842093389211595,"λ₁":-9.180953255542443,"λ₂":-2.18448502215624,"a₁":-13.579692922327483,"a₂":-2.4726636947527005,"b₁":-7.015501229685052},"^":{"γ":0.6759569394592742,"b₂":-0.6224338427808185,"λ₁":-3.2276472216116296,"λ₂":-4.186323796170992,"a₁":0.7253792963847054,"a₂":-13.815510557964274,"b₁":-1.1196778799884104},">":{"γ":0.0,"b₂":-9.210340371976182,"λ₁":0.0,"λ₂":0.0,"a₁":0.0,"a₂":0.0,"b₁":0.0}},"1":{"<":{"γ":0.029943381924606882,"b₂":-13.815510557964274,"λ₁":0.06463162630073427,"λ₂":0.016129711428201077,"a₁":-0.005986849528078153,"a₂":-5.539272029243863,"b₁":-0.021912279263981205},"^":{"γ":13.815510557964274,"b₂":-13.815510557964274,"λ₁":13.815510557964274,"λ₂":13.815510557964274,"a₁":13.815510557964274,"a₂":13.815510557964274,"b₁":13.815510557964274},">":{"γ":9.19768263346863,"b₂":-1.1191770466984448,"λ₁":4.303480906076864,"λ₂":-0.6185988990543869,"a₁":-2.7687392437052747,"a₂":0.16230580186686439,"b₁":-0.7201205981334571}}}}}