{"likelihoods":{"pair0009":{"4":{"<":9873.45896932296,"^":10042.422587946816,">":9873.292933194522},"2":{"<":10290.743887033797,"^":10899.192484566565,">":10289.941401705424},"3":{"<":9923.5885440394,"^":10299.9847351315,">":9933.299581619809},"5":{"<":7350.28778507889,"^":9920.392314336263,">":9785.698338865997},"1":{"<":10842.096758958563,"^":11865.964083220815,">":10842.860721041636}},"pair0010":{"4":{"<":10075.378329798554,"^":10264.738523023807,">":10075.355519335199},"2":{"<":10555.066355907706,"^":0.0,">":10555.69680983455},"3":{"<":10160.259066481462,"^":10545.9486936018,">":10152.342686780577},"5":{"<":7248.95846218672,"^":10108.088761736035,">":5492.534711206648},"1":{"<":11121.810124038086,"^":11852.822529686588,">":11117.662756346492}},"pair0008":{"4":{"<":7499.74581685326,"^":7753.658381018014,">":7424.053517784427},"2":{"<":9775.801611021063,"^":8318.792486380196,">":9775.281767575752},"3":{"<":9645.189897337978,"^":10175.255971241837,">":7100.812799569019},"5":{"<":7441.028451097981,"^":7432.431323460019,">":7440.862393231103},"1":{"<":10688.476013004494,"^":11852.819287021137,">":10686.892548472759}}}}