{"parameters":{"pair0009":{"4":{"<":{"γ":0.26077119358554945,"b₂":-0.955751965564529,"λ₁":-0.5802158076940458,"λ₂":-0.36742195878813,"a₁":-0.009810884588663527,"a₂":0.21918279096228765,"b₁":0.5165909066155532},"^":{"γ":-1.8533235236054555,"b₂":-13.815510557964274,"λ₁":0.009517573443128313,"λ₂":-1.599910695038023,"a₁":-0.20819847895463717,"a₂":13.815510557964274,"b₁":-1.831421442606537},">":{"γ":0.21005213743745088,"b₂":-7.229372104186639,"λ₁":-2.0524492948483726,"λ₂":-0.11558802596138662,"a₁":0.03486485430944697,"a₂":-2.8869407783314003,"b₁":0.0380443464441651}},"2":{"<":{"γ":0.0,"b₂":0.0,"λ₁":0.0,"λ₂":0.0,"a₁":0.0,"a₂":0.0,"b₁":0.0},"^":{"γ":1.4511679678932694,"b₂":-0.896832906777199,"λ₁":-0.8728740709832934,"λ₂":-1.8473133488937385,"a₁":-0.04431263123224127,"a₂":-1.5359905523610973,"b₁":-0.687618268444286},">":{"γ":0.4987467775692753,"b₂":0.13324667626391573,"λ₁":-0.35567042104625024,"λ₂":0.5153839657665795,"a₁":0.0031477423594452603,"a₂":0.38768395696398095,"b₁":0.2571065710285385}},"3":{"<":{"γ":-0.5504891932204092,"b₂":-13.815510557964274,"λ₁":-0.005205019110130493,"λ₂":0.005870266296598814,"a₁":0.003842725463654162,"a₂":-1.7942223964465214,"b₁":-0.34621833709161187},"^":{"γ":-1.4187013200830574,"b₂":-13.811776516833097,"λ₁":-1.7268565089353718,"λ₂":-1.1934968977242626,"a₁":-0.09333330227442538,"a₂":13.803355992563802,"b₁":-1.493716057244436},">":{"γ":0.0,"b₂":0.0,"λ₁":0.0,"λ₂":0.0,"a₁":0.0,"a₂":0.0,"b₁":0.0}},"5":{"<":{"γ":-11.058474735462324,"b₂":-12.28655074742265,"λ₁":-13.34316069819643,"λ₂":-11.185651084263688,"a₁":4.3217528716434614,"a₂":-12.298915190495634,"b₁":-9.619455886127502},"^":{"γ":2.2145936582183303,"b₂":-1.6230985097930724,"λ₁":-0.9035100709946899,"λ₂":-7.313166711991539,"a₁":-0.4939167279262371,"a₂":4.181522285034838,"b₁":-4.829974403478166},">":{"γ":1.4855977833264333,"b₂":-2.1675812766222435,"λ₁":0.8651386392694675,"λ₂":-3.3390554424465684,"a₁":-0.1695493076101826,"a₂":-0.17781820859002018,"b₁":-1.2007593846955995}},"1":{"<":{"γ":0.47786789628335313,"b₂":0.29798000883843656,"λ₁":12.10788690347232,"λ₂":1.2058161605259983,"a₁":-1.417978021557106,"a₂":0.4325976013992552,"b₁":-6.468648718979714},"^":{"γ":13.815510557964274,"b₂":13.815510557964274,"λ₁":13.815510557964274,"λ₂":13.600548877169903,"a₁":-3.0269053110723902,"a₂":-13.815510557964274,"b₁":-13.815510557964274},">":{"γ":-5.0738244355376185,"b₂":-1.237064487781808,"λ₁":6.7227488214160935,"λ₂":0.10246518700061813,"a₁":0.1875201884313924,"a₂":-0.7047513995764589,"b₁":0.5860089171752723}}},"pair0010":{"4":{"<":{"γ":3.1095999014613547,"b₂":-5.630654850667188,"λ₁":-0.2011002426671098,"λ₂":-0.37304402529462877,"a₁":0.29610902937402983,"a₂":-0.8566339875899018,"b₁":-0.42831228647235164},"^":{"γ":1.31153458658582,"b₂":-1.2893637183394322,"λ₁":-2.3144783604692343,"λ₂":-1.551562835303148,"a₁":-0.18934368365242094,"a₂":-2.767658566257831,"b₁":-1.0439061909526277},">":{"γ":1.3089367482578176,"b₂":-4.598162836957359,"λ₁":-0.4508640632656089,"λ₂":-0.5942416658045389,"a₁":-0.5608822266853579,"a₂":-0.6455152451941757,"b₁":-0.8207090619880706}},"2":{"<":{"γ":0.7882888697086194,"b₂":-0.018571457483673726,"λ₁":-0.09029574537365015,"λ₂":0.9330878040173687,"a₁":0.07939400078562109,"a₂":-0.20106830069398107,"b₁":-0.1509137018556217},"^":{"γ":0.0,"b₂":0.0,"λ₁":0.0,"λ₂":0.0,"a₁":0.0,"a₂":0.0,"b₁":0.0},">":{"γ":0.0,"b₂":0.0,"λ₁":0.0,"λ₂":0.0,"a₁":0.0,"a₂":0.0,"b₁":0.0}},"3":{"<":{"γ":0.0,"b₂":0.0,"λ₁":0.0,"λ₂":0.0,"a₁":0.0,"a₂":0.0,"b₁":0.0},"^":{"γ":1.306174859342967,"b₂":9.53955327279693,"λ₁":-0.6226745058122276,"λ₂":-2.362641490814598,"a₁":-0.0708281806768376,"a₂":13.803456558644605,"b₁":-1.558908587660012},">":{"γ":1.7169397838437668,"b₂":-0.007820099981042716,"λ₁":-0.24004484885928434,"λ₂":0.0034511727078925247,"a₁":-0.13754124950000168,"a₂":0.7367455419502598,"b₁":-0.5869462012854854}},"5":{"<":{"γ":-13.815510557964274,"b₂":-13.747119583026722,"λ₁":-10.187446851817695,"λ₂":-12.533741676038241,"a₁":4.575778571215288,"a₂":-4.453287509079429,"b₁":-12.832785932796238},"^":{"γ":1.0923101240734958,"b₂":-3.6300559954312632,"λ₁":-1.9158496130362046,"λ₂":-3.0046716409071887,"a₁":-0.9161632887690807,"a₂":13.732925616672375,"b₁":-2.4824472697247693},">":{"γ":-13.812727594848694,"b₂":6.726304778906091,"λ₁":-13.813252092938685,"λ₂":13.81480628633426,"a₁":-13.81319882944493,"a₂":8.235611697953019,"b₁":-13.813004791598138}},"1":{"<":{"γ":0.0,"b₂":0.0,"λ₁":0.0,"λ₂":0.0,"a₁":0.0,"a₂":0.0,"b₁":0.0},"^":{"γ":-10.035549012750952,"b₂":-13.811327767676069,"λ₁":13.815473480839891,"λ₂":13.815510557964274,"a₁":13.814371333792629,"a₂":-13.81204540833239,"b₁":13.81549768517678},">":{"γ":1.2363179330242833,"b₂":0.03613132783608286,"λ₁":13.258041840418937,"λ₂":0.0028947213775598613,"a₁":0.004810919439073302,"a₂":-0.0070039907427243975,"b₁":0.0624596031205602}}},"pair0008":{"4":{"<":{"γ":-13.815510557964274,"b₂":-7.283159134583348,"λ₁":-8.269909605527594,"λ₂":-0.779704093804666,"a₁":-7.4885361149446545,"a₂":-5.32279915060103,"b₁":-13.815510557964274},"^":{"γ":13.815410896370622,"b₂":13.814848225554684,"λ₁":-13.813316896891731,"λ₂":13.815261326206315,"a₁":-1.103353164427384,"a₂":13.81485589070516,"b₁":-13.812851345492643},">":{"γ":-13.80467253210746,"b₂":-3.4119457950948107,"λ₁":-13.33200227121191,"λ₂":4.59064996714547,"a₁":-13.754852454603329,"a₂":-4.555121099734615,"b₁":-10.747636071776496}},"2":{"<":{"γ":-2.7374362491842046,"b₂":-5.034260855848805,"λ₁":-1.93215784752282,"λ₂":-3.1356675970082613,"a₁":0.4128416290963077,"a₂":-0.00024009871956387485,"b₁":0.09168054085376198},"^":{"γ":4.522774563974902,"b₂":-13.812727921581965,"λ₁":-13.813921412489172,"λ₂":13.814795756428826,"a₁":-13.813144462778805,"a₂":-13.813273486624038,"b₁":-13.812997917240368},">":{"γ":-3.812182046433632,"b₂":-1.4781290388545312,"λ₁":0.2174870648718059,"λ₂":-3.6890428089724647,"a₁":-1.0901799504762018,"a₂":-1.060429477023792,"b₁":-4.229685948698153}},"3":{"<":{"γ":0.31456625868901256,"b₂":-1.2641018326780973,"λ₁":-0.9555170873955134,"λ₂":-4.936625787807305,"a₁":0.5687752979762521,"a₂":-0.9634108391818952,"b₁":-0.885099082546315},"^":{"γ":-13.812485238768666,"b₂":6.921874996029025,"λ₁":-5.748213575702893,"λ₂":3.528325278738542,"a₁":2.89598292549989,"a₂":0.4434337404925728,"b₁":-6.401652461457713},">":{"γ":13.815510557964274,"b₂":-13.657722562487594,"λ₁":-13.815510557964274,"λ₂":-0.6047055494453879,"a₁":-13.800005382966916,"a₂":-6.074877670603507,"b₁":-13.815510557964274}},"5":{"<":{"γ":11.493724670624363,"b₂":-3.4511349356158565,"λ₁":-13.815510557964274,"λ₂":13.815510557964274,"a₁":-13.815510557964274,"a₂":-7.009690161720441,"b₁":-13.815510557964274},"^":{"γ":0.7508694094626112,"b₂":13.772655625623255,"λ₁":-13.759098006651886,"λ₂":13.814544570114524,"a₁":-13.049819100962669,"a₂":-13.786733182019121,"b₁":-13.814078043177599},">":{"γ":-13.813623086281144,"b₂":-0.44051389950481656,"λ₁":-13.813152395292226,"λ₂":13.814833393732052,"a₁":-6.09169251857575,"a₂":-13.81306606794351,"b₁":-13.813165326742583}},"1":{"<":{"γ":-0.6908021176552648,"b₂":-3.1709783109687795,"λ₁":7.201883431896306,"λ₂":0.12280491173663854,"a₁":1.9307437526076434,"a₂":-0.559021088723128,"b₁":0.8486432667327186},"^":{"γ":-13.815133099246431,"b₂":-13.815510557964274,"λ₁":13.589837848695165,"λ₂":13.815510557964274,"a₁":13.815510557964274,"a₂":13.635578371728066,"b₁":13.815510557964274},">":{"γ":3.5375393259502346,"b₂":0.34487929776616966,"λ₁":10.874647008926008,"λ₂":-0.5484201501830555,"a₁":0.18235093734528007,"a₂":-0.09473701377650734,"b₁":-0.588341819292669}}}}}