{"likelihoods":{"pair0012":{"4":{"<":2455.7475794592438,"^":2465.850543325358,">":2461.0685130719094},"2":{"<":2562.8900321508713,"^":2600.9981106653618,">":2558.701428354589},"3":{"<":2485.9394652339397,"^":2494.841904290291,">":2481.9654690486236},"5":{"<":2436.2044896724124,"^":2442.6860743381517,">":2420.203671821608},"1":{"<":2784.7788688985925,"^":0.0,">":2781.3721465988397}},"pair0015":{"4":{"<":820.5010965667877,"^":0.0,">":828.9042305865704},"2":{"<":806.497138196761,"^":900.9090396623395,">":803.3820579870435},"3":{"<":814.2379794046674,"^":845.4431025595534,">":814.8648555785793},"5":{"<":806.856995602325,"^":827.961050157741,">":829.5573862820908},"1":{"<":887.1662233256956,"^":1122.1167154160344,">":886.5841598521732}},"pair0017":{"4":{"<":784.3841905497221,"^":659.4878489872432,">":694.3750707882122},"2":{"<":1179.30497265307,"^":1180.0981714788195,">":1174.816909863422},"3":{"<":784.9912899623027,"^":719.5980551139617,">":840.4347807140747},"5":{"<":650.8345947733405,"^":545.7094196312872,">":790.945108115501},"1":{"<":2847.0657161452027,"^":2850.1637182211302,">":2848.3935544122533}},"pair0016":{"4":{"<":941.6928852171311,"^":946.8670269458876,">":945.2884760965289},"2":{"<":935.3063369006679,"^":0.0,">":932.9529995950359},"3":{"<":943.1486272990169,"^":950.8595413431415,">":936.7015218135925},"5":{"<":947.4067767190836,"^":956.6994269347919,">":944.1587597717063},"1":{"<":1001.7822710400475,"^":1121.730988596034,">":1001.1701609819385}},"pair0020":{"4":{"<":857.8538568907463,"^":887.566637063115,">":877.2947485809212},"2":{"<":887.0608853412214,"^":903.799827215909,">":878.4107192109511},"3":{"<":867.7613337552425,"^":891.8064565300683,">":845.4495655442424},"5":{"<":877.0632117628606,"^":865.1216441751678,">":877.0633793691851},"1":{"<":980.7710378444632,"^":1000.4073073870939,">":983.7563986268625}},"pair0011":{"4":{"<":2436.465133810024,"^":2478.3262322023916,">":2448.0592979097096},"2":{"<":2443.638482812097,"^":2661.3576250762117,">":2514.40708135771},"3":{"<":2446.2342498034764,"^":2518.425074089431,">":2444.4965672711605},"5":{"<":2450.562632021075,"^":2476.4980740222645,">":0.0},"1":{"<":2643.7111541429867,"^":0.0,">":2640.6157290153983}},"pair0013":{"4":{"<":753.7348802275121,"^":747.0224224850089,">":752.789942635315},"2":{"<":748.5556207945289,"^":815.220092871743,">":748.3940979628592},"3":{"<":0.0,"^":774.4037971729914,">":751.444871355469},"5":{"<":755.0388934935806,"^":730.5527927178409,">":737.8460830485856},"1":{"<":0.0,"^":0.0,">":903.6741988053402}},"pair0018":{"4":{"<":540.2183849947905,"^":543.829245460876,">":529.0313469247325},"2":{"<":544.9101801642917,"^":648.6782956532703,">":588.0467677925246},"3":{"<":540.2809589751587,"^":574.5228208419828,">":582.9395390943644},"5":{"<":0.0,"^":522.5906682691804,">":599.3163958187196},"1":{"<":717.7646586701977,"^":900.5389765835714,">":742.4386682469661}},"pair0019":{"4":{"<":342.318750443066,"^":324.70927156346426,">":334.4852297471568},"2":{"<":330.91677360166995,"^":332.78012122840045,">":324.1854696940703},"3":{"<":0.0,"^":331.5105033697374,">":347.12140146627826},"5":{"<":0.0,"^":335.93278533327435,">":349.4882397841466},"1":{"<":421.84933746826044,"^":557.830530919784,">":419.528705206497}},"pair0014":{"4":{"<":815.8508136549735,"^":827.8933455987997,">":818.9768727620283},"2":{"<":803.7303455591177,"^":902.3062601513786,">":810.5191999606924},"3":{"<":810.1761343789268,"^":830.8399877365923,">":797.6800710969634},"5":{"<":822.7034796020521,"^":819.5514887697697,">":815.3702958162223},"1":{"<":906.9394410573051,"^":0.0,">":0.0}}}}