{"likelihoods":{"pair0087":{"<":-493.2305021020192,"^":-705.7034239558136,">":-773.7576877002383},"pair0090":{"<":356.0921149615179,"^":358.9746083049783,">":354.83357143036056},"pair0088":{"<":663.0087420589334,"^":660.4482259656751,">":670.7328557164046},"pair0089":{"<":346.8560773989219,"^":354.10573556745635,">":346.93526390135696},"pair0086":{"<":1540.7955253319117,"^":1615.7916804808517,">":1603.245525752833}}}