{"parameters":{"pair0087":{"<":{"γ":9.210340371976185,"b₂":-9.210340371976182,"λ₁":9.210340371976185,"λ₂":-9.210340371976182,"a₁":-9.210340371976182,"a₂":-9.210340371976182,"b₁":-9.210340371976182},"^":{"γ":-9.210340371976182,"b₂":9.210340371976185,"λ₁":9.210340371976182,"λ₂":-9.210340371976182,"a₁":-2.725141718029051,"a₂":-9.210340371976182,"b₁":-9.210340371976182},">":{"γ":-0.9920719516755554,"b₂":-9.210340371976182,"λ₁":-1.837856945059146,"λ₂":-9.19896643945988,"a₁":-1.6409174563411755,"a₂":-6.115515936354633,"b₁":-3.5402656053290675}},"pair0090":{"<":{"γ":8.869640123626953,"b₂":-0.5292854427685789,"λ₁":0.2791316523839811,"λ₂":1.0678448233025115,"a₁":-0.27690533074729373,"a₂":-0.3258958535928418,"b₁":-0.42424994809032945},"^":{"γ":9.194435992715865,"b₂":-9.206906539603754,"λ₁":0.35612176808624163,"λ₂":0.9206592140146004,"a₁":0.11144535987517656,"a₂":-9.202909874008952,"b₁":-0.3975058837713785},">":{"γ":2.9359764486120703,"b₂":-0.49617980606793033,"λ₁":2.029502638344484,"λ₂":1.3080924769515114,"a₁":0.5177898383568333,"a₂":-0.48409977801685145,"b₁":-0.013962498489199504}},"pair0088":{"<":{"γ":0.8518437054940478,"b₂":0.2501389245200194,"λ₁":-0.6074519542347865,"λ₂":0.07026825754008215,"a₁":0.7723916312610157,"a₂":-0.10120346406172054,"b₁":0.05781738728803809},"^":{"γ":8.045306203977647,"b₂":-6.363853184021396,"λ₁":-1.0465378273395185,"λ₂":-1.3816963722333,"a₁":0.1760014098731979,"a₂":9.210340371976182,"b₁":-0.9972811471264471},">":{"γ":9.156710583991563,"b₂":-7.936786058429803,"λ₁":-1.8136954069060556,"λ₂":0.05326147686474236,"a₁":-1.571784095691119,"a₂":-5.685296597015518,"b₁":-8.804950544420509}},"pair0089":{"<":{"γ":-0.735768217632458,"b₂":3.4764288047432874,"λ₁":-0.17167926739964834,"λ₂":0.42935289773037155,"a₁":0.42406183959686317,"a₂":4.140410797652251,"b₁":-0.14086862725496374},"^":{"γ":9.209532993258692,"b₂":9.210118271614773,"λ₁":-0.5328232988803947,"λ₂":-0.2968100107030871,"a₁":1.096217669481737,"a₂":-4.769027737221387,"b₁":-0.1138719352692199},">":{"γ":0.02664629471315294,"b₂":-0.1436676103441581,"λ₁":0.013636367956436857,"λ₂":0.8598094643533472,"a₁":-0.00031022746095388243,"a₂":0.056570686843139484,"b₁":0.06327449571316812}},"pair0086":{"<":{"γ":-9.209014425446748,"b₂":9.20968712109521,"λ₁":-9.20886805655324,"λ₂":9.210111086994905,"a₁":-0.2675312819506548,"a₂":9.209940802247067,"b₁":-9.208517145560311},"^":{"γ":0.21953877074889228,"b₂":-1.3990512763569773,"λ₁":-1.3815319820337155,"λ₂":0.0638553113698066,"a₁":0.09520260115907497,"a₂":0.08562634065760655,"b₁":-1.5565049711123988},">":{"γ":-0.059317411335682024,"b₂":-3.7485008086762264,"λ₁":0.05461941089208544,"λ₂":0.3930861704080719,"a₁":0.10625320306958663,"a₂":-1.0486484267264515,"b₁":-0.5363267514294616}}}}