{"likelihoods":{"pair0043":{"4":{"<":12.63122014410137,"^":1058.2885172966098,">":43.7443586163868},"2":{"<":76.22606483296528,"^":0.0,">":87.87815748912801},"3":{"<":7.906896182697951,"^":1358.3751596670388,">":0.0},"5":{"<":-2.8392471763816927,"^":982.2443421443444,">":15.257708288393395},"1":{"<":525.3463553630105,"^":2843.4097369426995,">":528.8271017062586}}}}