{"parameters":{"pair0043":{"4":{"<":{"γ":4.134023877165006,"b₂":-5.029977659889786,"λ₁":-5.083239685982591,"λ₂":-7.632945029614638,"a₁":1.9683141565203783,"a₂":-0.5120449057832488,"b₁":-1.3983540711872031},"^":{"γ":-0.6900603174075624,"b₂":1.9728965020652467,"λ₁":-6.629439368778085,"λ₂":-2.148245632794886,"a₁":-0.6222628622343933,"a₂":-8.732322062555486,"b₁":-3.1118209883403747},">":{"γ":0.5515582683981428,"b₂":-12.200200686769154,"λ₁":-3.6459736757443615,"λ₂":-7.232579504879187,"a₁":-10.11651743248013,"a₂":-9.286577734242574,"b₁":-13.786364439994225}},"2":{"<":{"γ":-0.3085075507859827,"b₂":-9.238304089712283,"λ₁":-2.1566531220819822,"λ₂":-3.9438277786284957,"a₁":-0.5936987768051782,"a₂":-2.859034500608127,"b₁":-2.271412829940017},"^":{"γ":0.0,"b₂":0.0,"λ₁":0.0,"λ₂":0.0,"a₁":0.0,"a₂":0.0,"b₁":0.0},">":{"γ":-7.562971915253668,"b₂":-6.7881778139814495,"λ₁":-5.878775350805711,"λ₂":-6.695216123867558,"a₁":-4.693012787790179,"a₂":-0.46631108168763014,"b₁":-6.820307670696557}},"3":{"<":{"γ":5.095295584120983,"b₂":-13.770002693540048,"λ₁":-7.3943795223315,"λ₂":-5.312906958865394,"a₁":-6.801343342999717,"a₂":-9.7178620075449,"b₁":-13.813065345593936},"^":{"γ":3.3034249357461647,"b₂":-13.693169616430962,"λ₁":-3.279285444206856,"λ₂":-3.521535244315144,"a₁":-5.801751427527487,"a₂":4.958656474251335,"b₁":-11.210818390848342},">":{"γ":0.0,"b₂":0.0,"λ₁":0.0,"λ₂":0.0,"a₁":0.0,"a₂":0.0,"b₁":0.0}},"5":{"<":{"γ":3.5616815408576805,"b₂":-13.815510557964274,"λ₁":-2.701575512572365,"λ₂":-3.0223480317687166,"a₁":-1.5489903692855744,"a₂":-4.634516109795834,"b₁":-13.815510557964274},"^":{"γ":2.122482588567282,"b₂":13.646486130726046,"λ₁":-7.718824761638153,"λ₂":-6.742849503986051,"a₁":-6.0766627410365155,"a₂":-13.815510557964274,"b₁":-12.559814378821518},">":{"γ":3.158511008826487,"b₂":-10.579663400235574,"λ₁":-1.7510851647461187,"λ₂":-6.194514128291493,"a₁":-9.965811457219322,"a₂":-3.4063345704427626,"b₁":-13.78803954694636}},"1":{"<":{"γ":0.362157091549836,"b₂":-6.598765138432939,"λ₁":4.814953543966439,"λ₂":-3.0595760722300085,"a₁":-0.10541236499758888,"a₂":-0.1866255135488526,"b₁":0.23981543103643688},"^":{"γ":11.429505827720487,"b₂":4.000560624399956,"λ₁":13.815325651685306,"λ₂":13.814750954091235,"a₁":-0.014938989061173302,"a₂":2.474690449351023,"b₁":0.335025816728054},">":{"γ":-13.815510557964274,"b₂":-13.253948812151647,"λ₁":9.88017757427788,"λ₂":-4.160501331691197,"a₁":-3.82163215929495,"a₂":-2.347741761345766,"b₁":-1.8700179742777046}}}}}