{"parameters":{"pair0061":{"<":{"γ":7.605382580472513,"b₂":0.058456332117712506,"λ₁":1.1080839998870822,"λ₂":0.456289797448008,"a₁":0.952508893004314,"a₂":1.2645418904159893,"b₁":-0.5299215556210513},"^":{"γ":7.407276963683161,"b₂":-2.9958439049560113,"λ₁":-0.049663583037638404,"λ₂":-0.04781623174291916,"a₁":-0.007059242180641689,"a₂":-9.210340371976182,"b₁":-0.9129816864371172},">":{"γ":0.012708804698398524,"b₂":0.045322356902742555,"λ₁":-0.018132747818336625,"λ₂":0.5595711456397297,"a₁":-0.17049432841169576,"a₂":-0.024508348411142578,"b₁":-0.6537638934304404}},"pair0060":{"<":{"γ":-0.04929262712382432,"b₂":0.02769070191643408,"λ₁":4.018305097606763,"λ₂":1.1420285078720216,"a₁":-0.7190277307301098,"a₂":0.4471893916464147,"b₁":0.11582149586831392},"^":{"γ":9.210340371976185,"b₂":9.210340371976185,"λ₁":-0.8113317616391509,"λ₂":-0.12085964754263401,"a₁":0.7304468442694585,"a₂":-9.210340371976182,"b₁":-0.42338432797924774},">":{"γ":1.252250918183858,"b₂":-0.22388738564098887,"λ₁":-0.365198456199062,"λ₂":0.7227629193811751,"a₁":-0.07691552978549154,"a₂":-0.01688062485267494,"b₁":-0.1927648546932783}},"pair0062":{"<":{"γ":-0.011954173296407689,"b₂":0.13511320630118284,"λ₁":-0.8246175458903142,"λ₂":1.2332983621977522,"a₁":0.13778997912046442,"a₂":0.04915218980620928,"b₁":-0.38936623766664447},"^":{"γ":9.204747057172598,"b₂":-9.19494581129041,"λ₁":0.12001653581364202,"λ₂":0.2008947544190356,"a₁":0.3745978771427829,"a₂":9.210340371976185,"b₁":-0.5202386758435935},">":{"γ":1.4448799223606628,"b₂":0.2303828638208021,"λ₁":-0.8347745369092259,"λ₂":0.014867468449860866,"a₁":0.11322226269048663,"a₂":1.3804469761739995,"b₁":-1.38337050654716}},"pair0063":{"<":{"γ":0.933121765233766,"b₂":-0.02531667962333728,"λ₁":1.00166726004311,"λ₂":1.272335733987596,"a₁":0.11736821841982525,"a₂":1.6739478588476153,"b₁":-0.6490911893256559},"^":{"γ":3.9993826649004163,"b₂":-0.14846059918387233,"λ₁":0.007809092913795723,"λ₂":-0.006844632915608884,"a₁":1.112342550502655,"a₂":-3.5740332732665907,"b₁":0.4210880846911298},">":{"γ":8.268699013685557,"b₂":-1.0503312949191166,"λ₁":0.11700147154586205,"λ₂":0.47155220836083167,"a₁":-0.10643339304315802,"a₂":-0.8417623833670653,"b₁":-1.0375787775311736}},"pair0064":{"<":{"γ":2.3577074684108545,"b₂":-6.840764834329125,"λ₁":-3.212216299722707,"λ₂":-3.222809093900393,"a₁":-1.431594887724403,"a₂":-1.5429252244519747,"b₁":-2.4530845253951803},"^":{"γ":9.210340371976185,"b₂":-9.16850606999867,"λ₁":-9.210340371976182,"λ₂":-9.210340371976182,"a₁":-2.2087856053688917,"a₂":9.210340371976182,"b₁":-9.210340371976182},">":{"γ":0.7552467036462307,"b₂":-9.193194967858018,"λ₁":-9.200157899671373,"λ₂":-4.714815435060158,"a₁":-2.2650043116047076,"a₂":-3.3408864836063596,"b₁":-9.210340371976182}}}}