{"likelihoods":{"pair0007":{"<":1520.2337936775305,"^":2433.811513139091,">":2019.5316385029805},"pair0005":{"<":2327.6173091441174,"^":2248.2294789541675,">":2385.632658666123},"pair0009":{"<":2428.868243011483,"^":2454.909836548756,">":2411.674765122418},"pair0001":{"<":620.6436094108975,"^":638.9938576954266,">":620.597947490528},"pair0010":{"<":2454.745868485993,"^":2471.5758106422345,">":2455.2993992477764},"pair0004":{"<":914.7441935530622,"^":892.8116969021631,">":885.628078850131},"pair0006":{"<":2029.5110881015173,"^":2356.104372031191,">":1759.5794074877774},"pair0002":{"<":703.4438228436918,"^":681.3769609841481,">":696.6225198978531},"pair0003":{"<":923.926317343165,"^":906.205127231572,">":923.9263167350284},"pair0008":{"<":2423.333923801901,"^":1710.4240838885264,">":1885.8727140623394}}}