{"parameters":{"pair0007":{"<":{"γ":-2.6797186193637836,"b₂":-9.207063746676923,"λ₁":4.02521059189268,"λ₂":-3.627227514474063,"a₁":-1.489281880987381,"a₂":-9.210340371976182,"b₁":-8.822780650811684},"^":{"γ":0.8413155012746927,"b₂":9.210340371976185,"λ₁":-3.3689132029418296,"λ₂":-2.840698135939201,"a₁":-0.2390916313225997,"a₂":-9.210340371976182,"b₁":-4.290622879498712},">":{"γ":-8.457364846968103,"b₂":-9.206039723716305,"λ₁":8.973240915856161,"λ₂":-2.619591760499837,"a₁":-1.0726237657433302,"a₂":0.8472911328475838,"b₁":-9.197510661297732}},"pair0005":{"<":{"γ":1.271343227891096,"b₂":-5.257235091653509,"λ₁":-0.4167681808599948,"λ₂":0.07532764120384172,"a₁":0.5196570695408784,"a₂":2.1016082022851297,"b₁":0.06074072317999324},"^":{"γ":-9.209024171167822,"b₂":-9.208506964710866,"λ₁":-9.208756052259607,"λ₂":9.210100944667753,"a₁":2.184338334194747,"a₂":-9.208586027688627,"b₁":-9.208919309414364},">":{"γ":4.1279037226504744,"b₂":0.41124630891445335,"λ₁":-0.11150511331386603,"λ₂":0.5603119248764603,"a₁":0.19634860684585398,"a₂":1.4367022694090057,"b₁":0.19968963786765848}},"pair0009":{"<":{"γ":-0.7272665485358907,"b₂":-1.4229910260688525,"λ₁":2.2072220087214642,"λ₂":0.9133079014980208,"a₁":-2.2472530306705583,"a₂":0.6837586570070151,"b₁":-1.740901607839442},"^":{"γ":4.54138031489458,"b₂":-5.427371561385924,"λ₁":-0.6143631009565187,"λ₂":-1.783285150650756,"a₁":-0.09495424482752313,"a₂":4.403700631984266,"b₁":-1.1267863850289253},">":{"γ":0.25461457090887407,"b₂":0.016372013139809738,"λ₁":0.06535617306090025,"λ₂":0.102181579798863,"a₁":0.1375015284636234,"a₂":1.6455858970221033,"b₁":-0.7349017191741858}},"pair0001":{"<":{"γ":-1.7432528202581983,"b₂":-3.753512696511579,"λ₁":1.5873332832898335,"λ₂":-1.9970162223322347,"a₁":0.016411521089688463,"a₂":-0.7848774313839542,"b₁":-2.1869979124533687},"^":{"γ":0.4457884471129834,"b₂":0.09286757779240773,"λ₁":-3.516279038252045,"λ₂":0.47232735151108685,"a₁":-2.9578032355397497,"a₂":-0.4256374056028651,"b₁":-6.6714252106861665},">":{"γ":-0.21007490337237122,"b₂":-3.20338343447136,"λ₁":-1.755423370011477,"λ₂":-2.3176543189604715,"a₁":-2.561975005035813,"a₂":-0.090486109200409,"b₁":-9.210340371976182}},"pair0010":{"<":{"γ":5.21173258810237,"b₂":-0.9986517586073198,"λ₁":-1.9315682717506748,"λ₂":0.2695051039199523,"a₁":1.1210117158878887,"a₂":-0.1330209789690464,"b₁":0.2531114076468324},"^":{"γ":1.5366948614826352,"b₂":-4.564484821412009,"λ₁":-1.0382437884191411,"λ₂":-3.131416520688788,"a₁":-0.0509026519514606,"a₂":9.210340371976185,"b₁":-1.2863673552811763},">":{"γ":1.0661686386484845,"b₂":-2.724132693866572,"λ₁":-0.7104650216298154,"λ₂":1.3527574382536312,"a₁":0.07081175575621224,"a₂":-0.03966038990347798,"b₁":-1.0956073928927665}},"pair0004":{"<":{"γ":3.6685162050488707,"b₂":0.0019592027167671944,"λ₁":0.8826655317599936,"λ₂":0.6701456030318305,"a₁":0.14984974947510743,"a₂":1.5082357686745844,"b₁":1.0073220619388081},"^":{"γ":0.0308778272014667,"b₂":0.4145283796712089,"λ₁":-0.7595341198745817,"λ₂":-1.81051950863651,"a₁":-0.30914440116176856,"a₂":5.545611479146487,"b₁":-2.9046896984525077},">":{"γ":6.7796425569606455,"b₂":-4.0037368339817805,"λ₁":0.6844168196717462,"λ₂":-0.4029230399641648,"a₁":1.240253961033014,"a₂":-0.04073612614948452,"b₁":0.5624202755397238}},"pair0006":{"<":{"γ":-0.09591325853409316,"b₂":-5.586435436123145,"λ₁":1.3037244677471111,"λ₂":0.20045490702137414,"a₁":-3.2331202411529345,"a₂":2.9076372324503694,"b₁":-9.175433707353813},"^":{"γ":0.9924112090541204,"b₂":1.4351099018062534,"λ₁":-2.1047587816286706,"λ₂":-3.5547050899965704,"a₁":0.033143764026705824,"a₂":-0.4404947967294852,"b₁":-1.7507448651597652},">":{"γ":-0.9134033382951827,"b₂":-9.193804666476057,"λ₁":8.783698687863255,"λ₂":-9.210340371976182,"a₁":-3.3419727903955536,"a₂":0.025481594485942338,"b₁":-1.9576579128863516}},"pair0002":{"<":{"γ":-1.3428110740631025,"b₂":-9.210340371976182,"λ₁":-3.1006641076858923,"λ₂":-1.476116543166496,"a₁":-0.029326070607851307,"a₂":-2.5084279114496395,"b₁":-0.42109793477320956},"^":{"γ":0.2742858889277002,"b₂":-1.0911492457101346,"λ₁":-2.081319860817782,"λ₂":-1.45819253229904,"a₁":-0.08936187253674532,"a₂":9.03415056886797,"b₁":-2.557454040004557},">":{"γ":0.48254995605346984,"b₂":-1.9442265461824384,"λ₁":-1.0446385914120402,"λ₂":-0.4813903564183466,"a₁":-0.4565076498677243,"a₂":-0.05846713711055074,"b₁":-1.042217683473762}},"pair0003":{"<":{"γ":1.7763568394002505e-15,"b₂":1.7763568394002505e-15,"λ₁":1.7763568394002505e-15,"λ₂":1.7763568394002505e-15,"a₁":1.7763568394002505e-15,"a₂":1.7763568394002505e-15,"b₁":1.7763568394002505e-15},"^":{"γ":0.33252349829720984,"b₂":-0.4073186604290573,"λ₁":-0.4701620876762824,"λ₂":-0.8950327577891759,"a₁":0.1869089746510948,"a₂":-9.210340371976182,"b₁":-1.0808222007151596},">":{"γ":1.7763568394002505e-15,"b₂":1.7763568394002505e-15,"λ₁":1.7763568394002505e-15,"λ₂":1.7763568394002505e-15,"a₁":1.7763568394002505e-15,"a₂":1.7763568394002505e-15,"b₁":1.7763568394002505e-15}},"pair0008":{"<":{"γ":0.7390530261210859,"b₂":0.0023739692982136518,"λ₁":1.105305590586907,"λ₂":1.1736977792826373,"a₁":-0.38260033291154016,"a₂":-0.059266209696417604,"b₁":-0.1799503098372952},"^":{"γ":-6.702816149058361,"b₂":-1.1970049089776502,"λ₁":-5.737194933645492,"λ₂":3.426871763080044,"a₁":-1.5792498295341968,"a₂":2.759075687809034,"b₁":-7.57643798822249},">":{"γ":0.34907829814733304,"b₂":-9.201648742562769,"λ₁":-9.159955134762699,"λ₂":-9.210340371976182,"a₁":-3.563588531101635,"a₂":1.3658627392529787,"b₁":-9.196980639257545}}}}