{"likelihoods":{"pair0038":{"<":1987.0241434238978,"^":1931.5071253967128,">":1927.9989514070016}}}