{"parameters":{"pair0038":{"<":{"γ":0.5610846805942185,"b₂":0.05402962982780224,"λ₁":0.9139165115523546,"λ₂":0.28594455856814527,"a₁":1.208572431576501,"a₂":0.03380277936215137,"b₁":0.8743126407598361},"^":{"γ":0.9828057432902924,"b₂":5.120353848571586,"λ₁":-3.165170561337323,"λ₂":0.824690225567311,"a₁":-2.401852737786175,"a₂":6.163371794650615,"b₁":-4.833975721864043},">":{"γ":11.724400472845417,"b₂":-2.4768549195281295,"λ₁":-4.195382336754417,"λ₂":4.611116272026074,"a₁":-2.773481203103616,"a₂":-3.045936484560565,"b₁":-5.647704274377379}}}}