{"likelihoods":{"pair0070":{"<":-3885.9370361810556,"^":-3920.8389388156497,">":-3576.7982433889147},"pair0074":{"<":282.5718401557375,"^":252.5312114826024,">":288.34831476937654},"pair0075":{"<":232.72489686142072,"^":209.76784628609713,">":222.95741066485888},"pair0073":{"<":282.0037797993865,"^":471.2982950868267,">":383.09506664084404},"pair0072":{"<":2653.87682384212,"^":2612.581656647383,">":2622.18319942535}}}