{"likelihoods":{"pair0024":{"<":1252.738661994805,"^":1251.317885177667,">":1240.6105606631504}}}