{"parameters":{"pair0024":{"<":{"γ":-0.31157494070215286,"b₂":-0.2923602201702682,"λ₁":-3.4201782239762384,"λ₂":9.261980846560878,"a₁":-0.3767437981985715,"a₂":-0.05494182862217478,"b₁":-2.3316527932667412},"^":{"γ":-0.4960490011659058,"b₂":-2.9522080213938153,"λ₁":5.302182435650511,"λ₂":0.7943419633472626,"a₁":0.017654065476760294,"a₂":-1.4757895765216098,"b₁":-0.0423613659089046},">":{"γ":6.640277252574755,"b₂":-1.2659265628477119,"λ₁":11.717393432258362,"λ₂":3.382158764984453,"a₁":0.40822970689245963,"a₂":-0.7381221997634544,"b₁":1.130764525429866}}}}