{"likelihoods":{"pair0061":{"4":{"<":528.2573428106986,"^":525.5557572768075,">":528.0070431350032},"2":{"<":518.5135934193022,"^":518.7366346848008,">":558.7864140919824},"3":{"<":0.0,"^":521.7757429708718,">":523.3026425963039},"5":{"<":536.2215783137087,"^":0.0,">":558.8548592435441},"1":{"<":546.1270830867444,"^":552.71704288924,">":544.6646294704689}},"pair0058":{"4":{"<":522.8624193578698,"^":507.45612450763576,">":522.871672558994},"2":{"<":505.70798728627636,"^":508.0187292534772,">":507.11248883239017},"3":{"<":512.1832974055787,"^":513.2399857858206,">":515.5004686636414},"5":{"<":521.8289286988487,"^":512.745769397539,">":520.8398203638155},"1":{"<":542.6338098227224,"^":553.5547494596849,">":541.6363102649929}},"pair0060":{"4":{"<":528.4989045293445,"^":516.2248414291965,">":528.4989045293406},"2":{"<":515.0633595751684,"^":536.8952828758022,">":517.7796072855151},"3":{"<":524.2498661063777,"^":517.3212709314882,">":519.042659677833},"5":{"<":529.6704952392085,"^":525.8415212116726,">":525.3816835307275},"1":{"<":545.4467435354643,"^":0.0,">":543.3913299849015}},"pair0062":{"4":{"<":527.450949645451,"^":521.8637730878862,">":526.6755591809961},"2":{"<":516.1877505757104,"^":519.4511173163379,">":518.927965265041},"3":{"<":525.8356316265146,"^":520.882238842922,">":528.5976329318726},"5":{"<":533.7624224935649,"^":531.9130152546007,">":528.1945718710352},"1":{"<":546.6871547790471,"^":551.379789714798,">":0.0}},"pair0063":{"4":{"<":521.9574270666899,"^":0.0,">":534.4146635407259},"2":{"<":519.1199650163389,"^":516.9982535126643,">":517.9757921681274},"3":{"<":529.1474659685584,"^":0.0,">":526.2041113850763},"5":{"<":527.9029741047763,"^":524.7902275066439,">":538.8213090195317},"1":{"<":541.5825213540901,"^":0.0,">":560.7618340414697}},"pair0051":{"4":{"<":1024.2803631279214,"^":1015.2590221477797,">":1023.7226457439274},"2":{"<":1007.3231512133393,"^":1008.2809551328363,">":1011.6516422856018},"3":{"<":1010.1321589400659,"^":1015.147488284552,">":1021.803160210417},"5":{"<":1032.8673546120917,"^":1004.9683060610846,">":1063.6605232441088},"1":{"<":1024.306709341828,"^":0.0,">":1024.6671007219913}},"pair0059":{"4":{"<":523.9325979566673,"^":509.5070815307264,">":518.5512919592844},"2":{"<":508.02434410342397,"^":509.9650664207993,">":508.22562071436613},"3":{"<":519.8282526503165,"^":510.6421626262959,">":515.2669970643117},"5":{"<":530.4066510394597,"^":507.12428115265936,">":532.030915629375},"1":{"<":539.2393174285812,"^":553.1548120014168,">":541.8982476902011}},"pair0057":{"4":{"<":515.3176775879944,"^":515.5492745068053,">":0.0},"2":{"<":507.17365818983893,"^":507.8738813553801,">":0.0},"3":{"<":508.47607226782543,"^":510.1326426402366,">":513.7464590916093},"5":{"<":520.2826100297403,"^":513.8053271217786,">":509.2768082082463},"1":{"<":539.5252495312428,"^":553.4026056133678,">":542.0294385954767}},"pair0056":{"4":{"<":501.6666186629922,"^":507.08645158656515,">":510.379703603589},"2":{"<":517.9498561882516,"^":499.0788775360581,">":497.0382903844075},"3":{"<":499.80589765729644,"^":502.8903300031181,">":500.0640383443652},"5":{"<":501.582266582181,"^":509.6988919344355,">":521.7495338780425},"1":{"<":538.7475304767627,"^":552.5847711020836,">":538.5427363704554}},"pair0064":{"4":{"<":311.8992235232704,"^":265.1889215302491,">":335.2306849222968},"2":{"<":322.85613023305825,"^":335.024322151697,">":322.60473925941983},"3":{"<":306.1069728717455,"^":295.68129917863763,">":270.6149884970937},"5":{"<":334.6381276082812,"^":240.45393326619714,">":292.39495402535044},"1":{"<":0.0,"^":468.3935833988655,">":388.077534677451}}}}