{"likelihoods":{"pair0087":{"<":-939.0278745519151,"^":-973.8066608291053,">":-906.7340416710481},"pair0090":{"<":356.0298449791371,"^":358.57055463006463,">":355.884457609624},"pair0095":{"<":2541.017918481627,"^":2536.2919850840804,">":2536.967256964785},"pair0092":{"<":260.99839484352157,"^":270.91011770969914,">":283.7378102397046},"pair0088":{"<":669.9673697054538,"^":660.5373218340293,">":666.9932111176481},"pair0093":{"<":809.3464630288615,"^":842.4847577935441,">":808.9487757237615},"pair0094":{"<":2634.761846611559,"^":2609.648192612104,">":2665.4047562147334},"pair0089":{"<":351.4371423216973,"^":354.9683279737247,">":348.44405844989166},"pair0091":{"<":313.8328720878245,"^":313.2419867143561,">":321.4637737789001},"pair0086":{"<":1607.985594157955,"^":1616.4444415026376,">":1607.166019125612}}}