{"parameters":{"pair0087":{"<":{"γ":1.232396291332547,"b₂":-4.885785820157763,"λ₁":-9.210340371976182,"λ₂":1.2744280623533886,"a₁":-2.356179098222121,"a₂":-9.125014974570032,"b₁":-9.210340371976182},"^":{"γ":-2.993390126849973,"b₂":9.19466753427364,"λ₁":-9.210340371976182,"λ₂":-9.210340371976182,"a₁":-1.796600097925027,"a₂":6.948658572663293,"b₁":-9.204108879034843},">":{"γ":-7.9895477901455765,"b₂":-9.126331456955258,"λ₁":-9.20719854973172,"λ₂":-9.138262570897963,"a₁":-4.870387651441132,"a₂":-7.979888637009279,"b₁":-9.208916204136711}},"pair0090":{"<":{"γ":-0.7847183706702001,"b₂":-0.08248030003541729,"λ₁":2.637567968559468,"λ₂":3.1121805260588555,"a₁":0.46061514394470926,"a₂":-0.012596995780448594,"b₁":0.2487589091828788},"^":{"γ":9.210340371976185,"b₂":9.210340371976185,"λ₁":0.17966823513243924,"λ₂":0.4741285919082401,"a₁":0.37445768534186996,"a₂":-9.210340371976182,"b₁":-0.2994639047707146},">":{"γ":2.0779798348802156,"b₂":0.24526642503292173,"λ₁":5.152394084157132,"λ₂":2.7659310192308446,"a₁":-0.3981629309891481,"a₂":0.006018283551870951,"b₁":-1.1179734278200275}},"pair0095":{"<":{"γ":-0.2283376090700191,"b₂":-0.6681705515878456,"λ₁":-1.611991655214232,"λ₂":-0.4464850743731823,"a₁":0.03124943060633889,"a₂":0.5710518792445107,"b₁":-0.4822466625398576},"^":{"γ":-0.2480167317501305,"b₂":5.1490729952807595,"λ₁":-2.924447423594348,"λ₂":-2.474524695003314,"a₁":-3.1631663932194583,"a₂":-0.6075905350722675,"b₁":-7.104565372314273},">":{"γ":-0.3229264733671897,"b₂":-6.13219558907956,"λ₁":0.0722220917488503,"λ₂":-0.4691741332501955,"a₁":-0.01783711264661747,"a₂":-0.9407427281932872,"b₁":-0.5207956015246573}},"pair0092":{"<":{"γ":2.115265558541635,"b₂":-2.3046391249869576,"λ₁":-3.263085884322738,"λ₂":-2.487292429310945,"a₁":-0.24873815649886666,"a₂":0.4465698277922847,"b₁":-3.5593072027608743},"^":{"γ":1.3914710087819984,"b₂":4.161662011356581,"λ₁":-2.0525672993976265,"λ₂":-3.392751642612917,"a₁":0.1350695123102632,"a₂":-8.306326476750245,"b₁":-2.8256815613443607},">":{"γ":3.656366426764796,"b₂":-2.1844323688710148,"λ₁":-4.883385659571893,"λ₂":-1.4664921223431904,"a₁":-9.210340371976182,"a₂":1.5450996382556994,"b₁":-9.192569679839346}},"pair0088":{"<":{"γ":9.210340371976185,"b₂":-0.7837834202705611,"λ₁":-0.005107842449769251,"λ₂":-0.604676282440149,"a₁":-0.7601692158396673,"a₂":0.14658314685820528,"b₁":-4.3645899132741555},"^":{"γ":6.586014103783453,"b₂":-9.210340371976182,"λ₁":-0.7462732389083069,"λ₂":0.08408900325925472,"a₁":-0.188669748564811,"a₂":1.711602640340267,"b₁":-1.1886973056168646},">":{"γ":5.5275464222446455,"b₂":-0.8906717195452565,"λ₁":0.47240406871351226,"λ₂":-0.0844759030532174,"a₁":0.056408455939191526,"a₂":0.11531966080257128,"b₁":-1.0900016858486499}},"pair0093":{"<":{"γ":0.025009046315336292,"b₂":-3.8134662137777706,"λ₁":0.022300108903372973,"λ₂":0.030405318545257742,"a₁":-0.024937603774883854,"a₂":-0.011874252230978044,"b₁":-0.009322612883117642},"^":{"γ":0.7540599383475382,"b₂":1.6152726995164457,"λ₁":-1.1814306080570276,"λ₂":-2.385088011647718,"a₁":-1.6311640246691193,"a₂":4.467338261825752,"b₁":-5.031990079477112},">":{"γ":0.7232398975623404,"b₂":0.4478232964153186,"λ₁":0.4832520195987957,"λ₂":0.43382595485346265,"a₁":0.12120505444995366,"a₂":1.9891616559514471,"b₁":-0.16077035151717922}},"pair0094":{"<":{"γ":0.011740262107871047,"b₂":0.37932551897510436,"λ₁":0.02243310538309906,"λ₂":-0.2963921213028442,"a₁":0.37202954811795763,"a₂":2.300184147516033,"b₁":0.3781889443266149},"^":{"γ":0.9011497890311126,"b₂":0.15219617886729786,"λ₁":-2.1700594337199783,"λ₂":-1.742609722119358,"a₁":-0.26153939460322206,"a₂":9.209187114599212,"b₁":-2.426693028986329},">":{"γ":-1.5762805262787722,"b₂":-1.7650299687475215,"λ₁":-2.0535669957418987,"λ₂":1.3954805571881117,"a₁":-2.4471561729266567,"a₂":-3.146011672468541,"b₁":-3.345901515413221}},"pair0089":{"<":{"γ":-2.6808749873199673,"b₂":-1.8633392149680326,"λ₁":5.099794955989349,"λ₂":1.0197288545417234,"a₁":-0.0013909484297975894,"a₂":-3.119683781397412,"b₁":0.3650847464818998},"^":{"γ":-0.3278955275886535,"b₂":4.3590451306450895,"λ₁":-0.5197035334781326,"λ₂":-0.2064308745166752,"a₁":0.09507371114158758,"a₂":0.36755182534150954,"b₁":-0.16888392547196496},">":{"γ":0.3761720411732554,"b₂":-1.4283746891384173,"λ₁":4.969019071253475,"λ₂":1.9366119436304423,"a₁":1.692191533198642,"a₂":-0.0927826973890884,"b₁":2.0163247320907463}},"pair0091":{"<":{"γ":2.2241504343805207,"b₂":-5.919706628179146,"λ₁":-1.5290900812836181,"λ₂":-3.060662515755811,"a₁":-0.08454270427063726,"a₂":-0.8999823973141545,"b₁":-3.3199934262486757},"^":{"γ":9.210340371976185,"b₂":-9.210340371976182,"λ₁":-3.7647970645537523,"λ₂":-4.372662759048849,"a₁":-2.7343153356336662,"a₂":9.210340371976185,"b₁":-9.210340371976182},">":{"γ":1.4048635553493654,"b₂":-5.992062522667512,"λ₁":0.15822712127487115,"λ₂":-2.377051596691474,"a₁":-0.6102901916421644,"a₂":-0.4587105128055864,"b₁":-7.936345837153485}},"pair0086":{"<":{"γ":0.1278745357257982,"b₂":-0.517746660888367,"λ₁":-0.19994684622881742,"λ₂":0.635915417348718,"a₁":0.020858478006179126,"a₂":-0.17222008361009067,"b₁":-0.5435282236995977},"^":{"γ":0.7192306013271317,"b₂":-3.534018448478495,"λ₁":-1.3360258357322143,"λ₂":0.3105662457317635,"a₁":-0.021216010820429787,"a₂":-3.101843125883452,"b₁":-1.8485218117601407},">":{"γ":0.28876901398982646,"b₂":-1.8787402864067353,"λ₁":-0.699770286430109,"λ₂":0.5297953270384284,"a₁":0.36768032765768055,"a₂":-0.055634788333112084,"b₁":-1.3178807401001924}}}}