{"likelihoods":{"pair0043":{"4":{"<":-746.7238744709961,"^":10368.2847422183,">":-767.773970415854},"2":{"<":625.7389663099153,"^":18794.85396325531,">":611.7424906326654},"3":{"<":-515.4894034148735,"^":13341.635666018825,">":-565.7379851953506},"5":{"<":-1162.3848871008931,"^":9130.307617416147,">":-341.7019230879429},"1":{"<":5851.659926713685,"^":29424.96278806848,">":5858.346296583726}}}}