{"parameters":{"pair0043":{"4":{"<":{"γ":-5.6418294499399035,"b₂":-4.864079583561384,"λ₁":-6.504403078519477,"λ₂":-4.566684185673926,"a₁":1.3375895927879373,"a₂":-0.41657344305228783,"b₁":-0.7532524293316492},"^":{"γ":-0.30798223633335553,"b₂":-0.6832860695739456,"λ₁":-1.8880110355511786,"λ₂":-3.5964873661351593,"a₁":0.04397128569437925,"a₂":-6.548491836757111,"b₁":-2.140821339231721},">":{"γ":4.991620350390917,"b₂":-5.943685356369043,"λ₁":-1.4718419366779028,"λ₂":-4.6464629697750315,"a₁":-1.2341540175588754,"a₂":-5.924118419130149,"b₁":-5.562679776658657}},"2":{"<":{"γ":-2.6561001735654983,"b₂":-13.815510557964274,"λ₁":-1.7448342850633036,"λ₂":-5.986875160546252,"a₁":0.8030100414902215,"a₂":-6.401901125744652,"b₁":-9.700374836815355},"^":{"γ":-13.815510557964274,"b₂":13.815510557964274,"λ₁":-13.815510557964274,"λ₂":-13.815510557964274,"a₁":-0.057110838925042984,"a₂":-13.815510557964274,"b₁":-3.6696394974499533},">":{"γ":-1.4421800788403392,"b₂":-9.39646039974485,"λ₁":-3.216375043526565,"λ₂":-6.9309491831738335,"a₁":-13.796488764211487,"a₂":-2.3147445835370437,"b₁":-13.645087062612207}},"3":{"<":{"γ":0.25977603933137594,"b₂":-7.90345341652145,"λ₁":-13.815510557964274,"λ₂":-2.8740772502863905,"a₁":-12.907739045065226,"a₂":-1.0663367001873603,"b₁":-2.1437890203523455},"^":{"γ":2.4449834410018667,"b₂":-7.6842241316513125,"λ₁":-2.951676627982808,"λ₂":-10.93669913093532,"a₁":0.0269276645895431,"a₂":13.815510557964274,"b₁":-1.318967531110811},">":{"γ":3.021020420735706,"b₂":-5.47003127558988,"λ₁":-10.563313702564978,"λ₂":-4.788659156955774,"a₁":0.17137899665477718,"a₂":-5.577021656846432,"b₁":-4.078019537044897}},"5":{"<":{"γ":1.0211979552952162,"b₂":-9.384023270882661,"λ₁":-8.88640331391678,"λ₂":-6.314516302124739,"a₁":-5.868971158238545,"a₂":-3.53824522056418,"b₁":-13.815510557964274},"^":{"γ":-0.14846846702140581,"b₂":6.860363580549205,"λ₁":0.7857160295585892,"λ₂":-2.657263226504492,"a₁":-0.33326546565202086,"a₂":9.517860788765251,"b₁":-1.933712169216296},">":{"γ":2.368630313756938,"b₂":-1.1476225412027983,"λ₁":-5.317070962222687,"λ₂":-5.249462751413722,"a₁":-11.565879926125424,"a₂":-8.944700272986932,"b₁":-3.9705917568539117}},"1":{"<":{"γ":13.780268633384946,"b₂":-7.783244954506447,"λ₁":12.238860556591916,"λ₂":-3.467280675954626,"a₁":2.587177258066305,"a₂":-4.29902340793365,"b₁":2.39386884559498},"^":{"γ":-13.815510557964274,"b₂":-13.815510557964274,"λ₁":13.815510557964274,"λ₂":13.815510557964274,"a₁":13.815510557964274,"a₂":-13.815510557964274,"b₁":13.815510557964274},">":{"γ":-11.458521198306535,"b₂":-8.020554382670507,"λ₁":0.8966933260491246,"λ₂":-2.1972508261785,"a₁":-2.09197416636359,"a₂":-2.7610610547520693,"b₁":-2.6695548000544917}}}}}