{"likelihoods":{"pair0043":{"<":-33.51552025404496,"^":887.9458168903451,">":-8.86943557790954},"pair0045":{"<":1398.949225252999,"^":1623.9916277864418,">":1373.2556318695308},"pair0042":{"<":2221.9382603031463,"^":2268.372308728475,">":2190.7698044237354},"pair0044":{"<":-1183.5671657654816,"^":-168.28117649368392,">":-1199.7703904781479},"pair0041":{"<":1954.8113805815694,"^":1933.5907174317604,">":1918.704799680769}}}