{"likelihoods":{"pair0036":{"<":503.11878891051714,"^":388.0306865146094,">":485.71376471003384},"pair0040":{"<":1899.4576520849712,"^":1834.0374190672396,">":1857.6390212885829},"pair0037":{"<":683.9707236515645,"^":414.5267814585095,">":272.6903511012425},"pair0038":{"<":1960.1988779544915,"^":1927.0736868469412,">":1910.8457124591514},"pair0039":{"<":933.3182625717114,"^":906.2521793280555,">":917.1618903027075}}}