{"likelihoods":{"pair0051":{"<":1000.3686234236739,"^":1005.7924858528655,">":1009.7262563743436}}}