{"parameters":{"pair0051":{"<":{"γ":7.481327546147547,"b₂":0.02862102761706531,"λ₁":-0.07793139927017911,"λ₂":-0.04405577990705645,"a₁":-0.004985100908474038,"a₂":0.028916502112073417,"b₁":-0.050370225885036035},"^":{"γ":8.646872019139561,"b₂":0.6695956818298665,"λ₁":1.1672388913016079,"λ₂":-0.3848541620458974,"a₁":-0.058993383501299235,"a₂":-13.515840662123063,"b₁":-0.8684451843901488},">":{"γ":7.579908509736985,"b₂":-4.466820692797157,"λ₁":13.709082085181393,"λ₂":0.49694567659135913,"a₁":-1.8058449432247148,"a₂":-2.8892284785579143,"b₁":-7.422555179533871}}}}