{"likelihoods":{"pair0045":{"4":{"<":14527.207639515611,"^":18239.429613471988,">":0.0},"2":{"<":16230.999416859177,"^":22328.13090842969,">":16145.517822600199},"3":{"<":14901.945063520567,"^":19173.47163368564,">":14906.661143820385},"5":{"<":0.0,"^":17357.635717451605,">":14494.906146332174},"1":{"<":18839.135689661918,"^":29437.634524833673,">":18831.56268647496}},"pair0044":{"4":{"<":-13876.58066462527,"^":-504.5851995417951,">":-13971.597539153037},"2":{"<":-11067.99927276885,"^":7434.097249956784,">":-11128.152647550743},"3":{"<":-13392.894367527244,"^":1761.2029433121108,">":-13431.079783932208},"5":{"<":-14235.71416633005,"^":-1692.125738218085,">":-14258.935178312066},"1":{"<":-2155.969634371786,"^":29434.364427018172,">":-2063.1695957105403}}}}