{"parameters":{"pair0045":{"4":{"<":{"γ":-4.479250120557542,"b₂":-9.210340371976182,"λ₁":-0.413604059606417,"λ₂":-3.35656997696352,"a₁":-1.7843306143334807,"a₂":-1.9422418906213341,"b₁":-9.183263723927068},"^":{"γ":1.0035725092645382,"b₂":0.8770579337362125,"λ₁":-2.0615596472759137,"λ₂":-1.6361410121741775,"a₁":0.2048058483748907,"a₂":-0.6770559150392845,"b₁":-2.634062091983031},">":{"γ":0.0,"b₂":0.0,"λ₁":0.0,"λ₂":0.0,"a₁":0.0,"a₂":0.0,"b₁":0.0}},"2":{"<":{"γ":9.15827772117242,"b₂":-9.210340371976182,"λ₁":1.7576106208007296,"λ₂":-1.7288582397834977,"a₁":-1.5420587438450406,"a₂":-4.233963262763312,"b₁":-9.188025475243919},"^":{"γ":-0.06155116738911204,"b₂":-3.488775788317943,"λ₁":-1.494355581599148,"λ₂":-4.566247802746535,"a₁":1.0895101821501783,"a₂":-0.211567514451513,"b₁":-0.28894092461383636},">":{"γ":5.2852167561991354,"b₂":-2.404715522981605,"λ₁":4.779199099125291,"λ₂":-1.829534826245819,"a₁":-1.3796889761373201,"a₂":0.8268495699972771,"b₁":-2.3419349614323597}},"3":{"<":{"γ":2.1830778846264387,"b₂":-9.210340371976182,"λ₁":-1.564716258585067,"λ₂":-4.665091376084276,"a₁":-2.310786422900307,"a₂":-1.6330720167332027,"b₁":-3.912837993693344},"^":{"γ":0.7008039095984682,"b₂":-2.463175996239092,"λ₁":-1.528575758336471,"λ₂":-2.2390111786495046,"a₁":-0.09050799812537313,"a₂":-0.1291869337919458,"b₁":-1.7020959637651671},">":{"γ":2.2941211709210574,"b₂":-4.174961846698772,"λ₁":-1.6644510560478167,"λ₂":-3.694414096264124,"a₁":-2.577856104426612,"a₂":-1.7637762262120908,"b₁":-4.8343959989720355}},"5":{"<":{"γ":0.0,"b₂":0.0,"λ₁":0.0,"λ₂":0.0,"a₁":0.0,"a₂":0.0,"b₁":0.0},"^":{"γ":0.17598381716739375,"b₂":-0.23645771086774836,"λ₁":-2.1831282266627587,"λ₂":-1.5715954971595663,"a₁":-0.8207514194934387,"a₂":0.06131649913465864,"b₁":-1.993274572666449},">":{"γ":1.8840095993173591,"b₂":-9.209628932970004,"λ₁":-2.0982714001098364,"λ₂":-1.987222670310934,"a₁":-0.5454233674821118,"a₂":-0.7366048957644473,"b₁":-2.512742836130613}},"1":{"<":{"γ":0.1557967836066485,"b₂":-1.5816581131168332,"λ₁":4.879730723425423,"λ₂":-0.7516600894956351,"a₁":0.08882263966138204,"a₂":0.6065981422380773,"b₁":-0.08808895745696255},"^":{"γ":9.21003429836127,"b₂":9.209889464959135,"λ₁":2.983420523503911,"λ₂":9.210134919942297,"a₁":-0.12369545706345875,"a₂":9.21018395862428,"b₁":-0.8147987935080039},">":{"γ":9.206899847568442,"b₂":1.8447666379175374,"λ₁":9.201248615767026,"λ₂":-0.7289124577066932,"a₁":9.20777253616849,"a₂":3.9540658635689727,"b₁":9.210340371976185}}},"pair0044":{"4":{"<":{"γ":0.43731210698573975,"b₂":-4.777151679160603,"λ₁":-5.932764090002017,"λ₂":-8.754540140772315,"a₁":0.10590912085570103,"a₂":-2.5253947173398483,"b₁":-3.7588770322067795},"^":{"γ":0.5277773717624434,"b₂":-4.02606624520273,"λ₁":-2.9759390437826054,"λ₂":-2.916502274877266,"a₁":-0.5018298148018303,"a₂":-8.271534171493789,"b₁":-4.444716467117153},">":{"γ":0.48381829644126917,"b₂":-8.698669673049102,"λ₁":-0.6352068177627483,"λ₂":-9.197079578765777,"a₁":-6.048857148745443,"a₂":-1.3141124638578514,"b₁":-8.379004332265541}},"2":{"<":{"γ":-4.110757063660009,"b₂":-3.7215069099754965,"λ₁":-7.4176214174594675,"λ₂":-8.043950871382018,"a₁":-2.8311044382409323,"a₂":-3.334709103781586,"b₁":-8.209536137966516},"^":{"γ":-0.3148244429367253,"b₂":-9.210340371976182,"λ₁":-4.780385646524331,"λ₂":-1.9455526686197535,"a₁":-1.2127990478821822,"a₂":-0.4145132030731489,"b₁":-4.58007429062523},">":{"γ":-0.5092988341442037,"b₂":-6.345781958415952,"λ₁":-1.5300634289422943,"λ₂":-5.274510826736803,"a₁":-2.5322344621314663,"a₂":0.5139607507196811,"b₁":-5.972261319410011}},"3":{"<":{"γ":-1.8610036913727024,"b₂":-5.022647373273951,"λ₁":-1.804139622265792,"λ₂":-7.945692785104962,"a₁":-4.151517071765145,"a₂":-2.0635950759434563,"b₁":-5.323751746827552},"^":{"γ":0.9316561953316747,"b₂":8.620242460917412,"λ₁":-3.205866754621672,"λ₂":-1.9552485656912344,"a₁":-1.3144941351913646,"a₂":8.087876090634607,"b₁":-7.436607131638535},">":{"γ":-5.510182666808545,"b₂":-7.220858976058336,"λ₁":-7.169093988583631,"λ₂":-7.266497132929986,"a₁":-4.84274989474973,"a₂":-3.5114371722604654,"b₁":-4.924903727648334}},"5":{"<":{"γ":0.9042736908167051,"b₂":-6.296460097504989,"λ₁":-3.2941822109616217,"λ₂":-5.663149376752369,"a₁":-1.053214384211639,"a₂":-0.7906883069567154,"b₁":-8.357967539389163},"^":{"γ":-0.16461430545262346,"b₂":-2.763552348425776,"λ₁":-2.763697122374804,"λ₂":-4.444705711085468,"a₁":-3.227753785837927,"a₂":-3.4588200285426405,"b₁":-9.18097273250371},">":{"γ":0.560165528931682,"b₂":-9.209691084288552,"λ₁":-2.7889566803465424,"λ₂":-6.582410371788908,"a₁":0.4864865408838135,"a₂":-5.363572708036582,"b₁":-2.8448004745257833}},"1":{"<":{"γ":-8.099911878845067,"b₂":-4.1000665334602875,"λ₁":9.210340371976185,"λ₂":-4.010581032773988,"a₁":4.737622862346102,"a₂":-3.999959306311707,"b₁":4.770799387313852},"^":{"γ":9.21021004348603,"b₂":-9.208772951169326,"λ₁":9.210155542864653,"λ₂":9.210110024956245,"a₁":0.04204519984206101,"a₂":9.209978331986681,"b₁":0.22776125286774196},">":{"γ":-9.187949254964423,"b₂":-9.210340371976182,"λ₁":9.210340371976185,"λ₂":-0.7035385763653963,"a₁":-5.127241012345923,"a₂":-2.400644740067732,"b₁":-7.657497276515805}}}}}