{"likelihoods":{"pair0012":{"<":2282.0606687242926,"^":2244.0117824188537,">":2280.4613761491223},"pair0015":{"<":802.2039685279394,"^":806.8843261008128,">":807.8148534957046},"pair0011":{"<":2417.753884382003,"^":2420.899237802329,">":1801.7607920451162},"pair0013":{"<":728.3400667232444,"^":726.0599243487408,">":729.168859417908},"pair0014":{"<":799.80800011719,"^":810.8033941412658,">":807.1966434558354}}}