{"parameters":{"pair0012":{"<":{"γ":0.19287413867601622,"b₂":-0.5831792627781329,"λ₁":-4.519372536834667,"λ₂":0.9292417168744276,"a₁":-0.5670156453741999,"a₂":0.04612414972530132,"b₁":-3.879286864824066},"^":{"γ":-0.0026011571979225323,"b₂":8.387670670678842,"λ₁":-2.323282379508738,"λ₂":-2.388456704807047,"a₁":-1.3982225043262098,"a₂":9.180058678992667,"b₁":-4.477857454982355},">":{"γ":0.13242270416590785,"b₂":-0.9724531875037936,"λ₁":-1.2369943279645472,"λ₂":1.2315276876197707,"a₁":0.05036818731377757,"a₂":-0.6374308724133204,"b₁":-0.31084359046390375}},"pair0015":{"<":{"γ":3.142966101296901,"b₂":-3.743634459887926,"λ₁":-2.605190998066319,"λ₂":-0.37100872782141714,"a₁":1.3845021857461646,"a₂":-0.4221018284040561,"b₁":-0.830264211382346},"^":{"γ":6.885696770061793,"b₂":-9.171175131105958,"λ₁":-2.1540234680922827,"λ₂":-2.808443774945567,"a₁":0.0035487978579595847,"a₂":2.9595206117913264,"b₁":-2.4608077295723367},">":{"γ":0.19925746538273614,"b₂":-1.4199524308921,"λ₁":0.23072214033795468,"λ₂":-0.08972714168961637,"a₁":-0.48361340290740706,"a₂":-0.2064975149494721,"b₁":-0.42659748176664536}},"pair0011":{"<":{"γ":-0.28855571804743185,"b₂":-0.07950732569960373,"λ₁":-0.4804550746819114,"λ₂":-0.6483795164585597,"a₁":0.12466946088449937,"a₂":0.02762670427838998,"b₁":-0.21988893268009058},"^":{"γ":0.8392119077038327,"b₂":8.35302140065709,"λ₁":-2.358931416287116,"λ₂":-5.355945607293437,"a₁":-3.436084366328007,"a₂":1.5445158112202364,"b₁":-6.865412447837935},">":{"γ":-9.210340371976182,"b₂":9.203124831596826,"λ₁":-9.198081528022117,"λ₂":1.3773873763441689,"a₁":3.575601710097251,"a₂":9.17338879779786,"b₁":-9.18631932471186}},"pair0013":{"<":{"γ":-0.25952857513434857,"b₂":-2.299143366259372,"λ₁":-2.4954166310581023,"λ₂":0.05353408570945106,"a₁":-1.0160333848430323,"a₂":-0.06037006107927567,"b₁":-3.161534580841993},"^":{"γ":0.15601168496613305,"b₂":-0.7613923774619309,"λ₁":-3.1171046053224973,"λ₂":-2.1566261188345903,"a₁":-0.48120722057278975,"a₂":0.26740724394544024,"b₁":-2.490963127337583},">":{"γ":2.604024299483239,"b₂":0.018965335308456233,"λ₁":-6.633785265713336,"λ₂":-1.0566309356525636,"a₁":-0.5088581605432942,"a₂":1.6008282983994349,"b₁":-4.581427551961982}},"pair0014":{"<":{"γ":0.25201158893022324,"b₂":-0.5348717489533836,"λ₁":-0.6004758768669838,"λ₂":-1.4717228111881484,"a₁":-0.004796610983024863,"a₂":0.31030555054539377,"b₁":-0.4830574486547299},"^":{"γ":2.868396360331749,"b₂":8.806230709333056,"λ₁":-1.6221840426997698,"λ₂":-2.278322986286547,"a₁":0.2955689899826712,"a₂":-9.210340371976182,"b₁":-1.9882283444333213},">":{"γ":0.8250629505378555,"b₂":-2.6204912472214934,"λ₁":0.00028958081886365505,"λ₂":-2.966682659788498,"a₁":-5.386599703454609,"a₂":-0.8983343725327018,"b₁":-9.207919631159854}}}}