{"params":{"P":100,"m₂":0.0,"b₁":9957.859404238456,"name":"m_1_k_2","seed_no":111,"M":4,"λ₁":0.07714982057745123,"a₂":0.00010000000000000009,"b₂":0.0001029213059340924,"Rs":[1,2,3,4,5],"T_max":1000,"m₁":0.0,"γ":0.00010288658430316795,"a₁":20.926271731688537,"λ₂":213.7224495236017,"EPOCHS":200,"tr_acc":-0.7370312663918344}}