{"params":{"P":100,"m₂":0.0,"b₁":8941.384459422849,"name":"m_1_k_1","seed_no":111,"M":4,"λ₁":120.10044814532229,"a₂":0.009826710517841071,"b₂":70.59864814745335,"Rs":[1,2,3,4,5],"T_max":1000,"m₁":0.0,"γ":0.011377325310343175,"a₁":2.9202185016972484,"λ₂":1.600348637700809,"EPOCHS":200,"tr_acc":-0.8308757051931145}}