{"params":{"P":100,"m₂":0.0,"b₁":0.00010018009751985847,"name":"m_1_k_3","seed_no":111,"M":4,"λ₁":9997.687286335742,"a₂":7.796224058403217,"b₂":0.00010018557391493175,"Rs":[1,2,3,4,5],"T_max":1000,"m₁":0.0,"γ":2.1895903975979447,"a₁":9.363775919021336,"λ₂":89.5271615756807,"EPOCHS":200,"tr_acc":-0.7722712345227287}}