{"likelihoods":{"pair0029":{"<":694.1890487354586,"^":673.319164735345,">":689.4278558293942},"pair0027":{"<":-670.3929409109362,"^":-749.244574882248,">":-780.3011487001044},"pair0028":{"<":2628.4940949113993,"^":2356.7833465129115,">":2374.7667148853684},"pair0030":{"<":2784.9506088826047,"^":2743.499637768371,">":2737.242675553413},"pair0026":{"<":239.44449068093022,"^":236.84920019003496,">":217.57384675369073}}}