{"parameters":{"pair0012":{"<":{"γ":-1.1582974928251382,"b₂":-3.0385503056000456,"λ₁":-1.5836103658368499,"λ₂":-1.273212400747795,"a₁":-3.5577515675006177,"a₂":-3.8669745799841317,"b₁":-8.369652505505005},"^":{"γ":-0.47959150608341794,"b₂":3.099821079681945,"λ₁":-2.745265176646594,"λ₂":-1.813207790565154,"a₁":-0.07238588363610177,"a₂":0.31869140314928757,"b₁":-2.024816934357551},">":{"γ":-0.6714290365652467,"b₂":-0.6719188552482667,"λ₁":-2.339072642561576,"λ₂":0.20674785597478973,"a₁":0.00043132168429949047,"a₂":0.14314917671502947,"b₁":-0.5949526210709433}},"pair0015":{"<":{"γ":-1.027747219484974,"b₂":-1.2685995101338552,"λ₁":-2.8912166672675577,"λ₂":0.25827883054294,"a₁":-0.8445743866181061,"a₂":-0.3023976006132809,"b₁":-0.055680677151572766},"^":{"γ":5.896842471145513,"b₂":9.208135773043148,"λ₁":-2.1784758344174593,"λ₂":-1.740727837930411,"a₁":-0.24019974177660153,"a₂":-9.210340371976182,"b₁":-2.957966044286233},">":{"γ":-0.053966295592774216,"b₂":-0.1661610063117145,"λ₁":0.2588539408350794,"λ₂":-0.011603161174258858,"a₁":1.089829042004908,"a₂":1.0437435507027129,"b₁":-0.031631229922565396}},"pair0011":{"<":{"γ":-2.546925694120949,"b₂":-9.209733695429058,"λ₁":2.387135873219373,"λ₂":1.354533688805132,"a₁":-7.538712103933998,"a₂":0.3994886056698981,"b₁":-9.209351461300374},"^":{"γ":2.057482114856633,"b₂":9.210340371976185,"λ₁":-1.6116218137971083,"λ₂":-2.855818988478629,"a₁":-0.18035275132289463,"a₂":9.192630554687279,"b₁":-2.549928786020188},">":{"γ":-9.210340371976182,"b₂":9.210340371976185,"λ₁":-9.210340371976182,"λ₂":9.210340371976185,"a₁":-9.210340371976182,"a₂":9.210340371976185,"b₁":-9.210340371976182}},"pair0013":{"<":{"γ":0.07301687203592166,"b₂":-3.0640474786120624,"λ₁":-0.849873517548394,"λ₂":-2.3941800670738402,"a₁":-1.7277627385747278,"a₂":-0.22709544134302284,"b₁":-3.6668858170232586},"^":{"γ":0.6103458540710012,"b₂":-5.279891561742403,"λ₁":-2.6613485344506627,"λ₂":-0.509726731432119,"a₁":-0.7952553620870795,"a₂":9.200541172098477,"b₁":-4.088763423129457},">":{"γ":-0.4994717456609301,"b₂":-0.9382536210409853,"λ₁":-3.290000715555939,"λ₂":-0.6771461777792016,"a₁":-0.37756753508376484,"a₂":-0.1384815067487164,"b₁":-3.8512710054207107}},"pair0014":{"<":{"γ":1.7763568394002505e-15,"b₂":1.7763568394002505e-15,"λ₁":1.7763568394002505e-15,"λ₂":1.7763568394002505e-15,"a₁":1.7763568394002505e-15,"a₂":1.7763568394002505e-15,"b₁":1.7763568394002505e-15},"^":{"γ":-0.08709197619116438,"b₂":-8.80743236272946,"λ₁":-1.8163757446326532,"λ₂":-3.209391572947947,"a₁":-2.12894817316839,"a₂":9.210340371976185,"b₁":-1.8338472899373697},">":{"γ":9.210340371976185,"b₂":-1.739117841709386,"λ₁":0.19805772382456333,"λ₂":-1.391516183985793,"a₁":-1.0300547416996384,"a₂":0.036095240262135064,"b₁":-3.421415631516857}}}}