{"params":{"P":100,"m₂":0.0,"b₁":10000.000000000025,"name":"m_1_k_1","seed_no":106,"M":4,"λ₁":0.00010013868645239019,"a₂":0.00010006774515045026,"b₂":10000.000000000025,"Rs":[1,2,3,4,5],"T_max":1000,"m₁":0.0,"γ":0.00010008495568957596,"a₁":0.00010015045164700375,"λ₂":20.287352410211508,"EPOCHS":200,"tr_acc":-0.7500936236558319}}