{"params":{"P":100,"m₂":0.0,"b₁":9984.583664736701,"name":"m_1_k_3","seed_no":106,"M":4,"λ₁":159.63998242569582,"a₂":0.0013922960776877212,"b₂":0.00010022552821395662,"Rs":[1,2,3,4,5],"T_max":1000,"m₁":0.0,"γ":9997.280405648193,"a₁":0.021432821111336472,"λ₂":58.744767748520616,"EPOCHS":200,"tr_acc":-0.8067649396442325}}