{"params":{"P":100,"m₂":0.0,"b₁":0.0003092350728643281,"name":"m_1_k_2","seed_no":106,"M":4,"λ₁":0.0020506814606657663,"a₂":0.00010015115968905054,"b₂":0.004001881460163915,"Rs":[1,2,3,4,5],"T_max":1000,"m₁":0.0,"γ":8029.838091425041,"a₁":0.008476165006792016,"λ₂":21.11823099434458,"EPOCHS":200,"tr_acc":-0.771856995616014}}