{"likelihoods":{"pair0046":{"4":{"<":13390.897931932588,"^":15021.192319950262,">":14043.903307240796},"2":{"<":15229.79541841956,"^":18108.9579089653,">":15232.07604902669},"3":{"<":14070.0200175364,"^":15769.55413293463,">":13971.712693774667},"5":{"<":11837.943481248669,"^":13595.613333604724,">":11772.252613206621},"1":{"<":23173.693055729334,"^":29426.081025720534,">":23171.845132747763}},"pair0049":{"4":{"<":921.044342779388,"^":0.0,">":919.8168128824726},"2":{"<":903.4412728592672,"^":0.0,">":904.046017485766},"3":{"<":922.0348813689058,"^":912.8522347534639,">":910.3563349144805},"5":{"<":920.7904655809217,"^":0.0,">":914.3170211311968},"1":{"<":919.9458286236102,"^":1034.8801185345444,">":920.7736867910974}},"pair0050":{"4":{"<":921.637539363458,"^":0.0,">":924.8867875517702},"2":{"<":908.9470995832091,"^":942.6147092133231,">":920.8639897702355},"3":{"<":918.4537421922546,"^":927.4540013604704,">":923.232619283558},"5":{"<":926.3612142527561,"^":0.0,">":927.9889250530267},"1":{"<":931.4863198323471,"^":1039.5283969430518,">":932.1839429591128}},"pair0047":{"4":{"<":-821.8344345283131,"^":-693.5474300653191,">":-669.2687798562418},"2":{"<":-666.8232940680602,"^":-736.5636945114389,">":-806.578005739622},"3":{"<":-826.3194138081691,"^":-790.3300820120326,">":-759.4256110388283},"5":{"<":-518.8464582443329,"^":-542.8276247992014,">":-740.321944488361},"1":{"<":725.6479735175852,"^":0.0,">":723.3905538631401}},"pair0048":{"4":{"<":457.63072761759435,"^":0.0,">":458.17510456231014},"2":{"<":446.849877527067,"^":464.0885960518584,">":0.0},"3":{"<":459.4930485976528,"^":0.0,">":0.0},"5":{"<":467.3770704409908,"^":453.03030991417387,">":472.07286656893706},"1":{"<":472.74292276781154,"^":0.0,">":469.2256607509631}}}}