{"parameters":{"pair0046":{"4":{"<":{"γ":-9.20936150155459,"b₂":-9.195373234442709,"λ₁":-9.201436562733887,"λ₂":-9.204089570849035,"a₁":-9.210340371976182,"a₂":-9.210164941610515,"b₁":-9.181345816076211},"^":{"γ":-0.2538684400165394,"b₂":-2.3884126047607603,"λ₁":-2.8509931675661573,"λ₂":-4.031977216140706,"a₁":-3.317562620387257,"a₂":8.794058119794007,"b₁":-7.6545190961024705},">":{"γ":0.7030208229265575,"b₂":-2.4140613212400037,"λ₁":-2.516779454723107,"λ₂":-1.0861727750565588,"a₁":0.3060158087729832,"a₂":-3.8867691220406106,"b₁":-2.816374380287555}},"2":{"<":{"γ":-0.4928053207764922,"b₂":-1.5226632205553061,"λ₁":0.5805621532515239,"λ₂":0.239553686446083,"a₁":0.36052800606566215,"a₂":-0.5005615255931577,"b₁":-0.7317580255100502},"^":{"γ":-0.7826354405580727,"b₂":0.36642557692597677,"λ₁":0.36407536309228483,"λ₂":-0.39344370951853946,"a₁":0.006698891304562693,"a₂":-0.41872954211245705,"b₁":-0.174356196133175},">":{"γ":0.04187820157928712,"b₂":-3.4584059056858143,"λ₁":-2.1190135876005955,"λ₂":0.7794500437513054,"a₁":0.0408078774217131,"a₂":0.0025388920433826456,"b₁":-0.6669157932131373}},"3":{"<":{"γ":-2.0676897574397435,"b₂":-9.13507003073655,"λ₁":-9.182178817888483,"λ₂":-4.875255980202156,"a₁":-6.725472900159191,"a₂":-5.273148201792581,"b₁":-6.088575686756089},"^":{"γ":-9.210340371976182,"b₂":5.616630121244576,"λ₁":-2.4312557220141775,"λ₂":-1.2092979366129644,"a₁":-8.975811976614688,"a₂":-8.451816752781982,"b₁":-5.502092956288667},">":{"γ":-1.1712307676064437,"b₂":-9.208491856421542,"λ₁":-9.20873412895708,"λ₂":-5.2214912209966915,"a₁":-3.3664049931621207,"a₂":-9.208936871353846,"b₁":-9.208328898815923}},"5":{"<":{"γ":-9.199355953056653,"b₂":-9.17636821231111,"λ₁":-9.18858390228056,"λ₂":-9.20505830567594,"a₁":-9.204821758837307,"a₂":-9.210340371976182,"b₁":-9.210244588700165},"^":{"γ":-0.0009358169555273577,"b₂":-8.708831745367112,"λ₁":-6.404760214758747,"λ₂":-9.210340371976182,"a₁":-1.5566220375340478,"a₂":9.174329723670914,"b₁":-9.210340371976182},">":{"γ":-9.210340371976182,"b₂":-9.210340371976182,"λ₁":-9.210340371976182,"λ₂":-9.210340371976182,"a₁":-0.8067561739459386,"a₂":-3.945387548697062,"b₁":-9.210340371976182}},"1":{"<":{"γ":0.3901993434553219,"b₂":-0.9326859461600332,"λ₁":-0.685095442072317,"λ₂":0.9652750613693346,"a₁":0.1283609396454164,"a₂":0.13672272291178267,"b₁":0.43027740627928424},"^":{"γ":-9.205935524254397,"b₂":-9.206927186133155,"λ₁":9.210096608572973,"λ₂":9.192527456408834,"a₁":9.210340371976185,"a₂":9.209426631477656,"b₁":9.210340371976185},">":{"γ":0.4090668670214548,"b₂":-0.4212231603853418,"λ₁":4.124365939917624,"λ₂":0.0909866886603865,"a₁":0.16675237106506025,"a₂":-0.08543563456029624,"b₁":-0.13825025734739782}}},"pair0049":{"4":{"<":{"γ":-1.0743677660022204,"b₂":-0.6344787309235631,"λ₁":3.3268557442231987,"λ₂":-0.612930412928014,"a₁":0.008771427026907475,"a₂":-1.073242434704735,"b₁":-0.3765065854585785},"^":{"γ":0.0,"b₂":0.0,"λ₁":0.0,"λ₂":0.0,"a₁":0.0,"a₂":0.0,"b₁":0.0},">":{"γ":-4.53607960429092,"b₂":-0.2326853896998955,"λ₁":3.056990513653684,"λ₂":0.18235778422706872,"a₁":-2.6894714355062046,"a₂":0.7304671093605783,"b₁":-3.7577059703084377}},"2":{"<":{"γ":8.278439202662925,"b₂":-0.9189431272057629,"λ₁":0.04441929606934991,"λ₂":0.8819928322751753,"a₁":-0.018368855424927943,"a₂":0.7872098424048453,"b₁":-0.01732864688307245},"^":{"γ":0.0,"b₂":0.0,"λ₁":0.0,"λ₂":0.0,"a₁":0.0,"a₂":0.0,"b₁":0.0},">":{"γ":7.8941333679099674,"b₂":-1.0833716552174408,"λ₁":-1.0831242490297601,"λ₂":0.5510552007265535,"a₁":0.1542382670106992,"a₂":-0.04207532079107601,"b₁":-0.08779765697086361}},"3":{"<":{"γ":1.7763568394002505e-15,"b₂":1.7763568394002505e-15,"λ₁":1.7763568394002505e-15,"λ₂":1.7763568394002505e-15,"a₁":1.7763568394002505e-15,"a₂":1.7763568394002505e-15,"b₁":1.7763568394002505e-15},"^":{"γ":0.533650960527801,"b₂":-1.0139220080266576,"λ₁":-0.3762713075280537,"λ₂":-0.2588594003647451,"a₁":0.6885762725403861,"a₂":-2.177721518894728,"b₁":-0.7658919626455898},">":{"γ":0.9732987589783679,"b₂":4.178585267590416,"λ₁":-0.10744632414054323,"λ₂":0.18714778165014145,"a₁":1.5806971924739806,"a₂":5.569460803650204,"b₁":1.3853953675703004}},"5":{"<":{"γ":-2.6703111077194084,"b₂":-1.4117871009938963,"λ₁":0.10733536132752519,"λ₂":-0.28147099106452167,"a₁":2.3200934230044847,"a₂":-0.020650883300683986,"b₁":2.3556646942993016},"^":{"γ":0.0,"b₂":0.0,"λ₁":0.0,"λ₂":0.0,"a₁":0.0,"a₂":0.0,"b₁":0.0},">":{"γ":-2.873049284908709,"b₂":-7.165008003821857,"λ₁":0.9867780204643211,"λ₂":0.2766083166798161,"a₁":0.14223941335072077,"a₂":-2.420744679549638,"b₁":-0.9174778968554307}},"1":{"<":{"γ":1.1311442219864514,"b₂":-0.004328819892256419,"λ₁":6.083170847975227,"λ₂":-0.014975261419580832,"a₁":-2.0596498104443937,"a₂":0.35876543251113446,"b₁":-0.11114995749359657},"^":{"γ":-9.20429223511353,"b₂":9.181669194190325,"λ₁":9.152645347958318,"λ₂":9.210340371976185,"a₁":9.186779374030833,"a₂":9.197644993604962,"b₁":9.181728662804131},">":{"γ":0.4066265310892909,"b₂":-1.6728343985674652,"λ₁":0.13049895742344475,"λ₂":0.23634003824836647,"a₁":-0.03844498225330284,"a₂":-0.17511840041199278,"b₁":-0.12178597826491178}}},"pair0050":{"4":{"<":{"γ":6.932374479096085,"b₂":6.224895051664879,"λ₁":-0.005669211780139349,"λ₂":-0.2902310071597203,"a₁":0.02471911507967839,"a₂":8.537997846931555,"b₁":0.00982019816735935},"^":{"γ":0.0,"b₂":0.0,"λ₁":0.0,"λ₂":0.0,"a₁":0.0,"a₂":0.0,"b₁":0.0},">":{"γ":-3.410179199323304,"b₂":0.36308677129860634,"λ₁":-0.2630476368056307,"λ₂":0.3796430641409483,"a₁":-0.2774283026771691,"a₂":0.09080033439406243,"b₁":0.029777588534718902}},"2":{"<":{"γ":6.541214280537055,"b₂":-1.519676388573246,"λ₁":0.14083754010404625,"λ₂":0.03084067069012697,"a₁":-0.03488892358734397,"a₂":-0.025698326516277348,"b₁":0.14864456223727984},"^":{"γ":2.7666116895045203,"b₂":2.8404531834350895,"λ₁":-0.015038499168756658,"λ₂":-0.7564862426198964,"a₁":0.029354140967040365,"a₂":0.014995952144641223,"b₁":-0.896310635128156},">":{"γ":1.3321795941518886,"b₂":-4.762062654339077,"λ₁":9.11575931524,"λ₂":0.6019826109008832,"a₁":7.513769783461507,"a₂":-2.3981547797057585,"b₁":7.404524950514547}},"3":{"<":{"γ":2.825611278381537,"b₂":-0.7847818181110071,"λ₁":-0.9186797256606809,"λ₂":0.5297681768042324,"a₁":-0.2234523872208971,"a₂":1.432231429878719,"b₁":-0.31873292215445304},"^":{"γ":-0.055478939148155604,"b₂":0.5033257230920363,"λ₁":-2.6683428939319613,"λ₂":-1.8754448895450286,"a₁":-0.07303137655982361,"a₂":0.905950706880656,"b₁":-1.217160291289681},">":{"γ":0.6818619922271747,"b₂":0.6178669416872697,"λ₁":-1.7517538522806797,"λ₂":-0.9417194257187695,"a₁":-0.20115830705518611,"a₂":1.4534545525791085,"b₁":-0.3679240249729734}},"5":{"<":{"γ":-1.048163960478199,"b₂":-1.178247465476927,"λ₁":0.531389435374269,"λ₂":-0.5129135875781916,"a₁":0.43810626225442384,"a₂":-1.2745308597991665,"b₁":0.9737949527946945},"^":{"γ":0.0,"b₂":0.0,"λ₁":0.0,"λ₂":0.0,"a₁":0.0,"a₂":0.0,"b₁":0.0},">":{"γ":-3.887891158578526,"b₂":1.0376891351114423,"λ₁":4.14423507805625,"λ₂":0.4809959151267904,"a₁":0.019158445605240715,"a₂":1.3748193412635867,"b₁":-0.08060909443085862}},"1":{"<":{"γ":6.50822896462468,"b₂":-0.2539044918213005,"λ₁":-0.9839512463583908,"λ₂":1.3224702341864987,"a₁":0.003274710767701805,"a₂":1.2897190409969035,"b₁":0.32137952333863673},"^":{"γ":9.210340371976185,"b₂":9.210340371976182,"λ₁":8.975784598828332,"λ₂":9.210340371976185,"a₁":1.5173960973968175,"a₂":9.210340371976185,"b₁":1.0260071992685145},">":{"γ":1.7763568394002505e-15,"b₂":1.7763568394002505e-15,"λ₁":1.7763568394002505e-15,"λ₂":1.7763568394002505e-15,"a₁":1.7763568394002505e-15,"a₂":1.7763568394002505e-15,"b₁":1.7763568394002505e-15}}},"pair0047":{"4":{"<":{"γ":-7.692270504088193,"b₂":-9.1732652922751,"λ₁":9.198533444509247,"λ₂":-9.209432386144222,"a₁":9.210340371976185,"a₂":5.046963491577742,"b₁":9.205628081573723},"^":{"γ":-2.357866073601202,"b₂":9.210340371976185,"λ₁":4.479474682326119,"λ₂":-9.210340371976182,"a₁":1.2731136009945985,"a₂":7.068019583114962,"b₁":-9.210340371976182},">":{"γ":-1.0633665194439992,"b₂":-2.017898960145968,