{"likelihoods":{"pair0099":{"4":{"<":2722.9911359481534,"^":2699.067260428931,">":2601.733541006573},"2":{"<":2737.617480130284,"^":2744.6356600444988,">":2743.5147251507638},"3":{"<":2725.00807354808,"^":2729.3284044485795,">":2722.211539194344},"5":{"<":2235.0742464521636,"^":2220.3089876461754,">":2243.4074099430222},"1":{"<":2782.2751692545075,"^":2849.446818488193,">":2783.463283845674}},"pair0097":{"4":{"<":581.7140101195491,"^":580.1185276480451,">":589.2604317666077},"2":{"<":576.1651668412316,"^":583.6899705397385,">":577.6051937300994},"3":{"<":583.8459987021583,"^":0.0,">":571.778255493686},"5":{"<":581.6889464230703,"^":578.8306867917948,">":590.2492717546253},"1":{"<":572.1119961698206,"^":0.0,">":572.1119961698206}},"pair0098":{"4":{"<":172.93725138924864,"^":192.8222943824606,">":167.3882549074584},"2":{"<":166.7896576918764,"^":220.62866549945602,">":151.65533134613517},"3":{"<":166.8343846161988,"^":202.79685823781568,">":159.0725131616715},"5":{"<":160.73834843764527,"^":183.33676616738785,">":157.1486993720797},"1":{"<":0.0,"^":273.62889249284353,">":151.16352382742247}},"pair0096":{"4":{"<":2448.882495872712,"^":2476.090737347152,">":2457.27854402803},"2":{"<":2510.4725540202417,"^":2642.6875652867316,">":2511.226496893855},"3":{"<":2441.4171132241063,"^":2502.431029752048,">":2439.305683382334},"5":{"<":2460.041204673319,"^":2473.376712737868,">":2464.7996836348407},"1":{"<":2658.6462389119224,"^":2849.6060777377415,">":2658.6462389119224}},"pair0100":{"4":{"<":537.1894997200378,"^":538.8552635141018,">":521.6043085407485},"2":{"<":525.6990012983159,"^":547.3291856510075,">":0.0},"3":{"<":531.542291045237,"^":535.7746355933263,">":534.776726564574},"5":{"<":550.452872528048,"^":0.0,">":536.623023111325},"1":{"<":529.0871779560379,"^":0.0,">":528.894185166229}}}}