{"parameters":{"pair0099":{"4":{"<":{"m₁":0.031170793698482413,"γ":1.0667621866042065,"b₂":-0.3812414053261648,"λ₁":-0.6327661119759522,"λ₂":0.5067723279705838,"a₁":-0.02069771284130084,"a₂":-0.1423756697628793,"m₂":-0.05894820907944265,"b₁":-0.3112445452927517},"^":{"m₁":0.6723551839463262,"γ":1.752379365016992,"b₂":-0.36571496895557765,"λ₁":0.044441982739627406,"λ₂":-0.2879884219433606,"a₁":-0.05419739944288793,"a₂":-0.2782824677606861,"m₂":0.40101529593697016,"b₁":-0.7328177932961175},">":{"m₁":-2.2663018204366905,"γ":1.3402495406427128,"b₂":-13.813664648800383,"λ₁":-2.389686512542502,"λ₂":-13.782531296754465,"a₁":-10.098373686955888,"a₂":-5.713111586003153,"m₂":0.0835465563496598,"b₁":-1.7612596032148637}},"2":{"<":{"m₁":-0.5495992737663027,"γ":-1.2725874182711934,"b₂":0.14169647895854887,"λ₁":2.1246472730975707,"λ₂":0.08465882498080468,"a₁":-0.8117192558921591,"a₂":1.2713562785476373,"m₂":0.5444456222564487,"b₁":-0.45955283621730025},"^":{"m₁":0.13471166381805055,"γ":13.815510557964274,"b₂":-0.22726648954130546,"λ₁":0.3380190879966616,"λ₂":0.013159107904447964,"a₁":0.0424623502667103,"a₂":9.675458369837681,"m₂":-0.5671346682659468,"b₁":-0.47830453806252393},">":{"m₁":0.9929247496024391,"γ":2.042342524591998,"b₂":-0.027562848050076028,"λ₁":0.15495812168679102,"λ₂":-0.33436106541518207,"a₁":1.1440236720045505,"a₂":-0.044296091081555744,"m₂":0.6110546224739704,"b₁":2.260372581414284}},"3":{"<":{"m₁":0.28298142945194016,"γ":2.929930184635978,"b₂":-1.1355506713607362,"λ₁":-2.056246436161313,"λ₂":0.7221656942271402,"a₁":-0.7572499307661555,"a₂":0.030239738427344065,"m₂":0.029757975317281193,"b₁":0.10893758866039249},"^":{"m₁":-0.4479794561905166,"γ":1.6532658020417301,"b₂":-2.2329067499374524,"λ₁":-1.4047162059192946,"λ₂":-0.3458220105675007,"a₁":-0.02065263924724725,"a₂":0.004054253049735834,"m₂":0.01956866971069715,"b₁":-1.708343543754113},">":{"m₁":0.0,"γ":9.21034037197618,"b₂":0.0,"λ₁":0.0,"λ₂":0.0,"a₁":0.0,"a₂":0.0,"m₂":0.0,"b₁":0.0}},"5":{"<":{"m₁":0.9934400678888462,"γ":-10.831389955950657,"b₂":-11.584892028611643,"λ₁":1.2116506046918598,"λ₂":-13.815510557964274,"a₁":-6.0524950915701226,"a₂":-13.450884566019983,"m₂":9.267854589560734,"b₁":-3.9553422628122554},"^":{"m₁":10.0,"γ":13.815510557964274,"b₂":-13.815510557964274,"λ₁":-13.815510557964274,"λ₂":-13.815119358106129,"a₁":-13.815510557964274,"a₂":-13.815510557964274,"m₂":10.0,"b₁":-13.815510557964274},">":{"m₁":-0.6523898905489034,"γ":-9.806148190200453,"b₂":-13.786850590349658,"λ₁":5.48017431498204,"λ₂":-13.741144900628877,"a₁":3.0825503322462815,"a₂":-11.569920214019481,"m₂":-9.985483087189701,"b₁":0.11692856354290981}},"1":{"<":{"m₁":-0.2837551852109961,"γ":-0.4553826815254638,"b₂":-0.33719235139986026,"λ₁":0.4991732886571558,"λ₂":2.0825414606600017,"a₁":-0.05227018382024973,"a₂":-0.22597559487519625,"m₂":0.11651217844746142,"b₁":1.0406365485398599},"^":{"m₁":-0.3152264139166032,"γ":-4.708426490175006,"b₂":-0.5259377525607043,"λ₁":0.2668683340332798,"λ₂":1.4284064630613464,"a₁":-0.04921029577552183,"a₂":1.6138342689909386,"m₂":0.0016707975670335884,"b₁":-0.13885499130645584},">":{"m₁":-0.08249988827088295,"γ":0.35372262965214496,"b₂":0.126834113872885,"λ₁":5.245488504135668,"λ₂":0.594500581936364,"a₁":0.6440277961446395,"a₂":-0.959777010910539,"m₂":0.05792519500072402,"b₁":-0.46026770496920655}}},"pair0097":{"4":{"<":{"m₁":-0.005030089884595412,"γ":-0.805490237232215,"b₂":1.799723431643903,"λ₁":6.992407864668671,"λ₂":-1.419084058246625,"a₁":-0.46684203306013394,"a₂":1.214415880835947,"m₂":-0.20869423115407315,"b₁":0.6813653346285999},"^":{"m₁":0.3530285248195675,"γ":-2.894762967246736,"b₂":2.5016193286440576,"λ₁":3.3402580361043093,"λ₂":-1.644474449896057,"a₁":0.010878695267299676,"a₂":-2.1139457230702927,"m₂":0.3104373136613283,"b₁":-0.0329062719378701},">":{"m₁":3.174188770865653,"γ":-4.241698261125888,"b₂":0.9594367443145959,"λ₁":-4.53155745759987,"λ₂":-4.477526850890561,"a₁":-4.577498091389208,"a₂":0.1519389087631975,"m₂":-0.6962767959649536,"b₁":-3.1242472026633443}},"2":{"<":{"m₁":0.8586927951025896,"γ":-3.140652533762575,"b₂":1.5301584543527014,"λ₁":0.911133930637325,"λ₂":-1.4735201919361955,"a₁":0.04547416078787414,"a₂":1.842236856275699,"m₂":-0.5492755032543855,"b₁":-1.1960066491958603},"^":{"m₁":-1.9331052268207483,"γ":11.081643411976046,"b₂":11.647642819100898,"λ₁":-5.34127508880964,"λ₂":-13.634272445254165,"a₁":8.962956290548501,"a₂":-8.539023143587663,"m₂":-9.976199584358705,"b₁":8.454755569896502},">":{"m₁":-0.6689582038888062,"γ":-0.06504178968070029,"b₂":-0.15927871661165405,"λ₁":1.458574560217782,"λ₂":2.095831744761794,"a₁":0.21491144857875355,"a₂":-2.248553012036675,"m₂":0.30420027981148934,"b₁":-1.2052047431867745}},"3":{"<":{"m₁":0.4362441606588856,"γ":-1.3795970770477695,"b₂":-0.03739596593423222,"λ₁":0.4858072274219296,"λ₂":-0.5118319593987621,"a₁":-1.0009584005352767,"a₂":-1.4815316020088378,"m₂":-1.6805380006724207,"b₁":0.29212014152030363},"^":{"m₁":0.0,"γ":0.0,"b₂":0.0,"λ₁":0.0,"λ₂":0.0,"a₁":0.0,"a₂":0.0,"m₂":0.0,"b₁":0.0},">":{"m₁":-0.006011907715578246,"γ":-1.6463361976249136,"b₂":0.11315540192794948,"λ₁":3.7746346897898917,"λ₂":1.2365536303522084,"a₁":0.011977262032285552,"a₂":0.13360360079257383,"m₂":0.33753726150298924,"b₁":-0.5966402415414951}},"5":{"<":{"m₁":0.5071681103332537,"γ":-5.350197275251491,"b₂":0.21574635764070926,"λ₁":-0.456359163167102,"λ₂":-2.5849882285603556,"a₁":-1.4023846655106098,"a₂":-0.44912748033145355,"m₂":-2.157465118253622,"b₁":-2.6246062357617124},"^":{"m₁":-0.2170923506990281,"γ":-3.1251505641390356,"b₂":-0.914196872182913,"λ₁":0.13956956939652443,"λ₂":-0.5001582419089203,"a₁":-0.04142136832493648,"a₂":-6.4359501749864565,"m₂":-0.22308070016449477,"b₁":-0.013785490167361303},">":{"m₁":0.02536987886042219,"γ":-9.534089871580505,"b₂":0.27276992642451425,"λ₁":5.042571439706862,"λ₂":-4.0744636367713944,"a₁":0.012891321637539477,"a₂":-10.143405763229023,"m₂":-0.5748892721710934,"b₁":-0.15331077774052382}},"1":{"<":{"m₁":0.0,"γ":0.0,"b₂":0.0,"λ₁":0.0,"λ₂":0.0,"a₁":0.0,"a₂":0.0,"m₂":0.0,"b₁":0.0},"^":{"m₁":0.0,"γ":0.0,"b₂":0.0,"λ₁":0.0,"λ₂":0.0,"a₁":0.0,"a₂":0.0,"m₂":0.0,"b₁":0.0},">":{"m₁":0.0,"γ":0.0,"b₂":0.0,"λ₁":0.0,"λ₂":0.0,"a₁":0.0,"a₂":0.0,"m₂":0.0,"b₁":0.0}}},"pair0098":{"4":{"<":{"m₁":0.03668692317499378,"γ":-0.19640011841914884,"b₂":-0.7877222108177886,"λ₁":-0.12087562172528621,"λ₂":-3.1182412445120633,"a₁":-0.4816899502106544,"a₂":-0.14660085431078507,"m₂":1.262340862416842,"b₁":-1.3499385717596493},"^":{"m₁":-0.1276248242892244,"γ":7.04441018545457,"b₂":4.663839890251719,"λ₁":-0.40341111915270567,"λ₂":-6.017597625630644,"a₁":-0.3336991231071238,"a₂":0.008174316633299483,"m₂":0.7870871529050056,"b₁":-3.2613435033183062},">":{"m₁":0.5671287007726971,"γ":-5.2914056801326375,"b₂":-7.422040947758466,"λ₁":-1.9673773851897156,"λ₂":-1.2294572046234808,"a₁":-0.03249287385241928,"a₂":-0.7203380155761039,"m₂":0.10053500707265073,"b₁":-0.2847112545661421}},"2":{"<":{"m₁":-2.9621062253460195,"γ":13.814883499776638,"b₂":-4.6049342166217215,"λ₁":-2.127164151874819,"λ₂":-0.45466835318076626,"a₁":-0.6303441391704236,"a₂":-2.805244913943387,"m₂":0.586122570199576,"b₁":-0.366449006328871},"^":{"m₁":0.4588880737523464,"γ":0.7252561769258197,"b₂":-0.11868538473137669,"λ₁":-1.5378613788035231,"λ₂":-0.49545884051681277,"a₁":-0.08462681006381167,"a₂":-0.06798298905899536,"m₂":-0.18991535304132867,"b₁":-1.3067178709593765},">":{"m₁":-1.0101745177050034,"γ":-0.27145165328873944,"b₂":-3.623192272530101,"λ₁":0.22995032048555863,"λ₂":-1.233788825148439,"a₁":-0.11053881510133579,"a₂":0.1996451185587773,"m₂":0.004406892634104764,"b₁":-1.86403335097976}},"3":{"<":{"m₁":-4.700355738245055,"γ":3.878955268042585,"b₂":6.676122138753236,"λ₁":-5.930308964533343,"λ₂":-5.01278361288357,"a₁":-1.4647196906786366,"a₂":10.60645291246232,"m₂":-0.4349156397588434,"b₁":-6.080171125358511},"^":{"m₁":-0.5591687782968524,"γ":-0.27205356313075235,"b₂":-0.04550281002792289,"λ₁":-5.734832988013391,"λ₂":-1.6526720813873705,"a₁":0.06594792212034051,"a₂":1.8615721897000004,