{"likelihoods":{"pair0099":{"4":{"<":6111.736861256534,"^":4693.769770055348,">":5024.510944303342},"2":{"<":6206.160170527641,"^":6219.250220774146,">":6207.950962686987},"3":{"<":5081.953869384531,"^":6183.406656748767,">":5389.107331655207},"5":{"<":4307.322434142243,"^":4197.68582401933,">":4271.341779078146},"1":{"<":6353.0844429638055,"^":6497.908748083155,">":6355.332577963493}},"pair0097":{"4":{"<":576.4427002604884,"^":574.3194668722464,">":574.9341608795357},"2":{"<":574.5176570122902,"^":570.3671269704523,">":568.9679368920029},"3":{"<":570.0221807536194,"^":572.2879682793,">":580.5481016843112},"5":{"<":573.9219049794001,"^":578.9921400476168,">":576.1601347875247},"1":{"<":567.1577269104557,"^":572.2811908528747,">":567.0047357673543}},"pair0098":{"4":{"<":153.75599707871885,"^":199.39374020117918,">":0.0},"2":{"<":149.407439260915,"^":218.8811532955796,">":151.751195321846},"3":{"<":152.26422782283646,"^":0.0,">":150.57482873373127},"5":{"<":160.04580982230974,"^":179.7133836087774,">":167.04650299242937},"1":{"<":148.78478971966206,"^":267.97464201947037,">":149.42665668294882}},"pair0096":{"4":{"<":22422.380072857304,"^":23042.62255045916,">":22424.64943053513},"2":{"<":23314.203299569803,"^":24819.65169167234,">":23314.20329956979},"3":{"<":22520.234946897333,"^":23333.301397670122,">":22522.94369216654},"5":{"<":22350.92793147414,"^":22508.318497258686,">":22347.023713649807},"1":{"<":25377.371588459988,"^":26979.380459769232,">":25378.971536696663}},"pair0100":{"4":{"<":534.1619204803799,"^":534.8360141398208,">":541.4479864996887},"2":{"<":528.0790776284421,"^":547.5562944493746,">":527.7599978450437},"3":{"<":0.0,"^":537.424968267639,">":533.4531980950051},"5":{"<":532.6984954840289,"^":527.2211311298092,">":530.1052547785662},"1":{"<":528.7209083599399,"^":592.1473626770717,">":531.1550317049217}}}}