{"parameters":{"pair0099":{"4":{"<":{"γ":-6.625685049240772,"b₂":-9.210340371976182,"λ₁":-0.16608472708896294,"λ₂":0.3761289891406623,"a₁":1.16998190677754,"a₂":-3.587302275697148,"b₁":0.6539078875754694},"^":{"γ":-9.206351999878535,"b₂":-9.164500196799873,"λ₁":5.722061390140933,"λ₂":-9.159363382502184,"a₁":-3.5356621686691785,"a₂":-8.226180491255011,"b₁":-9.210340371976182},">":{"γ":-9.20865362869173,"b₂":-9.208529487131777,"λ₁":-9.208841066211768,"λ₂":-5.922117989521521,"a₁":9.209765266221497,"a₂":-9.208661155975843,"b₁":9.209891897429097}},"2":{"<":{"γ":0.23322119978209344,"b₂":0.04266517634086675,"λ₁":0.017731391304886657,"λ₂":0.7638313655246858,"a₁":0.28041897956336825,"a₂":0.5257442430508767,"b₁":-0.8824274522345821},"^":{"γ":0.3237038239105168,"b₂":6.969198838548904,"λ₁":0.15485309215162424,"λ₂":-0.3887977514630361,"a₁":0.1252729783735873,"a₂":-1.4919375391989886,"b₁":-0.409177111880874},">":{"γ":4.49063306592835,"b₂":0.13209548050585518,"λ₁":-2.5713874137239463,"λ₂":0.5831976342917731,"a₁":0.03841384387774305,"a₂":0.011862767862242052,"b₁":-0.08327052984801142}},"3":{"<":{"γ":-3.9392013004666255,"b₂":-9.207814924132489,"λ₁":1.3515064292497918,"λ₂":-9.210048589045194,"a₁":5.916667723543947,"a₂":-8.387563443542167,"b₁":7.182102312405208},"^":{"γ":6.476633995107507,"b₂":-0.6818582872147765,"λ₁":0.3349586441311061,"λ₂":-2.084164706738406,"a₁":0.1400937810668843,"a₂":9.209779768009087,"b₁":-1.1543925554443852},">":{"γ":-9.19423897503017,"b₂":-9.208984395759874,"λ₁":-9.205910970810388,"λ₂":-9.198752369751935,"a₁":9.203252383817835,"a₂":-8.87909530776319,"b₁":9.210340371976185}},"5":{"<":{"γ":-9.178349292243306,"b₂":-9.210340371976182,"λ₁":1.3030525704743532,"λ₂":-8.726388187853807,"a₁":3.1044848249559394,"a₂":0.023539328221442446,"b₁":1.3828474413305507},"^":{"γ":-9.210340371976182,"b₂":-9.210340371976182,"λ₁":-9.210340371976182,"λ₂":-9.210340371976182,"a₁":-9.210340371976182,"a₂":9.210340371976185,"b₁":-9.210340371976182},">":{"γ":-1.6411497664660173,"b₂":-9.208424699283878,"λ₁":-9.208332346884122,"λ₂":-9.208566032653563,"a₁":-9.20804874468042,"a₂":-9.208058161480167,"b₁":-9.208162240168294}},"1":{"<":{"γ":-9.208756830364544,"b₂":-9.208500394483826,"λ₁":9.21005203418776,"λ₂":1.9013333503921608,"a₁":9.210200203119259,"a₂":-4.142200443204654,"b₁":9.209991175052911},"^":{"γ":-9.210340371976182,"b₂":9.210340371976185,"λ₁":-9.210340371976182,"λ₂":9.210340371976185,"a₁":9.210340371976185,"a₂":-9.210340371976182,"b₁":9.210340371976185},">":{"γ":-4.5735006600615895,"b₂":0.23363274073667384,"λ₁":3.9551168051126435,"λ₂":1.838218980317743,"a₁":3.097209908647798,"a₂":-0.09623281223910496,"b₁":2.6968653933386175}}},"pair0097":{"4":{"<":{"γ":-9.204988117561376,"b₂":-9.198058232053656,"λ₁":6.3922268553340285,"λ₂":3.9835110860445724,"a₁":0.2940783869104635,"a₂":-9.183833723347226,"b₁":-1.3152361800621586},"^":{"γ":-0.9392982952105644,"b₂":-5.4839743616395555,"λ₁":-1.0746706886387045,"λ₂":-0.5650762856551861,"a₁":8.809449008967947,"a₂":-4.137967718688008,"b₁":8.240808324347297},">":{"γ":-2.79986896011302,"b₂":-4.405157675566516,"λ₁":-4.049190764666244,"λ₂":-2.037858808052107,"a₁":-2.045173282261948,"a₂":-2.588458935078,"b₁":-5.722447528081702}},"2":{"<":{"γ":3.3897366806978653,"b₂":0.5077967181270537,"λ₁":5.133331784269059,"λ₂":0.612289756981129,"a₁":-0.07112232247461314,"a₂":1.6037882040251148,"b₁":-0.09118730686316923},"^":{"γ":9.210340371976185,"b₂":3.411196197576242,"λ₁":1.1366571134994903,"λ₂":0.05027866724698882,"a₁":0.2800570057433802,"a₂":-9.210340371976182,"b₁":-0.44937893783029637},">":{"γ":-9.208643814186559,"b₂":0.9911300370705067,"λ₁":9.031431252549813,"λ₂":2.571450069154139,"a₁":-1.359794894578525,"a₂":-0.31393987924689526,"b₁":-2.2498349876022274}},"3":{"<":{"γ":-7.657840281507724,"b₂":1.4617683452677745,"λ₁":9.210340371976185,"λ₂":3.30414800675295,"a₁":-0.5756525286833529,"a₂":-0.18079080056486774,"b₁":-1.6393191487320182},"^":{"γ":9.210340371976185,"b₂":9.191836074904215,"λ₁":9.210340371976185,"λ₂":9.210340371976185,"a₁":9.210340371976182,"a₂":-9.210340371976182,"b₁":9.21022130879224},">":{"γ":9.180346198619619,"b₂":7.409023999792884,"λ₁":2.980951335184022,"λ₂":4.535449687839513,"a₁":0.6030089731637371,"a₂":7.416039054332925,"b₁":-1.6845989104855148}},"5":{"<":{"γ":-4.311868983649206,"b₂":-9.210340371976182,"λ₁":6.553934375185472,"λ₂":3.9138787614122297,"a₁":-3.281183174331904,"a₂":-1.0779473523421448,"b₁":-0.230496803681703},"^":{"γ":-1.5412528828688012,"b₂":0.32292489127479307,"λ₁":0.827947624729271,"λ₂":-0.42631235572187975,"a₁":-0.054664300592556,"a₂":-1.2284870591324228,"b₁":-1.117125094782498},">":{"γ":-9.20440393155107,"b₂":-9.210340371976182,"λ₁":9.203069264513205,"λ₂":8.766064610683886,"a₁":9.190934492541642,"a₂":-1.0997100076468467,"b₁":9.200343405524693}},"1":{"<":{"γ":-6.750610578550452,"b₂":-3.282941473587173,"λ₁":9.210042158643668,"λ₂":2.54057926608321,"a₁":-0.27882575629191386,"a₂":-1.268406601361253,"b₁":-0.9481779846588889},"^":{"γ":-9.210340371976182,"b₂":-9.210340371976182,"λ₁":9.210340371976185,"λ₂":9.210340371976185,"a₁":9.210340371976182,"a₂":-9.210340371976182,"b₁":9.210340371976185},">":{"γ":-6.2599922653860105,"b₂":-0.2691593907665979,"λ₁":9.035776987211596,"λ₂":2.5224880275950774,"a₁":0.19597819462984134,"a₂":0.19938840340787145,"b₁":-1.8184208574847078}}},"pair0098":{"4":{"<":{"γ":-9.203233971222097,"b₂":-9.210340371976182,"λ₁":9.210340371976182,"λ₂":-4.070133842776739,"a₁":1.7306781198583696,"a₂":-2.7596220350587544,"b₁":2.2921228966816596},"^":{"γ":9.210340371976185,"b₂":-9.210340371976182,"λ₁":-0.13708415831858822,"λ₂":-9.210340371976182,"a₁":0.3040442532592884,"a₂":9.210340371976185,"b₁":-1.7474299738590542},">":{"γ":0.0,"b₂":0.0,"λ₁":0.0,"λ₂":0.0,"a₁":0.0,"a₂":0.0,"b₁":0.0}},"2":{"<":{"γ":-0.3226049182669044,"b₂":-0.44626367240502063,"λ₁":-1.0917139465016206,"λ₂":-0.8046723533306412,"a₁":0.15226577602573776,"a₂":2.260857073237327,"b₁":-0.3414076475272516},"^":{"γ":0.9432350236761753,"b₂":-3.97832730894421,"λ₁":-0.9531468839346555,"λ₂":-0.9718005473441256,"a₁":0.5580842647515798,"a₂":9.210340371976185,"b₁":-0.6041962029566097},">":{"γ":0.22657813172049934,"b₂":-3.670462917312041,"λ₁":-1.3214137899787435,"λ₂":-0.9777649460092661,"a₁":-0.138231790234979,"a₂":-0.26514605624715415,"b₁":-2.982540206105787}},"3":{"<":{"γ":-7.796728529850892,"b₂":-8.246602125881639,"λ₁":9.210340371976182,"λ₂":-1.8458856857275903,"a₁":0.05357344150078802,"a₂":-4.496248158360336,"b₁":0.7504134928337507},"^":{"γ":0.0,"b₂":0.0,"λ₁":0.0,"λ₂":0.0,"a₁":0.0,"a₂":0.0,"b₁":0.0},">":{"γ":-9.210340371976182,"b₂":-0.34829314976911796,"λ₁":9.210340371976185,"λ₂":-1.4726639308105849,"a₁":-1.1721396390611787,"a₂":1.6853539502081212,"b₁":-0.452604237576816}},"5":{"<":{"γ":-1.2128657307540402,"b₂":-4.033152853705629,"λ₁":-0.6850790129707782,"λ₂":-1.7038402780813025,"a₁":-0.8540282532446568,"a₂":0.20994448311921765,"b₁":-0.5311940516304396},"^":{"γ":1.9183467122576427,"b₂":4.692891252741644,"λ₁":-2.832419018246516,"λ₂":-3.0421531352726046,"a₁":0.3961996576485092,"a₂":-9.210340371976182,"b₁":-2.793745877911534},">":{"γ":-3.4267127534118664,"b₂":-1.3303324469875646,"λ₁":0.025347298554981634,"λ₂":-1.0946822302308767,"a₁":-4.16815385254822,"a₂":-0.012735662408625004,"b₁":-0.9363606800636379}},"1":{"<":{"γ":7.933205090102392,"b₂":-4.732161043997188,"λ₁":5.5570006164700825,"λ₂":-1.194504310025959,"a₁":-0.4693606314660599,"a₂":-1.1411109873887604,"b₁":-0.6324388606917246},"^":{"γ":-9.206337751013445,"b₂":9.184028760399178,"λ₁":9.200507544970167,"λ₂":9.176669285060365,"a₁":1.7962697998852306,"a₂":4.64698887577017,"b₁":1.7399813941939826},">":{"γ":-1.7898096120483382,"b₂":-5.583135362004002,"λ₁":8.634024377704181,"λ₂":-2.57049220928599,"a₁":0.16625378004780167,"a₂":-2.2175704350424024,"b₁":-0.3817388918486486}}},"pair0096":{"4":{"<":{"γ":0.1697305786713379,"b₂":-0.3318070262106545,"λ₁":-0.8798834009635623,"λ₂":0.39415611779415904,"a₁":0.04312155389219541,"a₂":0.2939904224788954,"b₁":-1.2738043953374696},"^":{"γ":-0.05917269376261558,"b₂":1.3310375785957724,