{"parameters":{"pair0099":{"<":{"γ":1.672544844815354,"b₂":-9.210340371976182,"λ₁":-9.210340371976182,"λ₂":-9.194269238507083,"a₁":-9.198880557726978,"a₂":-8.108672693888318,"b₁":-9.210340371976182},"^":{"γ":-9.210340371976182,"b₂":0.2632757650759707,"λ₁":9.210340371976185,"λ₂":-9.210340371976182,"a₁":-9.210340371976182,"a₂":-9.210340371976182,"b₁":-9.210340371976182},">":{"γ":-9.20892731455407,"b₂":-9.208796958611613,"λ₁":-9.210340371976182,"λ₂":-9.210340371976182,"a₁":9.210340371976185,"a₂":-5.956972566648533,"b₁":9.210165415224568}},"pair0097":{"<":{"γ":1.951026642490211,"b₂":2.0729272585796714,"λ₁":8.529948322268519,"λ₂":2.1103416347359403,"a₁":-3.128411361820442,"a₂":2.5090378698674165,"b₁":-9.203652687844338},"^":{"γ":3.8179970691175367,"b₂":-0.019646826018833607,"λ₁":0.10042223114132476,"λ₂":-0.0007477136462537004,"a₁":-0.001975242447876724,"a₂":0.023912889407137428,"b₁":0.010438007405127792},">":{"γ":-9.20882545680461,"b₂":9.210119969022047,"λ₁":9.209871148286412,"λ₂":5.432875559388007,"a₁":9.210069769809047,"a₂":9.209994562361574,"b₁":9.209889350755246}},"pair0098":{"<":{"γ":2.190305581642189,"b₂":-3.863113119139409,"λ₁":-0.5933088026704691,"λ₂":-1.420137439161402,"a₁":1.8388983303680764,"a₂":-0.7193512581468973,"b₁":0.14999677521873345},"^":{"γ":9.21028289427124,"b₂":2.6321074434045464,"λ₁":-1.3840013439261298,"λ₂":-1.7225657717708174,"a₁":0.6540242743945068,"a₂":9.209958624443312,"b₁":-1.9292536093041077},">":{"γ":2.2033302255612615,"b₂":-3.285104805150545,"λ₁":4.345115278380831,"λ₂":-1.199791655244164,"a₁":-1.1178933731625769,"a₂":0.21451159103084905,"b₁":-1.5155694290151809}},"pair0096":{"<":{"γ":-0.07817670590960368,"b₂":-0.6101481397329511,"λ₁":-2.189398348002123,"λ₂":-0.9370328840750233,"a₁":-0.12837739687248906,"a₂":0.9692294419782659,"b₁":0.4637507552428346},"^":{"γ":0.1787320793914322,"b₂":1.0630751423102627,"λ₁":-2.5070523498269663,"λ₂":-1.6137763067765203,"a₁":-0.0311993127952217,"a₂":8.589949383387134,"b₁":-1.691983271952462},">":{"γ":0.1304117628644672,"b₂":-0.1661587811618137,"λ₁":-1.0837493182812867,"λ₂":0.32855202410132733,"a₁":-0.0314137083625905,"a₂":0.004719609984856987,"b₁":-0.8741643851555185}},"pair0100":{"<":{"γ":1.4490159965764757,"b₂":-2.1023717977339524,"λ₁":-0.2472274513172934,"λ₂":0.4813263123037572,"a₁":0.07919601042499202,"a₂":0.0146290991372382,"b₁":-0.11673103329382606},"^":{"γ":0.9265929025630513,"b₂":3.2563153390478075,"λ₁":-6.661921613816519,"λ₂":-4.220328871230292,"a₁":-0.9529465635498244,"a₂":0.11079962856295289,"b₁":-9.210340371976182},">":{"γ":8.38739012034801,"b₂":0.7161544636501826,"λ₁":1.4673625731353894,"λ₂":0.17205919796876223,"a₁":0.4407767980440358,"a₂":1.5975243591818646,"b₁":0.4585000350894912}}}}