{"likelihoods":{"pair0095":{"<":2554.3945325162026,">":2570.3683483174227,"^":2578.707403447631},"pair0027":{"<":-744.7169322427122,">":-780.4358915332192,"^":-758.0230133064236},"pair0007":{"<":1413.2484084163264,">":2334.234003388302,"^":2441.595561605371},"pair0084":{"<":487.4010711294301,">":506.605224297489,"^":1630.9298964772308},"pair0064":{"<":269.6231846291419,">":287.4482171008818,"^":231.99658689214453},"pair0058":{"<":506.25889140037077,">":507.11248883238983,"^":507.4151254579347},"pair0062":{"<":518.9279652650818,">":518.9279652650818,"^":517.0028656555425},"pair0034":{"<":356.1799033202897,">":402.25297959675356,"^":460.0384610922839},"pair0085":{"<":2454.7758326800463,">":2486.0338193939842,"^":2522.7971718363615},"pair0051":{"<":1010.3968119492197,">":1001.4490782474911,"^":1006.0757460790202},"pair0031":{"<":2821.158807606692,">":2808.0391310322802,"^":2788.038431784164},"pair0079":{"<":1455.393591026382,">":1464.6667587312045,"^":1502.1341981320447},"pair0018":{"<":506.97462227019156,">":518.41864023441,"^":541.257633375088},"pair0068":{"<":-1802.2970296621752,">":-2007.604762523476,"^":-1961.4894828396937},"pair0039":{"<":923.1788819341912,">":917.1409481772395,"^":907.3739865284323},"pair0006":{"<":2280.9446466377417,">":2387.231671204832,"^":1973.8307919936265},"pair0056":{"<":495.0851854170417,">":491.7358474767102,"^":493.6115476803471},"pair0041":{"<":1930.4218216891984,">":1944.5630906846116,"^":1929.7926371471158},"pair0032":{"<":-617.1457743954567,">":-426.50818546588124,"^":-408.1377649823428},"pair0015":{"<":802.2039685279394,">":807.8148534957046,"^":806.8843261008128},"pair0060":{"<":517.1368226840889,">":514.2217089336796,"^":513.3107938428731},"pair0036":{"<":492.86913873357224,">":471.49009935499737,"^":455.8186863848433},"pair0017":{"<":1096.5034572018117,">":1091.8613270783092,"^":1025.0659390494484},"pair0004":{"<":892.6483880694159,">":898.8220260914859,"^":891.1002743359551},"pair0026":{"<":120.24346693770747,">":186.52462453009022,"^":91.40312126047324},"pair0087":{"<":-493.2305021020192,">":-773.7576877002383,"^":-705.7034239558136},"pair0090":{"<":356.0921149615179,">":354.83357143036056,"^":358.9746083049783},"pair0028":{"<":2313.545834598871,">":2683.7957966559843,"^":2555.5770158718146},"pair0045":{"<":1464.8281444687584,">":1492.9252384150197,"^":1714.0868218670507},"pair0063":{"<":518.2761248391913,">":516.8607851369455,"^":514.0414106597856},"pair0088":{"<":663.0087420589334,">":670.7328557164046,"^":660.4482259656751},"pair0038":{"<":1917.8868014541572,">":1928.1806671699371,"^":1927.4417461004944},"pair0099":{"<":2164.796515891952,">":2216.826157358238,"^":2194.5990611910534},"pair0033":{"<":379.23554597513566,">":291.04319360123924,"^":419.67448197940996},"pair0046":{"<":1470.0756193776256,">":1497.4337994439393,"^":1540.725895053578},"pair0077":{"<":2415.7522924174077,">":2418.5133713757477,"^":2401.4952427256458},"pair0013":{"<":728.3400667232444,">":729.168859417908,"^":726.0599243487408},"pair0002":{"<":722.4585530113415,">":690.1126236971224,"^":712.3613699563606},"pair0061":{"<":518.2650822413631,">":517.8607507504012,"^":518.4051949405816},"pair0075":{"<":299.5451004604314,">":295.59505344779836,"^":210.29758361548164},"pair0074":{"<":285.3039136681977,">":257.6748890570045,"^":268.519868013321},"pair0035":{"<":506.02979301806806,">":473.25249743857603,"^":456.80130070137096},"pair0040":{"<":1848.8778887439137,">":1870.3716390007814,"^":1855.434770681004},"pair0011":{"<":2417.753884382003,">":1801.7607920451162,"^":2420.899237802329},"pair0014":{"<":799.80800011719,">":807.1966434558354,"^":810.8033941412658},"pair0012":{"<":2282.0606687242926,">":2280.4613761491223,"^":2244.0117824188537},"pair0093":{"<":821.9681783692336,">":829.4270505204414,"^":874.0093789863628},"pair0021":{"<":896.2496548808281,">":900.6877717883847,"^":883.2278115159382},"pair0022":{"<":1195.1778061319403,">":1049.603270026128,"^":978.4393749337864},"pair0094":{"<":2654.195639951264,">":2665.8385394551733,"^":2652.6999007130967},"pair0080":{"<":1324.540655332543,">":1312.7441840681238,"^":1284.5237558102845},"pair0083":{"<":669.0851433589726,">":671.8258100733707,"^":680.8588757551744},"pair0049":{"<":907.5257447443437,">":908.7764895719473,"^":907.0227756104732},"pair0057":{"<":501.50595075438207,">":501.28560254012626,"^":502.0384899484844},"pair0047":{"<":-805.5135711686137,">":-691.8928871738718,"^":-717.6076129679024},"pair0048":{"<":455.05966394001075,">":451.3774933816995,"^":450.38120751150734},"pair0029":{"<":705.1387713434287,">":678.4427661504016,"^":697.282620535601},"pair0097":{"<":564.7564846107097,">":567.2374195124376,"^":569.1337580042533},"pair0020":{"<":851.1655168522518,">":850.2222288522569,"^":861.1135540528483},"pair0024":{"<":1243.7911667038588,">":1240.4977104051543,"^":1251.1842438261892},"pair0025":{"<":2643.0914501729794,">":2642.820741150047,"^":2643.6557713741654},"pair0081":{"<":908.1361716389347,">":912.4910051253211,"^":928.2297138145132},"pair0098":{"<":146.4057504559965,">":144.91398339304408,"^":178.5792311672261},"pair0009":{"<":2125.0050431104564,">":2356.3713879187217,"^":2037.7658161133718},"pair0096":{"<":2367.3974253515958,">":2365.2927360010867,"^":2372.978486725819},"pair0001":{"<":628.258113794119,">":622.784949369512,"^":629.0818797631787},"pair0010":{"<":2328.2086303636956,">":2277.9077419721652,"^":2382.6032697476626},"pair0050":{"<":912.7143154116608,">":911.9742223528822,"^":920.0954964172796},"pair0003":{"<":925.2784302715007,">":917.3813501881228,"^":906.6263985611055},"pair0069":{"<":2293.996311397304,">":2274.9720703472135,"^":2618.274404531883},"pair0005":{"<":1594.4768866546447,">":1661.5852425345113,"^":2110.06813009945},"pair0016":{"<":930.4569179749036,">":932.1649045502712,"^":943.2669907355665},"pair0037":{"<":390.4045824084666,">":370.02880244393265,"^":319.4825386566432},"pair0089":{"<":346.8560773989219,">":346.93526390135696,"^":354.10573556745635},"pair0091":{"<":313.81114292485853,">":303.9724540179886,"^":308.9261590714382},"pair0070":{"<":-4223.016664023975,">":-3819.7993367816393,"^":-3887.251346075554},"pair0100":{"<":525.2898208389482,">":525.9712486025476,"^":524.5237912857898},"pair0073":{"<":380.43229667665827,">":431.45855821273454,"^":608.604406437028},"pair0023":{"<":1181.7683887670714,">":1184.1358339503006,"^":1210.1500876327839},"pair0043":{"<":-22.531949086906884,">":65.90995341023729,"^":913.7155763670463},"pair0042":{"<":2211.9682083470657,">":2215.8184220371936,"^":2274.111353052667},"pair0078":{"<":1292.6173434235848,">":1305.9273578561726,"^":1354.6898260643814},"pair0067":{"<":2328.021144025765,">":2367.474382163097,"^":2473.1278934686047},"pair0065":{"<":2472.9248476211515,">":2475.949040097464,"^":2500.2500782594093},"pair0019":{"<":332.2441854084076,">":328.8842200486654,"^":324.62050669239704},"pair0076":{"<":738.8648043740012,">":740.6259272287865,"^":777.8641126075543},"pair0082":{"<":814.2029573822939,">":824.0824802510756,"^":806.5869854640686},"pair0072":{"<":2631.671123985624,">":2608.362541643646,"^":2643.170457948648},"pair0008":{"<":1791.6792190941192,">":1914.3134683756327,"^":1975.3105556793405},"pair0066":{"<":2116.07654068493,">":2246.8353303660097,"^":2326.603390492263},"pair0092":{"<":278.7034294915634,">":272.38647172235807,"^":272.5293995355577},"pair0059":{"<":511.00625658174516,">":511.03623296493953,"^":505.40000388615357},"pair0030":{"<":2747.27181747721,">":2774.551929286578,"^":2755.6962231853563},"pair0044":{"<":-1278.253896684714,">":-1154.1949062026972,"^":-178.35863176333638},"pair0086":{"<":1540.7955253319117,">":1603.245525752833,"^":1615.7916804808517}}}