{"params":{"P":100,"m₂":0.0,"b₁":0.00010293303568627677,"name":"m_1_k_3","seed_no":101,"M":4,"λ₁":0.08990640604217123,"a₂":2.8424785446257452,"b₂":0.17140867106611055,"Rs":[1,2,3,4,5],"T_max":1000,"m₁":0.0,"γ":12.157998159389487,"a₁":1.2679462402736705,"λ₂":2624.1769024352698,"EPOCHS":200,"tr_acc":-0.826625173731406}}