{"params":{"P":100,"m₂":0.0,"b₁":1.5019732046733831,"name":"m_1_k_2","seed_no":101,"M":4,"λ₁":0.38903596728539896,"a₂":0.02828871591678645,"b₂":0.008846404617625626,"Rs":[1,2,3,4,5],"T_max":1000,"m₁":0.0,"γ":12.89717771389314,"a₁":36.68013346728078,"λ₂":0.6575457972370685,"EPOCHS":200,"tr_acc":-0.8543551583036633}}