{"params":{"P":100,"m₂":0.0,"b₁":0.00010106204487612249,"name":"m_1_k_1","seed_no":101,"M":4,"λ₁":0.00045198844021830724,"a₂":0.00010000000000000009,"b₂":0.00010000000000000009,"Rs":[1,2,3,4,5],"T_max":1000,"m₁":0.0,"γ":0.00010049555001433207,"a₁":0.00010036145248165686,"λ₂":0.00028717414354638166,"EPOCHS":200,"tr_acc":-0.7764115560060821}}