{"likelihoods":{"pair0034":{"4":{"<":123.62780082164971,"^":310.85528845226145,">":41.619463513901756},"2":{"<":290.6054122609777,"^":310.18992637585785,">":294.49792012375684},"3":{"<":843.5096259704404,"^":280.4741088077042,">":398.47042129094456},"5":{"<":-100.29040122052079,"^":25.823400907399378,">":193.46365450887043},"1":{"<":983.6566311083548,"^":978.0681050868991,">":986.8667280601492}},"pair0035":{"4":{"<":266.0572662712026,"^":283.3918637042355,">":-154.30248147158295},"2":{"<":302.71232678629366,"^":297.49211418767516,">":339.60256281289116},"3":{"<":253.60371684328254,"^":193.4268684325021,">":259.9246733173487},"5":{"<":61.93952794571167,"^":254.12288545162008,">":123.43701876128767},"1":{"<":980.9133711710215,"^":978.6964114384238,">":983.838011614901}},"pair0033":{"4":{"<":203.90666943223354,"^":124.90587326385433,">":188.70003092105202},"2":{"<":333.9511872935637,"^":310.49223091854674,">":292.98738571028065},"3":{"<":334.2836266744841,"^":270.5641384936567,">":312.133982311732},"5":{"<":64.21180109261756,"^":40.81938152501847,">":116.80929458360941},"1":{"<":976.9463417203056,"^":985.7969608467489,">":975.4195679645121}},"pair0036":{"4":{"<":84.52447674299117,"^":213.9318097936753,">":294.16609785678617},"2":{"<":442.072420256234,"^":302.55660344960864,">":880.6959615028119},"3":{"<":248.3166701091666,"^":282.47202732639334,">":232.60543880634765},"5":{"<":40.90425458591597,"^":340.6876013946514,">":232.28243289900485},"1":{"<":977.8799199006662,"^":983.0788365907985,">":983.3779483780536}},"pair0031":{"4":{"<":2901.8980872903094,"^":2840.7935885929783,">":2893.4310233945203},"2":{"<":2905.108961053394,"^":2894.557129874604,">":2905.3805469348445},"3":{"<":2891.989155788685,"^":2881.174781542802,">":2896.5545409931983},"5":{"<":2903.3835310382187,"^":2922.4573291609713,">":2895.679772110161},"1":{"<":2920.2573019860806,"^":2932.390820075829,">":2914.595077698005}},"pair0037":{"4":{"<":175.01830876367427,"^":140.19310153682204,">":719.8327818278068},"2":{"<":284.14631841175384,"^":329.8928968538941,">":311.25125017057917},"3":{"<":345.23450097268983,"^":175.9746894497189,">":501.6864579652672},"5":{"<":197.6222785708517,"^":-20.0849174603222,">":70.99885302353799},"1":{"<":977.5907825201282,"^":989.0450248568092,">":972.3647101279639}},"pair0038":{"4":{"<":1920.3238873802993,"^":1945.4783039180388,">":1946.590665581425},"2":{"<":1973.7371607838354,"^":1985.7761634278468,">":1981.221399820921},"3":{"<":1942.5825752155624,"^":1939.165134085213,">":1943.837502112636},"5":{"<":1943.3391830987937,"^":1935.288922551195,">":1951.0568140081118},"1":{"<":2149.7293528164264,"^":2147.2739676009155,">":2149.5268154749683}},"pair0039":{"4":{"<":927.2903388886598,"^":906.8370453565693,">":931.9980331807495},"2":{"<":954.2091990816631,"^":951.4752403521455,">":951.686287010458},"3":{"<":925.7602780948131,"^":919.3550089856703,">":915.3893655658085},"5":{"<":942.521288045195,"^":0.0,">":927.4161900862235},"1":{"<":1119.4775103029933,"^":1117.122945282238,">":1121.7648731706586}},"pair0040":{"4":{"<":1870.2873385387804,"^":1843.302910048463,">":1888.8539333966373},"2":{"<":1893.3855474836428,"^":1883.6193404985017,">":1896.5444975120263},"3":{"<":1852.630033569415,"^":1866.4551661141343,">":1869.0011001266453},"5":{"<":1914.9638104004769,"^":1837.3113212308554,">":1895.5993624106263},"1":{"<":2053.163956039336,"^":2085.4123654856467,">":2051.1759246302317}},"pair0032":{"4":{"<":-1031.221705814826,"^":-953.7218416129798,">":-897.7307864140463},"2":{"<":2077.4247983307805,"^":2158.2408569001814,">":2075.482703307251},"3":{"<":1927.021108926834,"^":-894.8643845029661,">":-951.5745055295948},"5":{"<":-1728.0213030659113,"^":-1772.5484686805744,">":-1526.170105677139},"1":{"<":2751.6536031743913,"^":2931.052698746428,">":2753.998131953164}}}}