{"parameters":{"pair0085":{"<":{"γ":-2.276036051506974,"b₂":-9.210340371976182,"λ₁":7.703495212861332,"λ₂":-9.210340371976182,"a₁":-0.41098425607120426,"a₂":-0.7429515067226173,"b₁":1.3387201043533015},"^":{"γ":-9.208637639237436,"b₂":0.4429721674344229,"λ₁":-9.209131929622108,"λ₂":9.20968076189605,"a₁":-1.1995516808335918,"a₂":-9.210340371976182,"b₁":-9.209473454525595},">":{"γ":-2.4164112296920415,"b₂":-9.210340371976182,"λ₁":-9.210340371976182,"λ₂":5.746739746498124,"a₁":-3.9385917663568817,"a₂":-9.210340371976182,"b₁":-9.210340371976182}},"pair0082":{"<":{"γ":0.021548834760443114,"b₂":-1.8228771566018551,"λ₁":-0.2772805308213204,"λ₂":-0.030084969630161496,"a₁":-0.4279297955148156,"a₂":0.39637456765812473,"b₁":-2.6146908709992616},"^":{"γ":9.210340371976185,"b₂":9.171197084795674,"λ₁":-1.4266677626051063,"λ₂":-2.3628001248713897,"a₁":0.11323151678105425,"a₂":-9.082879922957188,"b₁":-1.9120028084735443},">":{"γ":1.5335510165946324,"b₂":-1.3461871971734718,"λ₁":-3.715319828559065,"λ₂":-2.512185907044863,"a₁":0.5942505312851445,"a₂":0.5581240638444207,"b₁":-1.0996921249248643}},"pair0083":{"<":{"γ":1.3200710484392886,"b₂":-2.269445601382219,"λ₁":-4.354752686474552,"λ₂":-0.239302894594708,"a₁":-1.0911692751154458,"a₂":-0.2671414253918325,"b₁":-5.919998246758238},"^":{"γ":9.210340371976185,"b₂":-9.210340371976182,"λ₁":-2.029899171252424,"λ₂":-3.6977762089290236,"a₁":-0.27995707053146823,"a₂":9.210340371976185,"b₁":-3.5211556162575848},">":{"γ":0.16716545871976507,"b₂":-3.805129960451187,"λ₁":0.24070294136189574,"λ₂":-2.043000583441123,"a₁":0.10729800828973879,"a₂":-0.5276276053162938,"b₁":-1.5039121159749929}},"pair0084":{"<":{"γ":-1.8103740281314717,"b₂":-4.320448681050244,"λ₁":1.2872560628960095,"λ₂":-2.5735312327135214,"a₁":0.01055449801715369,"a₂":-0.8736489101901999,"b₁":-0.08138561526164345},"^":{"γ":8.987108991961373,"b₂":6.54654655936517,"λ₁":-1.8726700509870904,"λ₂":-2.5541434428364065,"a₁":-1.712804284310578,"a₂":7.557174139323751,"b₁":-5.0889267593826535},">":{"γ":-2.651422927486479,"b₂":-9.204675986759076,"λ₁":8.257432286272342,"λ₂":-2.900156491223102,"a₁":-9.205343199173974,"a₂":-4.3024036987439995,"b₁":-4.6035056661950575}},"pair0081":{"<":{"γ":-0.4193479302100602,"b₂":-0.13601910438843845,"λ₁":9.210340371976185,"λ₂":0.12280738940884461,"a₁":-0.5036912545859185,"a₂":0.12154944907650567,"b₁":0.22200210174023027},"^":{"γ":9.210340371976185,"b₂":9.210340371976185,"λ₁":-2.1753297364925643,"λ₂":-0.25155106602155186,"a₁":-0.30918241465781193,"a₂":-9.210340371976182,"b₁":-2.0635546283832307},">":{"γ":-2.264696895931128,"b₂":-0.953470192406062,"λ₁":1.0123867723011752,"λ₂":0.3359309772764778,"a₁":-0.0010963015445195623,"a₂":-1.316262664581461,"b₁":0.21427409248448903}}}}