{"likelihoods":{"pair0070":{"<":-3900.4463194616787,"^":-3467.819493044193,">":-4172.1237690767075},"pair0074":{"<":310.46997626873366,"^":259.2784827545697,">":298.924331559641},"pair0066":{"<":2202.032942158344,"^":2289.2244740990336,">":2134.789257687169},"pair0068":{"<":-2005.3551680326207,"^":-1872.4838336277796,">":-1955.2311213099251},"pair0069":{"<":2661.2839047080474,"^":2667.3206584460627,">":2661.283904708046},"pair0075":{"<":210.91856319424812,"^":248.39515548418692,">":247.02887408524353},"pair0073":{"<":407.25674010658724,"^":445.6552813044397,">":366.06807456419153},"pair0067":{"<":2386.4449803980415,"^":2473.146314158064,">":2256.8254860040056},"pair0072":{"<":2612.966673206368,"^":2578.427514558685,">":2608.932822423296},"pair0065":{"<":2525.6005984761637,"^":2552.455590472511,">":2418.459968305941}}}