{"parameters":{"pair0070":{"<":{"γ":-8.788503018472317,"b₂":4.002462841940336,"λ₁":-9.210340371976182,"λ₂":-2.7971635937690733,"a₁":-6.054085296128976,"a₂":4.472424659508125,"b₁":-9.210340371976182},"^":{"γ":-6.47688692774197,"b₂":-0.7351864184210193,"λ₁":-9.209953552917558,"λ₂":-9.197620917952426,"a₁":3.8514695933960947,"a₂":-1.8414526113237493,"b₁":-9.193796824144867},">":{"γ":3.0570319982864405,"b₂":-0.9387985405185777,"λ₁":-9.210340371976182,"λ₂":2.7236008254701787,"a₁":9.209740907813126,"a₂":0.02762859809726237,"b₁":-4.9833650696418}},"pair0074":{"<":{"γ":2.2522937799624714,"b₂":-9.198317720100613,"λ₁":-8.089667334512505,"λ₂":-3.6399408390322696,"a₁":-4.029605311365626,"a₂":-9.19549671103015,"b₁":-9.210061078106142},"^":{"γ":9.210340371976185,"b₂":-9.210340371976182,"λ₁":-3.777070014216238,"λ₂":-1.6898264002752486,"a₁":-0.6037897568610138,"a₂":-9.210340371976182,"b₁":-5.4442875635979755},">":{"γ":9.202804112004705,"b₂":-9.191514855184357,"λ₁":0.11158475297675885,"λ₂":-2.9467892192692027,"a₁":0.6106992651448131,"a₂":-5.200821293150725,"b₁":0.6153113261752257}},"pair0066":{"<":{"γ":-0.6888325721512096,"b₂":-0.01915165610240166,"λ₁":3.4405710011937956,"λ₂":-0.1992865688675156,"a₁":0.018841554845606012,"a₂":0.04612247671014025,"b₁":-0.10100195414589663},"^":{"γ":0.06907033457186174,"b₂":0.18605664199550098,"λ₁":-0.8291380989115673,"λ₂":0.04941390625561759,"a₁":-0.45184767444102647,"a₂":-0.19578668099231855,"b₁":-1.654096848718571},">":{"γ":-6.882825958668913,"b₂":-4.383325447823769,"λ₁":4.109882144358217,"λ₂":1.5310211686118365,"a₁":-0.09452306763810903,"a₂":-9.210340371976182,"b₁":-8.239863791698124}},"pair0068":{"<":{"γ":-5.618039919515596,"b₂":-9.208608827602093,"λ₁":-2.6918745470313548,"λ₂":-9.170655515055987,"a₁":-1.5376914943330684,"a₂":-1.6717667179927362,"b₁":-7.131977676645483},"^":{"γ":-0.5195032470375658,"b₂":-7.0471337742482465,"λ₁":-4.384909599642507,"λ₂":-2.659903658345212,"a₁":-1.073772186283163,"a₂":3.3063552510165195,"b₁":-9.205227745403723},">":{"γ":-2.3406517188337865,"b₂":-9.208719342692971,"λ₁":-5.780917909390535,"λ₂":-4.330130775773005,"a₁":-0.5581708368150426,"a₂":-6.1542342190564545,"b₁":-3.600823082230381}},"pair0069":{"<":{"γ":1.7763568394002505e-15,"b₂":1.7763568394002505e-15,"λ₁":1.7763568394002505e-15,"λ₂":1.7763568394002505e-15,"a₁":1.7763568394002505e-15,"a₂":1.7763568394002505e-15,"b₁":1.7763568394002505e-15},"^":{"γ":9.043799106684974,"b₂":1.731295692905352,"λ₁":-0.724981482857693,"λ₂":-0.16013527794634186,"a₁":-0.1882119993185256,"a₂":-0.7899149054962482,"b₁":-1.5682877811557567},">":{"γ":1.7763568394002505e-15,"b₂":1.7763568394002505e-15,"λ₁":1.7763568394002505e-15,"λ₂":1.7763568394002505e-15,"a₁":1.7763568394002505e-15,"a₂":1.7763568394002505e-15,"b₁":1.7763568394002505e-15}},"pair0075":{"<":{"γ":7.702057971412684,"b₂":-9.209315980734752,"λ₁":-5.376878140132694,"λ₂":-3.6564958105236007,"a₁":-1.920690925371428,"a₂":-2.3732906069585757,"b₁":-9.1492560436917},"^":{"γ":-9.200708529858245,"b₂":7.1514394203240546,"λ₁":-5.522797394970905,"λ₂":-9.177755018988737,"a₁":-0.42547152142376987,"a₂":9.153081643242876,"b₁":-9.207799838676003},">":{"γ":5.5083012409278,"b₂":-8.772671528940705,"λ₁":-5.203663567017885,"λ₂":-3.3436365338913774,"a₁":-3.4617565974885416,"a₂":-9.113697532798746,"b₁":-9.210340371976182}},"pair0073":{"<":{"γ":9.210340371976185,"b₂":-9.210340371976182,"λ₁":-9.210340371976182,"λ₂":-9.210340371976182,"a₁":-9.210340371976182,"a₂":-9.210340371976182,"b₁":-9.210340371976182},"^":{"γ":0.09570290736866838,"b₂":9.054195500619501,"λ₁":-3.379231166557493,"λ₂":-9.210340371976182,"a₁":-2.909510802216987,"a₂":1.9751260781415372,"b₁":-4.1700759710577575},">":{"γ":8.829893093877727,"b₂":-9.208787801133612,"λ₁":-4.602428793386181,"λ₂":-1.9696077559150025,"a₁":0.20322113845084466,"a₂":-9.208807092674713,"b₁":-9.208400670844592}},"pair0067":{"<":{"γ":0.33798630659749485,"b₂":-5.868130605035024,"λ₁":0.2884017669973762,"λ₂":-0.2774096928076535,"a₁":0.3045911300086228,"a₂":1.0046361944015274,"b₁":0.55251234449109},"^":{"γ":0.22043150879246554,"b₂":3.6595295557632923,"λ₁":-1.4269446236725427,"λ₂":-0.7674451090043704,"a₁":0.05028434403858206,"a₂":1.627989854562701,"b₁":-0.4732028714620977},">":{"γ":-3.2736521052447554,"b₂":-9.210340371976182,"λ₁":3.870412517331822,"λ₂":-3.116260686496723,"a₁":-4.3021008271424055,"a₂":-4.4998795703742775,"b₁":-5.128825864063799}},"pair0072":{"<":{"γ":-0.12675965984968052,"b₂":-0.9204623423394942,"λ₁":1.1198761011034755,"λ₂":-0.23773043028906038,"a₁":0.15122172217817642,"a₂":1.1599675576952997,"b₁":-0.6054401873024293},"^":{"γ":6.494653688105485,"b₂":-9.210340371976182,"λ₁":-1.9242099540707889,"λ₂":-0.8771875181307429,"a₁":-0.1921855616241288,"a₂":9.19742257855273,"b₁":-3.031553676948465},">":{"γ":-4.032016216361213,"b₂":-3.858487678575141,"λ₁":2.1857496151013205,"λ₂":-0.7234210667069991,"a₁":2.9431477393728382,"a₂":-1.6110480870368722,"b₁":2.9695400891122876}},"pair0065":{"<":{"γ":-0.47553344970445544,"b₂":-0.3907311577751038,"λ₁":2.6698175982524557,"λ₂":1.5998274737072133,"a₁":0.567644624973136,"a₂":0.8362397447615084,"b₁":-0.4989322960193743},"^":{"γ":0.1537547656324474,"b₂":-0.5570937715813162,"λ₁":-0.03802360548013617,"λ₂":-0.06570668883586528,"a₁":0.09471206968511758,"a₂":-1.4346056588883025,"b₁":-0.8525331222174781},">":{"γ":-1.814153982158329,"b₂":-4.6962760111739605,"λ₁":0.24172101500646725,"λ₂":0.9580463170242481,"a₁":0.31190873779568307,"a₂":0.4107153871815772,"b₁":0.38292052893869233}}}}