{"likelihoods":{"pair0012":{"4":{"<":11350.20630007258,"^":11431.993326690867,">":11360.523730189907},"2":{"<":12312.401896208612,"^":12643.61833038494,">":12312.419721900795},"3":{"<":11635.290736745083,"^":11867.036802452407,">":11636.999135884016},"5":{"<":11185.132693412206,"^":11266.75183844833,">":11185.167050688311},"1":{"<":13946.198259514005,"^":0.0,">":13950.73147958834}},"pair0015":{"4":{"<":810.2406033341736,"^":808.6854227115048,">":805.4317835989922},"2":{"<":807.0375414362987,"^":0.0,">":807.1685071304903},"3":{"<":803.0794681458588,"^":841.9719298400662,">":818.9276239756422},"5":{"<":821.0649907842181,"^":0.0,">":815.9891065803798},"1":{"<":885.0376406551869,"^":1111.506411345969,">":884.2907032322648}},"pair0017":{"4":{"<":4061.219208823975,"^":4033.038870567097,">":4062.2190802735777},"2":{"<":6489.890873337253,"^":6514.547404769473,">":6475.4809199013425},"3":{"<":4636.023677287241,"^":4641.961631937572,">":4622.438347375694},"5":{"<":3656.8810458790763,"^":3607.2215221029965,">":3622.1220228567454},"1":{"<":14134.73093817686,"^":14189.01392403891,">":14128.487319679585}},"pair0016":{"4":{"<":942.1738192934303,"^":943.1328519832922,">":940.5594237995058},"2":{"<":935.3063369006676,"^":0.0,">":931.3902908246309},"3":{"<":940.5692707575599,"^":948.9776953761661,">":936.9959921146697},"5":{"<":941.9838180748699,"^":0.0,">":946.950519068795},"1":{"<":1000.3015734315877,"^":1117.394967669416,">":1000.3015734315877}},"pair0020":{"4":{"<":849.0737350896834,"^":890.2510817611802,">":850.5996521881565},"2":{"<":877.2131976253165,"^":900.806813314647,">":882.9512216891385},"3":{"<":855.9373169994707,"^":885.8455627998645,">":855.3455748423781},"5":{"<":849.6970873886845,"^":858.1879994532952,">":858.6209320115793},"1":{"<":976.5051911806792,"^":989.4706761914748,">":981.9308779208654}},"pair0011":{"4":{"<":9885.505769222966,"^":10072.324736025954,">":9889.801843411107},"2":{"<":10345.12597059384,"^":10893.125260028954,">":10344.212854767202},"3":{"<":9958.813617015972,"^":10328.842520629933,">":0.0},"5":{"<":9840.079188926182,"^":9925.182785843792,">":9585.17254485687},"1":{"<":10920.747525265137,"^":11860.805138673577,">":10924.386224033922}},"pair0013":{"4":{"<":728.9094921530216,"^":733.6654901168207,">":744.0850553762114},"2":{"<":744.0759866158278,"^":815.9679508015511,">":749.1659314811772},"3":{"<":738.6057447528119,"^":771.8027046178546,">":734.9251586383808},"5":{"<":743.0619613575444,"^":724.4697074504468,">":734.388531935553},"1":{"<":904.190476060617,"^":1116.890114775959,">":901.335105752312}},"pair0018":{"4":{"<":522.1519030397835,"^":542.0439026907421,">":528.0240695825183},"2":{"<":549.3947143704427,"^":650.9953554220629,">":546.256113927177},"3":{"<":536.8777146389608,"^":581.6201302704648,">":533.5246539590927},"5":{"<":541.0408163065616,"^":554.564974824072,">":540.8402445299035},"1":{"<":721.9446951246383,"^":0.0,">":717.8696621598999}},"pair0019":{"4":{"<":329.850164265015,"^":323.33401812585583,">":327.9280635080555},"2":{"<":0.0,"^":0.0,">":331.34616702173},"3":{"<":333.740091813007,"^":321.6086355110855,">":322.2754537343455},"5":{"<":346.0353389952251,"^":320.67499262956215,">":344.56106602675504},"1":{"<":418.7310221432606,"^":554.1503762811894,">":418.7303294350988}},"pair0014":{"4":{"<":819.2838026788751,"^":0.0,">":802.983971310374},"2":{"<":804.8289183163455,"^":901.0361551636921,">":0.0},"3":{"<":812.8966958433701,"^":823.4821189001577,">":815.8860513635118},"5":{"<":813.0265611977131,"^":820.7245042518423,">":816.6988492619845},"1":{"<":905.0846767999456,"^":1111.5056474125527,">":904.190376165166}}}}