{"likelihoods":{"pair0061":{"4":{"<":527.7955635828757,"^":545.2662887430554,">":528.0884978016948},"2":{"<":515.5377934975714,"^":539.6834172469047,">":517.1183594876865},"3":{"<":521.3657227176702,"^":519.5573552975369,">":524.4203407647383},"5":{"<":528.651071343314,"^":527.1212129216563,">":542.8448780700545},"1":{"<":543.8614966018398,"^":549.0531002781028,">":544.8526863445547}},"pair0058":{"4":{"<":525.4336527853118,"^":516.9006435451836,">":516.1898301971592},"2":{"<":504.6073774861714,"^":0.0,">":501.8465453529328},"3":{"<":514.4385437614869,"^":508.81711967668747,">":511.15744350232615},"5":{"<":523.1036577910445,"^":519.5547776056558,">":529.5414215117328},"1":{"<":537.4636396465816,"^":548.4843612173236,">":538.847860512655}},"pair0060":{"4":{"<":521.7360464047462,"^":516.9736180938842,">":520.6440557117048},"2":{"<":517.7796072855153,"^":515.0095111510805,">":517.1979636964813},"3":{"<":523.9858121219934,"^":515.8743290086459,">":517.4034278757483},"5":{"<":539.3184356902786,"^":521.2139325802776,">":546.303547364371},"1":{"<":0.0,"^":543.8726844781997,">":540.1419756765772}},"pair0062":{"4":{"<":539.8912182129324,"^":524.4314972617842,">":524.7816688983473},"2":{"<":517.2534540694164,"^":519.0108424547352,">":517.3888005326019},"3":{"<":523.2050677768051,"^":526.1932228657723,">":525.9946605616587},"5":{"<":535.1365104251839,"^":522.4788573567175,">":534.5775052215483},"1":{"<":541.2325442968324,"^":547.7748549813635,">":543.8788747092927}},"pair0063":{"4":{"<":537.0171817196085,"^":518.3844565266176,">":536.8738757083058},"2":{"<":519.1914065570535,"^":515.0589975337963,">":516.1046266349794},"3":{"<":526.0547232397354,"^":0.0,">":523.6905922069236},"5":{"<":541.3998296059626,"^":525.5663043324174,">":527.9665154452729},"1":{"<":541.6962828004405,"^":548.2213634614233,">":539.5051082086693}},"pair0051":{"4":{"<":1018.5922908273144,"^":1011.0215859880384,">":1012.5148967724014},"2":{"<":1004.8250569374377,"^":1005.7644562022416,">":1008.8966129865598},"3":{"<":1013.813736911695,"^":1014.87675912676,">":1016.0424330462529},"5":{"<":1021.8777459068477,"^":1010.2116659627698,">":1021.6886762072338},"1":{"<":1021.6135806627966,"^":1043.3382851754031,">":1018.0287698584214}},"pair0059":{"4":{"<":523.9325979566509,"^":508.9737152491602,">":528.205581536253},"2":{"<":511.03623296492543,"^":508.7622753189537,">":509.6844379762849},"3":{"<":519.8282526502749,"^":514.1159850744378,">":519.8282526502754},"5":{"<":517.8107653848459,"^":506.0682427268841,">":527.7704932603582},"1":{"<":537.6761476124485,"^":543.8706347441497,">":541.8982476902014}},"pair0057":{"4":{"<":516.1847173229675,"^":509.08439026116207,">":513.7636070471882},"2":{"<":502.94416628494605,"^":506.98215140237403,">":506.2547650911722},"3":{"<":507.1376475755931,"^":508.1467335895177,">":512.1196148377138},"5":{"<":517.9650288873025,"^":519.2141361565139,">":516.8021058080772},"1":{"<":541.5363615834503,"^":543.8736428602193,">":539.3612967711833}},"pair0056":{"4":{"<":504.14705414998343,"^":502.2436089102143,">":498.75491310600273},"2":{"<":0.0,"^":496.930900673483,">":492.82446166013426},"3":{"<":533.2977442611315,"^":494.0184292586308,">":504.6083753793513},"5":{"<":502.47010952482157,"^":504.58955869983726,">":501.6403983445144},"1":{"<":535.0382634335592,"^":552.1536430150394,">":534.7640835417545}},"pair0064":{"4":{"<":271.5623649111082,"^":207.56695124638432,">":329.07442227067213},"2":{"<":305.15101012034694,"^":324.64458825361646,">":311.6811417190115},"3":{"<":304.42858182580227,"^":268.57041088720064,">":283.8525706830167},"5":{"<":293.94544822103404,"^":188.9478598969218,">":237.54039858814446},"1":{"<":389.74655113735133,"^":465.60133029928534,">":389.396503725729}}}}