{"likelihoods":{"pair0095":{"4":{"<":2580.3009974920883,"^":2574.5867311830084,">":2563.6091228347436},"2":{"<":2682.9780252649507,"^":2735.3229840529193,">":2682.9780252649493},"3":{"<":2593.3880435647625,"^":2640.388460186779,">":2596.9642159793907},"5":{"<":2560.404302333084,"^":2580.0709493285995,">":2623.530195883776},"1":{"<":2825.965501872464,"^":2841.8649499615194,">":2824.8018402185553}},"pair0092":{"4":{"<":296.3003527003111,"^":283.4272917210716,">":295.5061606626223},"2":{"<":306.60039010853086,"^":325.925989851376,">":332.01140666770203},"3":{"<":275.0374220403367,"^":300.30791766066017,">":265.7042239366971},"5":{"<":288.6573713525984,"^":279.896158203135,">":312.8047785337471},"1":{"<":320.41572788619555,"^":424.68122967077414,">":320.76381881713735}},"pair0093":{"4":{"<":835.5184564928977,"^":870.8207353278048,">":820.7577041470582},"2":{"<":822.8129513835661,"^":0.0,">":829.1237234484147},"3":{"<":823.989970101627,"^":960.5844603557601,">":816.796744755993},"5":{"<":842.8640028454294,"^":860.0840523370163,">":832.1657335980681},"1":{"<":878.0647477499432,"^":1236.1989084252423,">":879.0401909191237}},"pair0094":{"4":{"<":2610.312882560857,"^":2639.381587247875,">":2589.288340564519},"2":{"<":2707.706485878223,"^":2744.428349386471,">":2711.0622880883648},"3":{"<":2634.054299531188,"^":2651.5633162431936,">":2640.7846753890085},"5":{"<":2595.873839606848,"^":2616.6740499090424,">":2615.2300748055436},"1":{"<":2809.571784890364,"^":2837.1259964099104,">":2809.7702104841096}},"pair0091":{"4":{"<":341.20461476613565,"^":315.6950623555169,">":320.052833567072},"2":{"<":324.10752808141024,"^":308.19890883430844,">":318.50109552277803},"3":{"<":323.34712184383017,"^":314.2148355932024,">":328.91418596647827},"5":{"<":349.1348035672797,"^":322.4318726899246,">":332.23499967281487},"1":{"<":361.56532453462194,"^":424.8830175706243,">":362.224220435317}}}}