{"parameters":{"pair0095":{"4":{"<":{"γ":0.0,"b₂":0.0,"λ₁":0.0,"λ₂":0.0,"a₁":0.0,"a₂":0.0,"b₁":0.0},"^":{"γ":-0.003969953363819556,"b₂":1.1863190088169695,"λ₁":-0.48848519430654136,"λ₂":-1.5999507754260307,"a₁":-0.11077469217345204,"a₂":-0.07214182552617565,"b₁":-1.4006205573964365},">":{"γ":-0.07498411192177734,"b₂":-0.18398491701976916,"λ₁":-2.8013285664669176,"λ₂":-0.5405488207880484,"a₁":-0.12444764305092626,"a₂":-0.11477275832579181,"b₁":-3.1287518271910653}},"2":{"<":{"γ":0.0,"b₂":0.0,"λ₁":0.0,"λ₂":0.0,"a₁":0.0,"a₂":0.0,"b₁":0.0},"^":{"γ":1.3452817234731942,"b₂":10.465681129658446,"λ₁":-2.360087707698659,"λ₂":1.385228430139163,"a₁":0.03850391054358404,"a₂":1.4442249228628619,"b₁":-1.6635470031745356},">":{"γ":0.0,"b₂":0.0,"λ₁":0.0,"λ₂":0.0,"a₁":0.0,"a₂":0.0,"b₁":0.0}},"3":{"<":{"γ":0.0,"b₂":0.0,"λ₁":0.0,"λ₂":0.0,"a₁":0.0,"a₂":0.0,"b₁":0.0},"^":{"γ":0.0,"b₂":0.0,"λ₁":0.0,"λ₂":0.0,"a₁":0.0,"a₂":0.0,"b₁":0.0},">":{"γ":0.008637600739517026,"b₂":-10.297939903818271,"λ₁":-0.03709287291635022,"λ₂":-0.7558503779299333,"a₁":0.10238141258973954,"a₂":-2.863123609304557,"b₁":0.07575557921466114}},"5":{"<":{"γ":-1.191219177119672,"b₂":-0.8833657088473572,"λ₁":-1.398067676212083,"λ₂":-0.2068468398864809,"a₁":-0.09583890678881168,"a₂":-0.19337354505736037,"b₁":-0.9004937248933143},"^":{"γ":-1.626700512919438,"b₂":-0.43459108020837967,"λ₁":-0.1917704846539099,"λ₂":-0.10026069376391611,"a₁":-0.047926671191161674,"a₂":4.735600008078503,"b₁":-1.1587989251244988},">":{"γ":-9.210340371976182,"b₂":0.0,"λ₁":0.0,"λ₂":0.0,"a₁":0.0,"a₂":0.0,"b₁":0.0}},"1":{"<":{"γ":-0.034226584155938156,"b₂":0.2161564505915763,"λ₁":0.15114062547369045,"λ₂":3.615143751554047,"a₁":0.19139645745742406,"a₂":0.21128296900617194,"b₁":-0.015590029145347017},"^":{"γ":-13.812725647531144,"b₂":13.81498185517983,"λ₁":13.815330097914796,"λ₂":13.814833199768639,"a₁":1.2871515473180075,"a₂":-10.633724769638857,"b₁":1.33039866687065},">":{"γ":7.823769037709983,"b₂":0.412081816535526,"λ₁":10.854586050807917,"λ₂":1.8104500414982656,"a₁":-0.09703414792900666,"a₂":0.042093758477168564,"b₁":0.46776147204348106}}},"pair0092":{"4":{"<":{"γ":-2.5012072290031657,"b₂":-5.481187522068026,"λ₁":-13.815510557964274,"λ₂":-2.457268665901836,"a₁":-1.4934622283234074,"a₂":-0.08729777609808309,"b₁":-13.815510557964274},"^":{"γ":6.918075281600661,"b₂":0.1606041405024783,"λ₁":-2.0830313753063106,"λ₂":-3.206051640495099,"a₁":-0.7631602536163964,"a₂":0.46276783660354326,"b₁":-4.376875107979773},">":{"γ":-0.32651147085094223,"b₂":-1.5277240063712565,"λ₁":1.2481637669541996,"λ₂":-2.0002406993217274,"a₁":0.1278451100988658,"a₂":-0.2387031811077165,"b₁":-0.6565372640109111}},"2":{"<":{"γ":-0.10166384678054285,"b₂":-0.22148536755330817,"λ₁":-0.8904202719530492,"λ₂":-0.8964046806467234,"a₁":-0.20955030327933244,"a₂":0.5949716109284751,"b₁":-0.43892263915705776},"^":{"γ":-0.5513888349462981,"b₂":0.17613153083250133,"λ₁":-1.7427783509063186,"λ₂":-0.7955726424644407,"a₁":0.2568355774095661,"a₂":-0.8445638022008115,"b₁":-1.4908564921421519},">":{"γ":0.921514584360084,"b₂":-13.60483482125706,"λ₁":-6.3857867830210395,"λ₂":-3.7359796206407374,"a₁":5.052237951515998,"a₂":-1.9637621409249242,"b₁":5.834275306193131}},"3":{"<":{"γ":8.269620279859634,"b₂":-0.048529079445675194,"λ₁":-1.8521578330946902,"λ₂":-1.9238439700595737,"a₁":-0.897882009239515,"a₂":2.8734527985570573,"b₁":-4.565821538242684},"^":{"γ":5.223827802788772,"b₂":-13.815510557964274,"λ₁":-1.6795602612914262,"λ₂":-3.83765144806973,"a₁":-1.216081077580414,"a₂":13.815510557964274,"b₁":-13.815510557964274},">":{"γ":6.054445553757681,"b₂":-3.2538486714856703,"λ₁":-1.452390378807877,"λ₂":-3.177884041572291,"a₁":-0.21163602540250537,"a₂":0.2431584964892064,"b₁":-1.219558868279588}},"5":{"<":{"γ":-0.5701722505818072,"b₂":-2.3071104409684597,"λ₁":0.7520982181450577,"λ₂":-2.74220167632183,"a₁":0.7885164920624046,"a₂":1.2812660205962008,"b₁":0.2649462665105897},"^":{"γ":1.1968620927077094,"b₂":-8.037638291538876,"λ₁":-1.1327516918303573,"λ₂":-3.621268731834393,"a₁":-0.7337925008785788,"a₂":13.767749040568855,"b₁":-5.868974001049687},">":{"γ":1.6679107376029698,"b₂":-0.566475676790068,"λ₁":-0.656644373851675,"λ₂":-0.08811838002595529,"a₁":-0.2456285057232872,"a₂":0.2583449257310697,"b₁":-0.7877991293741022}},"1":{"<":{"γ":13.542175515154753,"b₂":-0.000696044074786073,"λ₁":10.875764969546061,"λ₂":-0.10659602472197172,"a₁":0.02362329406923891,"a₂":0.015732767454826657,"b₁":0.06957994580266735},"^":{"γ":-13.813744448881438,"b₂":2.5178339771343445,"λ₁":13.815233734045236,"λ₂":13.814943114959618,"a₁":13.815510557964274,"a₂":13.815481750489205,"b₁":13.814930344950682},">":{"γ":13.815510557964274,"b₂":-0.01849972721692339,"λ₁":7.7738013067912135,"λ₂":-1.7499819832985342,"a₁":-1.049024555403653,"a₂":0.7567619797512339,"b₁":-0.05013356833475058}}},"pair0093":{"4":{"<":{"γ":0.046806919913349176,"b₂":-1.7528818569000073,"λ₁":-0.05329552410523597,"λ₂":-0.03422651810983801,"a₁":-1.3406253302555342,"a₂":0.05692032963061244,"b₁":-13.440561179533224},"^":{"γ":0.7743134458671204,"b₂":-13.815510557964274,"λ₁":-1.7157899114562571,"λ₂":-1.7861776539241827,"a₁":0.017977795793305162,"a₂":13.811084745157306,"b₁":-1.9905514882918922},">":{"γ":0.020459026078103904,"b₂":-1.5826436164839368,"λ₁":1.0649703687021201,"λ₂":-1.3697943325412751,"a₁":0.4915972832771818,"a₂":0.6523407069992242,"b₁":-0.1184086148253467}},"2":{"<":{"γ":-0.40968079912768474,"b₂":-1.0055218748438435,"λ₁":1.160564314285022,"λ₂":-0.6194281191852191,"a₁":0.1679343100298052,"a₂":-0.01891808080429591,"b₁":0.028576315338705527},"^":{"γ":0.0,"b₂":0.0,"λ₁":0.0,"λ₂":0.0,"a₁":0.0,"a₂":0.0,"b₁":0.0},">":{"γ":0.034539630012599076,"b₂":-6.837504771525708,"λ₁":-0.00574156919465274,"λ₂":0.006659106517435731,"a₁":-0.060497760691635705,"a₂":0.020001016528942372,"b₁":-0.0016274186173586003}},"3":{"<":{"γ":-0.07552275194049862,"b₂":-0.5626963636947835,"λ₁":-1.3063833968546223,"λ₂":-0.8713966523820389,"a₁":0.7040857336310022,"a₂":0.007739841121912505,"b₁":0.8463562256622854},"^":{"γ":0.297728646993642,"b₂":-13.815510557964274,"λ₁":-0.378492640072567,"λ₂":-0.4669720212992985,"a₁":0.3315661870071356,"a₂":-2.523163011867629,"b₁":-0.7229318485511929},">":{"γ":-0.3686054884699601,"b₂":-2.917904446976314,"λ₁":-0.08461818130540344,"λ₂":-0.1424126265152843,"a₁":0.13465887599171467,"a₂":-1.3708236052973692,"b₁":0.23903758874667602}},"5":{"<":{"γ":-6.360904118036426,"b₂":-0.5162790854817079,"λ₁":-0.20588161147727213,"λ₂":0.03230621636253872,"a₁":-3.037215395962848,"a₂":0.061535110859567865,"b₁":0.2746201408145037},"^":{"γ":0.9218358138875988,"b₂":-10.777381481295015,"λ₁":-4.569423625199226,"λ₂":-3.0723414874321264,"a₁":-3.3557542067452726,"a₂":12.19025099655568,"b₁":-8.95817154488017},">":{"γ":-0.21615281888732518,"b₂":-6.888309101440145,"λ₁":-0.14575484023641572,"λ₂":-1.291702768149534,"a₁":-0.8803559360034097,"a₂":-2.4831951778114956,"b₁":-0.6635968940286521}},"1":{"<":{"γ":2.191210369135696,"b₂":-0.9135651333202084,"λ₁":1.0900914981066467,"λ₂":0.030082425368792798,"a₁":-0.9655073971131731,"a₂":0.5600227524293899,"b₁":-0.9522186583254424},"^":{"γ":-0.0609055110919261,"b₂":0.9325127514001537,"λ₁":-0.48156891388801526,"λ₂":1.2420727325893601,"a₁":-0.0002043843890309205,"a₂":0.9516033930869359,"b₁":0.05013091707830952},">":{"γ":-0.5716565822892772,"b₂":-3.658342298136862,"λ₁":0.3033102710028377,"λ₂":0.21393460898413785,"a₁":-0.01304006783321121,"a₂":-0.17791012402150663,"b₁":-0.4679330182793837}}},"pair0094":{"4":{"<":{"γ":1.4134411384624297,"b₂":-2.612968619935952,"λ₁":-0.9492148804089258,"λ₂":-1.324710786839681,"a₁":0.0693493034726913,"a₂":0.3735769254096688,"b₁":-1.7840818866027561},"^":{"γ":13.815510557964274,"b₂":3.645885442472771,"λ₁":-1.9420690751896075,"λ₂":-5.589700862289002,"a₁":-2.428641689449014,"a₂":13.708743174521768,"b₁":-2.808880973508595},">":{"γ":-6.045260812180074,"b₂":-13.812672984544076,"λ₁":-13.812941973844708,"λ₂":4.433615313460255,"a₁":-13.812873710099975,"a₂":-6.1351278522011015,"b₁":-13.812386557407132}},"2":{"<":{"γ":0.9209319749814568,