{"likelihoods":{"pair0061":{"4":{"<":533.774005506658,"^":522.0418340540091,">":529.6896240164562},"2":{"<":522.5423272835012,"^":516.6808176983938,">":516.8183797975838},"3":{"<":521.5119154027715,"^":522.252720349652,">":524.9321073461756},"5":{"<":527.3003870866316,"^":527.3216724560309,">":529.1420495062873},"1":{"<":537.2781843761246,"^":547.9611568242738,">":542.0733449405069}},"pair0058":{"4":{"<":508.8492686173337,"^":504.61364821887395,">":536.730962104336},"2":{"<":500.9130076060925,"^":505.3140648645364,">":501.25441201042884},"3":{"<":509.0509776352834,"^":509.5448420057287,">":515.5004686636408},"5":{"<":516.3700742007618,"^":509.42191924439607,">":519.4468933602026},"1":{"<":532.2732624906969,"^":548.3872150894333,">":538.8630844855638}},"pair0060":{"4":{"<":522.8025310979277,"^":516.0078812130124,">":525.9263141773855},"2":{"<":515.627434191656,"^":514.8324770241035,">":514.4508400235817},"3":{"<":519.4148931607581,"^":514.252116081963,">":520.5217665650498},"5":{"<":522.038036846443,"^":520.14087077615,">":525.8109946714293},"1":{"<":534.1454887470971,"^":547.3631856899729,">":542.9210345844904}},"pair0062":{"4":{"<":530.9644242462261,"^":521.9097564320147,">":529.808213708388},"2":{"<":520.1110321702157,"^":516.6825061597089,">":517.9715260032253},"3":{"<":526.8558168961079,"^":520.069067279081,">":528.597632931872},"5":{"<":521.77164325842,"^":522.7363469690822,">":530.9973081802832},"1":{"<":539.8132362562593,"^":545.4707656377153,">":541.8047295309813}},"pair0063":{"4":{"<":522.9525969141026,"^":514.8546590934516,">":530.3443304796015},"2":{"<":516.1476142092959,"^":513.3293727850344,">":518.5241081481726},"3":{"<":520.6532917475531,"^":514.4365166739238,">":523.6982229550533},"5":{"<":535.2899214269289,"^":522.797668428094,">":528.669531457858},"1":{"<":532.6897570934867,"^":549.1631086488177,">":540.1214654419309}},"pair0051":{"4":{"<":1004.6113430446458,"^":1008.559925999831,">":1025.0481486103592},"2":{"<":1012.3832963285115,"^":1007.2205685932034,">":1000.9540351618765},"3":{"<":1000.272838073816,"^":1008.8689354178405,">":1017.747800802732},"5":{"<":1006.9545010381668,"^":1006.7055905205033,">":1016.2718028578881},"1":{"<":1018.5862070248891,"^":1034.8790468424568,">":1022.1346768352627}},"pair0059":{"4":{"<":511.47127380426343,"^":507.0825811255327,">":524.1007340948621},"2":{"<":507.05409264733487,"^":507.72964477849337,">":510.2271198095995},"3":{"<":507.99235870557766,"^":516.3433248953294,">":513.1917950564092},"5":{"<":517.7888913712695,"^":511.7176360329032,">":527.5474338806227},"1":{"<":527.8857347917118,"^":543.9013275040442,">":540.3260698838554}},"pair0057":{"4":{"<":510.1230416801007,"^":505.8034577451811,">":517.8532372898466},"2":{"<":501.0636946793128,"^":503.25020106897887,">":500.38949980493567},"3":{"<":502.2469369759919,"^":502.93588797235185,">":512.1092251587489},"5":{"<":515.6230707895575,"^":509.8917104831987,">":519.0600319085352},"1":{"<":529.069260167303,"^":548.2853002520296,">":541.1875687212507}},"pair0056":{"4":{"<":509.0546920987985,"^":497.9859370030049,">":506.7610118133398},"2":{"<":501.21880268980203,"^":495.63340246180366,">":492.93402252350546},"3":{"<":493.93480740771463,"^":494.50467573032086,">":499.6089507681408},"5":{"<":512.9694615340018,"^":499.76682498462196,">":504.0091613425686},"1":{"<":527.4162689322465,"^":543.8993035197144,">":532.9841465647871}},"pair0064":{"4":{"<":297.49979099556447,"^":232.66818553411667,">":319.1581232312908},"2":{"<":318.4529241152313,"^":331.2933131996192,">":306.4838305857722},"3":{"<":270.3130107051492,"^":267.3763774885919,">":276.5418382321951},"5":{"<":338.74107733814543,"^":258.94767959257223,">":297.6129958116412},"1":{"<":392.1179239637987,"^":463.25995581102717,">":388.16879787300576}}}}