{"likelihoods":{"pair0099":{"4":{"<":2735.6755352712476,"^":1615.1816239575578,">":2605.0493999172086},"2":{"<":2736.6982051342266,"^":2729.872207657011,">":2736.917645967495},"3":{"<":2714.146704366122,"^":2543.0409694947334,">":2714.6266178890305},"5":{"<":1898.1707590819658,"^":1408.8477130661631,">":1688.2760776098537},"1":{"<":2783.231085895157,"^":2843.0733899772367,">":2784.6654044249585}},"pair0097":{"4":{"<":571.6418992621685,"^":579.0464375524621,">":580.715878186625},"2":{"<":571.8998804601929,"^":572.4184995757375,">":578.7089066998221},"3":{"<":0.0,"^":576.1635152462619,">":571.4574401614335},"5":{"<":585.1209227813183,"^":544.1147276688604,">":534.8598084283988},"1":{"<":568.5133098408243,"^":575.7122938260485,">":568.5018084948965}},"pair0098":{"4":{"<":162.45051636709556,"^":181.96854126274877,">":162.67839455384342},"2":{"<":154.5523216384137,"^":214.94382474648685,">":148.3730228568861},"3":{"<":157.6540926108567,"^":195.84571177251883,">":149.26289613242164},"5":{"<":150.29325034751432,"^":187.4301982693063,">":153.46567952145494},"1":{"<":153.59974765352788,"^":269.5929068610093,">":149.21086812913623}},"pair0096":{"4":{"<":2408.2282960435828,"^":2442.828907965111,">":2439.98633092255},"2":{"<":2477.625813663618,"^":2630.1176409312193,">":2477.625813663619},"3":{"<":2408.7985559069507,"^":2492.608291152058,">":2407.200257022407},"5":{"<":2419.9378892444956,"^":2438.5803744763143,">":2439.814788166414},"1":{"<":2703.1412998384676,"^":2844.24885245427,">":2706.3099780698267}},"pair0100":{"4":{"<":538.2735192244276,"^":524.7126189501355,">":533.2793501830935},"2":{"<":523.6299179063028,"^":547.4836828500999,">":547.3083854556713},"3":{"<":532.3564905866954,"^":537.0012160149005,">":530.9614623904364},"5":{"<":535.2698847919968,"^":557.1868253828463,">":538.4585170741839},"1":{"<":529.2259798705308,"^":592.1166201053906,">":526.5589820001928}}}}