{"parameters":{"pair0099":{"4":{"<":{"γ":0.0,"b₂":0.0,"λ₁":0.0,"λ₂":0.0,"a₁":0.0,"a₂":0.0,"b₁":0.0},"^":{"γ":-0.4634618710324574,"b₂":5.117615267379975,"λ₁":13.172474674147068,"λ₂":-13.815510557964274,"a₁":-7.02122577645455,"a₂":-13.815510557964274,"b₁":-13.815510557964274},">":{"γ":-13.813973844639204,"b₂":-13.812548375359956,"λ₁":6.81030937516724,"λ₂":-13.813322312557368,"a₁":-0.062229504067561336,"a₂":-4.677093859649158,"b₁":-13.81318130954671}},"2":{"<":{"γ":0.368044952992026,"b₂":-0.13592610748223422,"λ₁":1.37495743832077,"λ₂":1.0792386614957312,"a₁":-0.24456141364643003,"a₂":0.8060611758918181,"b₁":-0.6882404403964095},"^":{"γ":0.7898433486734007,"b₂":13.81551055796427,"λ₁":1.2411531233517223,"λ₂":-0.10884916143228374,"a₁":0.053318321341157215,"a₂":-6.18805634159743,"b₁":-0.966055360061338},">":{"γ":3.1976354557454307,"b₂":-0.11086686064039064,"λ₁":-0.2952643495996963,"λ₂":0.7354607827670794,"a₁":-0.29173267618273435,"a₂":0.8610047762896471,"b₁":0.16783294309934327}},"3":{"<":{"γ":4.56522921136397,"b₂":-1.217185122227745,"λ₁":-1.442590519110448,"λ₂":0.33022084448758626,"a₁":-0.439096262698067,"a₂":0.16129025198356217,"b₁":-1.4356833762069954},"^":{"γ":0.48772039448144433,"b₂":-13.81382814417971,"λ₁":13.814477007903328,"λ₂":-13.812873422651482,"a₁":-0.9656103570596102,"a₂":13.81515819777329,"b₁":-13.81281053243822},">":{"γ":6.315586880879785,"b₂":-1.025412646663053,"λ₁":-1.3793517695553295,"λ₂":1.6438650533040011,"a₁":0.050839765304345974,"a₂":0.22173324009703776,"b₁":-0.2639959205479059}},"5":{"<":{"γ":-13.81281551469749,"b₂":-13.812939800684775,"λ₁":-4.231413382507855,"λ₂":-10.79290141533299,"a₁":-0.0685098775027253,"a₂":1.951630743413091e-5,"b₁":0.985989646958437},"^":{"γ":-13.813475574269466,"b₂":6.77638872298493,"λ₁":-3.818200794693144,"λ₂":-13.81410684874745,"a₁":-13.814047461172834,"a₂":13.815118643303926,"b₁":-13.812976557789971},">":{"γ":-10.779939903201065,"b₂":-13.815075426200497,"λ₁":0.5393796906621624,"λ₂":-13.80323221730379,"a₁":13.796831751208906,"a₂":-13.814919606396657,"b₁":13.771538378780637}},"1":{"<":{"γ":1.8827400716701792,"b₂":-0.2210304206500897,"λ₁":11.263778960640593,"λ₂":2.848966467356341,"a₁":0.024863968438738837,"a₂":-1.4365959922057243,"b₁":0.3071500504271967},"^":{"γ":-13.815503651218837,"b₂":13.775753937277148,"λ₁":13.815510557964274,"λ₂":13.815510557964274,"a₁":0.16917592895076616,"a₂":13.815510557964274,"b₁":0.0724151998104805},">":{"γ":6.717827334843307,"b₂":0.343956772151909,"λ₁":13.334452765986367,"λ₂":0.7804989312405812,"a₁":-0.6289721606304521,"a₂":0.6087794008487695,"b₁":-0.32037201099576684}}},"pair0097":{"4":{"<":{"γ":-8.160704620008243,"b₂":5.090938644077472,"λ₁":12.950765599496943,"λ₂":7.235463044404121,"a₁":-2.29530959660525,"a₂":5.175243988832008,"b₁":-11.005501486262572},"^":{"γ":-0.8790062758623165,"b₂":-0.013780458225626901,"λ₁":1.6142097687888288,"λ₂":0.9595282569830612,"a₁":0.00894609981787653,"a₂":0.0864682688113465,"b₁":-0.5814307312541516},">":{"γ":-0.25323559324742284,"b₂":0.48909197837058294,"λ₁":12.09184748904552,"λ₂":3.2773991992056963,"a₁":-0.6843821894350857,"a₂":-2.0622323429534983,"b₁":0.0392781294186495}},"2":{"<":{"γ":-0.43879433258440237,"b₂":-0.07601960754461246,"λ₁":12.88003984431209,"λ₂":3.332398526356311,"a₁":-2.413014288950464,"a₂":-0.3127546881441443,"b₁":-0.15496438097663479},"^":{"γ":13.815160042614828,"b₂":13.81464073636128,"λ₁":6.316518767408361,"λ₂":13.815083838312137,"a₁":13.815342622248703,"a₂":1.8055056004159145,"b₁":13.814825225248594},">":{"γ":0.09801309181418816,"b₂":0.20534034260028555,"λ₁":0.04619933357573025,"λ₂":-0.2419926397748231,"a₁":0.14271523722870683,"a₂":1.1830026708682997,"b₁":-0.7320266928606554}},"3":{"<":{"γ":0.0,"b₂":0.0,"λ₁":0.0,"λ₂":0.0,"a₁":0.0,"a₂":0.0,"b₁":0.0},"^":{"γ":-1.8537147741131719,"b₂":-0.7510248011806127,"λ₁":1.5866959724241028,"λ₂":-0.664248908274363,"a₁":0.24544675126321813,"a₂":0.4382372588593455,"b₁":0.22221767549426374},">":{"γ":-10.421679870888369,"b₂":0.8649384131706555,"λ₁":3.5084929760335157,"λ₂":3.8268851875360177,"a₁":-2.240912398204106,"a₂":-0.32383484678250163,"b₁":-11.436413756985786}},"5":{"<":{"γ":-2.0468047837181853,"b₂":-0.5845229394202462,"λ₁":4.8099538683608785,"λ₂":1.24442546122539,"a₁":-0.010673046530115471,"a₂":-0.8884504137951232,"b₁":0.7696156674386039},"^":{"γ":-5.044681798886215,"b₂":13.810474433810114,"λ₁":-13.785339423322137,"λ₂":13.784623251927965,"a₁":-1.6045142643834414,"a₂":8.846818018557066,"b₁":-13.78161044045818},">":{"γ":-11.851487554577373,"b₂":2.3640049892108905,"λ₁":-12.619277101585286,"λ₂":6.375240520901613,"a₁":-1.8304763682216922,"a₂":2.064506614184335,"b₁":-13.815510557964274}},"1":{"<":{"γ":0.8749646947799636,"b₂":0.10749871937015065,"λ₁":-0.013439102664229097,"λ₂":3.4401456204328653,"a₁":-0.32399719672345206,"a₂":-0.04715642657606267,"b₁":-0.17115867227478354},"^":{"γ":13.815510557964274,"b₂":13.815510557964274,"λ₁":13.815510557964274,"λ₂":13.81551055796427,"a₁":1.2807752430088346,"a₂":13.815510557964274,"b₁":1.1542755521211596},">":{"γ":-3.224658928799439,"b₂":-0.8186894916715417,"λ₁":-0.03835517649648601,"λ₂":3.234309243535293,"a₁":-0.10984619214797675,"a₂":-0.07286918750216209,"b₁":0.20664622893698414}}},"pair0098":{"4":{"<":{"γ":-13.815510557964274,"b₂":-8.773547391209739,"λ₁":13.815510557964274,"λ₂":0.03690408880192564,"a₁":4.4260235952989895,"a₂":-10.304303954130564,"b₁":4.738481046478331},"^":{"γ":3.796492825487025,"b₂":-5.272585966781191,"λ₁":-1.7639254012112406,"λ₂":-2.1780699691042855,"a₁":0.38409111976561405,"a₂":4.587320012898029,"b₁":-2.183262780035651},">":{"γ":-13.71611786691768,"b₂":-13.815510557964274,"λ₁":0.43753746104586533,"λ₂":0.058022237599709925,"a₁":13.815510557964274,"a₂":-10.067743006853483,"b₁":13.815510557964274}},"2":{"<":{"γ":-4.3997582264016675,"b₂":9.961641364001835,"λ₁":7.731858274307552,"λ₂":-4.568662560273008,"a₁":-5.582208213609977,"a₂":12.956739870875829,"b₁":-5.168685874464327},"^":{"γ":0.14750828263953153,"b₂":0.19157013092914887,"λ₁":-0.6490032075054408,"λ₂":-1.2784861524898599,"a₁":9.541895101009626,"a₂":-13.807906406446017,"b₁":8.40921292694015},">":{"γ":7.295520433290605,"b₂":-2.627719482972557,"λ₁":0.5660985093750721,"λ₂":-2.280287298541049,"a₁":0.1701427734411105,"a₂":1.0943766424664965,"b₁":0.9015361334224679}},"3":{"<":{"γ":-0.9536145938642822,"b₂":-1.4211596580137922,"λ₁":1.3070057848018877,"λ₂":-0.26228986999585224,"a₁":0.42396780141623225,"a₂":1.6270995603597083,"b₁":-0.23078019406056072},"^":{"γ":1.0211790399097236,"b₂":3.481060871952444,"λ₁":-1.3231768571322782,"λ₂":-2.9337629245737062,"a₁":9.659660250153962,"a₂":-6.924412812272655,"b₁":8.005766910933303},">":{"γ":-3.1113672593409003,"b₂":-2.3152892535387526,"λ₁":8.336406058565696,"λ₂":-2.126263390108262,"a₁":-0.28232388082239446,"a₂":0.440314480156097,"b₁":-1.391510332651869}},"5":{"<":{"γ":-8.017704102888267,"b₂":-1.1734471785215792,"λ₁":13.812176319787973,"λ₂":-1.2205032649919811,"a₁":-0.0887965858675841,"a₂":0.6542072937376737,"b₁":-0.4673977737429986},"^":{"γ":2.256132401398439,"b₂":-4.839452044318875,"λ₁":-2.5172748577438835,"λ₂":-2.1478421676155843,"a₁":-0.5852938560823144,"a₂":-13.814795502551467,"b₁":-2.388234091052192},">":{"γ":-13.815510557964274,"b₂":2.717061106954766,"λ₁":13.815510557964274,"λ₂":-2.163475125407089,"a₁":-7.319686191214777,"a₂":5.6280136001476535,"b₁":-13.815510557964274}},"1":{"<":{"γ":-0.5869929774237956,"b₂":-2.944630265818299,"λ₁":0.977921064411241,"λ₂":-0.0220963266695815,"a₁":-0.038949544760223276,"a₂":-0.22001795065098584,"b₁":0.03602512164109939},"^":{"γ":-13.815510557964274,"b₂":-13.815510557964274,"λ₁":13.815510557964274,"λ₂":13.81551055796427,"a₁":0.17728080480801545,"a₂":-13.815510557964274,"b₁":0.09130981999622101},">":{"γ":0.7563025191289423,"b₂":-1.660476428313597,"λ₁":5.892084482119543,"λ₂":-1.1124534294798991,"a₁":-0.5659687448416566,"a₂":-0.014025131422018333,"b₁":-0.5491038833977857}}},"pair0096":{"4":{"<":{"γ":-0.32760334390754764,"b₂":-2.048135833229928,"λ₁":-0.9297032750706293,"λ₂":0.9967284996205592,"a₁":-0.0595629664875954,