{"likelihoods":{"pair0082":{"<":817.0077369090912,"^":809.8307908424631,">":823.7150632448081}}}