{"parameters":{"pair0082":{"<":{"γ":7.902035417062468,"b₂":-1.5900634124961446,"λ₁":-1.579814869705828,"λ₂":0.504711446299277,"a₁":-0.024445778441519295,"a₂":-1.3369378638891032,"b₁":-1.1732896485281206},"^":{"γ":1.3328556632711912,"b₂":0.781045471022793,"λ₁":-1.3241735001566948,"λ₂":-2.1695237857085985,"a₁":-0.34562865367269424,"a₂":-6.032584973909639,"b₁":-2.4066937492236224},">":{"γ":1.8972190148846408,"b₂":-1.2224134948129048,"λ₁":-1.5023974336431998,"λ₂":0.34519450638481075,"a₁":-1.0509420683384842,"a₂":-0.5664601353233305,"b₁":-1.3056501070397353}}}}