{"likelihoods":{"pair0061":{"<":521.3183524826491,"^":519.4208368047362,">":519.82266690316}}}