{"parameters":{"pair0061":{"<":{"γ":3.374600710086888,"b₂":-0.000126227371357146,"λ₁":0.5902795571021109,"λ₂":-0.03167806143085272,"a₁":0.008215080414885279,"a₂":-0.009002494065908806,"b₁":-0.005567291364926064},"^":{"γ":0.7333388184561649,"b₂":-0.20791827380029915,"λ₁":0.1731325721422312,"λ₂":-0.6043791956849951,"a₁":0.0010548179292477755,"a₂":1.7231186522214053,"b₁":-0.9388625298199234},">":{"γ":-0.4216831553349287,"b₂":-0.08093095550605334,"λ₁":0.04396467006170113,"λ₂":-0.02637435910064312,"a₁":0.6056586611113506,"a₂":-0.011669015605734856,"b₁":0.40420629812086695}}}}