{"likelihoods":{"pair0034":{"4":{"<":311.68084019209954,"^":403.30730390165263,">":360.60329975317376},"2":{"<":298.34706848806974,"^":302.93537655668615,">":779.961925172493},"3":{"<":294.6022788351745,"^":300.4228747862532,">":280.9745931059171},"5":{"<":29.799114014126204,"^":105.69511265576624,">":87.66807549407005},"1":{"<":991.7859616988871,"^":985.4218870471027,">":987.2826133422715}},"pair0035":{"4":{"<":285.89665426629057,"^":240.7052782490967,">":253.2974298034597},"2":{"<":325.31589756463296,"^":300.43310827117017,">":301.74371362386665},"3":{"<":205.94740610649137,"^":193.35917426330863,">":290.02195798932},"5":{"<":332.5870811416915,"^":242.53288754090312,">":83.25423454059207},"1":{"<":982.4813645044353,"^":986.4358843576609,">":981.8882482616705}},"pair0033":{"4":{"<":350.8142333861804,"^":303.2171448496768,">":326.3230081759917},"2":{"<":325.85198357895945,"^":286.3757910891481,">":290.3065530115387},"3":{"<":287.378392330048,"^":278.7524027174141,">":313.4353753091883},"5":{"<":297.13057602895344,"^":21.82516087740004,">":57.09014363664662},"1":{"<":975.6169461394016,"^":978.0672558341491,">":981.4405948287746}},"pair0036":{"4":{"<":102.10244422736129,"^":212.18789411861692,">":780.4527475603503},"2":{"<":297.5906258306561,"^":301.611675308356,">":282.32345043808726},"3":{"<":231.00168529137125,"^":260.7804865891406,">":816.0720604583481},"5":{"<":36.17975172805612,"^":269.28007638896935,">":133.36936749933614},"1":{"<":980.7714258342664,"^":982.165645275294,">":982.7005639192729}},"pair0031":{"4":{"<":2818.250215615787,"^":2792.0875175289875,">":2828.9752497893232},"2":{"<":2814.630233716967,"^":2806.871281197001,">":2814.130285089301},"3":{"<":2801.8036590520755,"^":2800.3592314803695,">":2821.0743801632184},"5":{"<":2823.1291138431384,"^":2790.336626693236,">":2817.911366098094},"1":{"<":2834.456056432128,"^":2844.343650116006,">":0.0}},"pair0037":{"4":{"<":247.57294424836587,"^":216.48028680094563,">":719.5729540923717},"2":{"<":299.3763070230854,"^":786.471706425362,">":815.3179450488539},"3":{"<":360.2188774618302,"^":215.8733848077932,">":357.68225966358955},"5":{"<":0.0,"^":186.16980883833452,">":113.93441081227562},"1":{"<":973.0718128944376,"^":978.0681050894623,">":975.8243622651197}},"pair0038":{"4":{"<":1966.6885324857744,"^":1934.7099450473384,">":1978.0246590007864},"2":{"<":1985.213969160328,"^":1979.36514151057,">":1972.109362632023},"3":{"<":1927.971880610734,"^":1945.3162086816335,">":1939.4709505097076},"5":{"<":1991.106377517483,"^":1925.5993671850779,">":1891.6355561868359},"1":{"<":2149.0767846228214,"^":2160.0035016729694,">":2146.63052445166}},"pair0039":{"4":{"<":928.2120344126602,"^":910.786317461933,">":913.9760842772018},"2":{"<":952.7240659316345,"^":0.0,">":946.798889581589},"3":{"<":926.142052168889,"^":922.0903544863015,">":918.4143453656499},"5":{"<":923.102735628679,"^":911.4796006153323,">":998.5337624300972},"1":{"<":1123.5102072932423,"^":1122.4744886114015,">":1121.8299871557324}},"pair0040":{"4":{"<":1880.4844770450811,"^":1871.2874455465474,">":1851.8368567257378},"2":{"<":0.0,"^":1885.0414112944666,">":1887.059013816736},"3":{"<":1848.0925614937628,"^":1860.12554469566,">":1878.3100229907466},"5":{"<":1836.944242404684,"^":1840.7908253350072,">":1865.685024926479},"1":{"<":2047.864078387756,"^":2085.478928268756,">":2051.3125021563023}},"pair0032":{"4":{"<":-849.244686899105,"^":-928.2676243170196,">":-974.1351021484353},"2":{"<":2015.2476620663667,"^":2100.979965238272,">":2015.463698184417},"3":{"<":1883.8659875829464,"^":1946.114702995957,">":1901.1933790978383},"5":{"<":-1097.6472454631535,"^":-1297.101200068451,">":-1479.8683643863678},"1":{"<":2671.5373564072406,"^":2842.9693430604857,">":2676.1875928594472}}}}