{"likelihoods":{"pair0008":{"<":1854.2887155753278,"^":880.2851603488559,">":1138.3870085273736}}}