{"parameters":{"pair0008":{"<":{"γ":0.6500483280753286,"b₂":-9.232208343094953,"λ₁":0.02380993201737347,"λ₂":-0.011261146041485759,"a₁":0.02290318313239581,"a₂":-5.418946567806012,"b₁":-5.760764811126062},"^":{"γ":13.80694029750936,"b₂":-13.778507262585169,"λ₁":-13.715210570637513,"λ₂":0.9310954979577453,"a₁":-4.920328588986822,"a₂":-13.812765262020239,"b₁":-13.586559119286594},">":{"γ":-13.813325666192085,"b₂":-13.812854601711651,"λ₁":-13.813350635394881,"λ₂":13.815331524209945,"a₁":-13.813169659585153,"a₂":-1.4334446288680383,"b₁":-13.813112839113012}}}}