{"likelihoods":{"pair0031":{"<":2805.235639627317,"^":2719.2444936324,">":2799.1871638426774}}}