{"parameters":{"pair0031":{"<":{"γ":2.738958937966423,"b₂":0.39598174168023803,"λ₁":-0.9200547938792099,"λ₂":4.9348167806023575,"a₁":0.0027568896360499195,"a₂":0.48294637290602616,"b₁":-2.6418969174709357},"^":{"γ":-13.810586432834032,"b₂":9.051571958408182,"λ₁":-13.773080161547316,"λ₂":-4.602518516762343,"a₁":-1.9542648967084286,"a₂":-2.994508352011609,"b₁":-13.786134849237584},">":{"γ":0.5362843554586547,"b₂":-1.2296513771777544,"λ₁":-4.193226000023872,"λ₂":1.7480445572753673,"a₁":-0.12038338740808108,"a₂":-0.1613163901009269,"b₁":-2.8402225820540554}}}}